{
  "parent": "minecraft:item/handheld",
  "textures": {
    "layer0": "minecraft:item/diamond_sword"
  },
  "overrides": [
    {"predicate": {"custom_model_data": 1},"model": "item/diamond_sword/barriere"},
    {"predicate": {"custom_model_data": 2},"model": "item/diamond_sword/barrierstudio2"},
    {"predicate": {"custom_model_data": 3},"model": "item/diamond_sword/barrierstudio2_1"},
    {"predicate": {"custom_model_data": 4},"model": "item/diamond_sword/barrierstudio2_2"},
    {"predicate": {"custom_model_data": 5},"model": "item/diamond_sword/studiotheater"},
    {"predicate": {"custom_model_data": 6},"model": "item/diamond_sword/panneaustudio2"},
    {"predicate": {"custom_model_data": 7},"model": "item/diamond_sword/lumiere"},
    {"predicate": {"custom_model_data": 8},"model": "item/diamond_sword/lumiere_2"},
    {"predicate": {"custom_model_data": 9},"model": "item/diamond_sword/totthe"},
    {"predicate": {"custom_model_data": 10},"model": "item/diamond_sword/totho"},
    {"predicate": {"custom_model_data": 11},"model": "item/diamond_sword/totl"},
    {"predicate": {"custom_model_data": 12},"model": "item/diamond_sword/toty"},
    {"predicate": {"custom_model_data": 13},"model": "item/diamond_sword/totw"},
    {"predicate": {"custom_model_data": 14},"model": "item/diamond_sword/toto"},
    {"predicate": {"custom_model_data": 15},"model": "item/diamond_sword/totd"},
    {"predicate": {"custom_model_data": 16},"model": "item/diamond_sword/tott"},
    {"predicate": {"custom_model_data": 17},"model": "item/diamond_sword/tote"},
    {"predicate": {"custom_model_data": 18},"model": "item/diamond_sword/totr"},
    {"predicate": {"custom_model_data": 19},"model": "item/diamond_sword/totho2"},
    {"predicate": {"custom_model_data": 20},"model": "item/diamond_sword/tottel"},
    {"predicate": {"custom_model_data": 21},"model": "item/diamond_sword/neonbleu"},
    {"predicate": {"custom_model_data": 22},"model": "item/diamond_sword/web"},
    {"predicate": {"custom_model_data": 23},"model": "item/diamond_sword/web2"},
    {"predicate": {"custom_model_data": 24},"model": "item/diamond_sword/web3"},
    {"predicate": {"custom_model_data": 25},"model": "item/diamond_sword/barriercampus"},
    {"predicate": {"custom_model_data": 26},"model": "item/diamond_sword/oreillemickey"},
    {"predicate": {"custom_model_data": 27},"model": "item/diamond_sword/disneylandhotel"},
    {"predicate": {"custom_model_data": 28},"model": "item/diamond_sword/palissade"},
    {"predicate": {"custom_model_data": 29},"model": "item/diamond_sword/portic1"},
    {"predicate": {"custom_model_data": 30},"model": "item/diamond_sword/portic2"},
    {"predicate": {"custom_model_data": 31},"model": "item/diamond_sword/porteportic"},
    {"predicate": {"custom_model_data": 32},"model": "item/diamond_sword/barriere2"},
    {"predicate": {"custom_model_data": 33},"model": "item/diamond_sword/fleur"},
    {"predicate": {"custom_model_data": 34},"model": "item/diamond_sword/fenetre1"},
    {"predicate": {"custom_model_data": 35},"model": "item/diamond_sword/cityhall"},
    {"predicate": {"custom_model_data": 36},"model": "item/diamond_sword/francecityhall"},
    {"predicate": {"custom_model_data": 37},"model": "item/diamond_sword/horlogecityhall"},
    {"predicate": {"custom_model_data": 38},"model": "item/diamond_sword/fenetre2"},
    {"predicate": {"custom_model_data": 39},"model": "item/diamond_sword/chateauentree"},
    {"predicate": {"custom_model_data": 40},"model": "item/diamond_sword/loungefly1paris"},
    {"predicate": {"custom_model_data": 41},"model": "item/diamond_sword/loungefly2grogu"},
    {"predicate": {"custom_model_data": 42},"model": "item/diamond_sword/fenetretss"},
    {"predicate": {"custom_model_data": 43},"model": "item/diamond_sword/tsspanneau"},
    {"predicate": {"custom_model_data": 44},"model": "item/diamond_sword/tsspanneauprinc"},
    {"predicate": {"custom_model_data": 45},"model": "item/diamond_sword/1891tss"},
    {"predicate": {"custom_model_data": 46},"model": "item/diamond_sword/mainstreettransportationco"},
    {"predicate": {"custom_model_data": 47},"model": "item/diamond_sword/barrierprismdiag"},
    {"predicate": {"custom_model_data": 48},"model": "item/diamond_sword/barrieresc"},
    {"predicate": {"custom_model_data": 49},"model": "item/diamond_sword/mainstreetimage"},
    {"predicate": {"custom_model_data": 50},"model": "item/diamond_sword/dentist"},
    {"predicate": {"custom_model_data": 51},"model": "item/diamond_sword/abrifenetre"},
    {"predicate": {"custom_model_data": 52},"model": "item/diamond_sword/abrifenetreblanc"},
    {"predicate": {"custom_model_data": 53},"model": "item/diamond_sword/mainstreetimage2"},
    {"predicate": {"custom_model_data": 54},"model": "item/diamond_sword/doublefenetre"},
    {"predicate": {"custom_model_data": 55},"model": "item/diamond_sword/fenetre0"},
    {"predicate": {"custom_model_data": 56},"model": "item/diamond_sword/fenetre3"},
    {"predicate": {"custom_model_data": 57},"model": "item/diamond_sword/coinmur"},
    {"predicate": {"custom_model_data": 58},"model": "item/diamond_sword/mur"},
    {"predicate": {"custom_model_data": 59},"model": "item/diamond_sword/barmur"},
    {"predicate": {"custom_model_data": 60},"model": "item/diamond_sword/imagemurmainstreet"},
    {"predicate": {"custom_model_data": 61},"model": "item/diamond_sword/disneylandpark"},
    {"predicate": {"custom_model_data": 62},"model": "item/diamond_sword/vitrolibertyarcade"},
    {"predicate": {"custom_model_data": 63},"model": "item/diamond_sword/fenetre4"},
    {"predicate": {"custom_model_data": 64},"model": "item/diamond_sword/libertyarcade"},
    {"predicate": {"custom_model_data": 65},"model": "item/diamond_sword/fenetre5"},
    {"predicate": {"custom_model_data": 66},"model": "item/diamond_sword/abrifenetrecurios"},
    {"predicate": {"custom_model_data": 67},"model": "item/diamond_sword/abrifenetrekeepsakes"},
    {"predicate": {"custom_model_data": 68},"model": "item/diamond_sword/abrifenetrenovelties"},
    {"predicate": {"custom_model_data": 69},"model": "item/diamond_sword/fenetre6"},
    {"predicate": {"custom_model_data": 70},"model": "item/diamond_sword/fenetre7"},
    {"predicate": {"custom_model_data": 71},"model": "item/diamond_sword/abrifenetredrygoods"},
    {"predicate": {"custom_model_data": 72},"model": "item/diamond_sword/abrifenetresundries"},
    {"predicate": {"custom_model_data": 73},"model": "item/diamond_sword/abrifenetrestylishapparel"},
    {"predicate": {"custom_model_data": 74},"model": "item/diamond_sword/abrifenetretoys"},
    {"predicate": {"custom_model_data": 75},"model": "item/diamond_sword/abrifenetrejewelry"},
    {"predicate": {"custom_model_data": 76},"model": "item/diamond_sword/abrifenetrenotions"},
    {"predicate": {"custom_model_data": 77},"model": "item/diamond_sword/fenetre8"},
    {"predicate": {"custom_model_data": 78},"model": "item/diamond_sword/fenetre9"},
    {"predicate": {"custom_model_data": 79},"model": "item/diamond_sword/fenetre10"},
    {"predicate": {"custom_model_data": 80},"model": "item/diamond_sword/delicioussweets"},
    {"predicate": {"custom_model_data": 81},"model": "item/diamond_sword/abrifenetre4block"},
    {"predicate": {"custom_model_data": 82},"model": "item/diamond_sword/disneyclothiers"},
    {"predicate": {"custom_model_data": 83},"model": "item/diamond_sword/fenetre11"},
    {"predicate": {"custom_model_data": 84},"model": "item/diamond_sword/fenetre12"},
    {"predicate": {"custom_model_data": 85},"model": "item/diamond_sword/disneyclothiers2"},
    {"predicate": {"custom_model_data": 86},"model": "item/diamond_sword/tomunsons"},
    {"predicate": {"custom_model_data": 87},"model": "item/diamond_sword/tuggandsons"},
    {"predicate": {"custom_model_data": 88},"model": "item/diamond_sword/gremporium"},
    {"predicate": {"custom_model_data": 89},"model": "item/diamond_sword/dnt"},
    {"predicate": {"custom_model_data": 90},"model": "item/diamond_sword/ajc"},
    {"predicate": {"custom_model_data": 91},"model": "item/diamond_sword/ptemporium"},
    {"predicate": {"custom_model_data": 92},"model": "item/diamond_sword/fenetre13"},
    {"predicate": {"custom_model_data": 93},"model": "item/diamond_sword/poubellemainst"},
    {"predicate": {"custom_model_data": 94},"model": "item/diamond_sword/poubellemainst2"},
    {"predicate": {"custom_model_data": 95},"model": "item/diamond_sword/lampadaire1"},
    {"predicate": {"custom_model_data": 96},"model": "item/diamond_sword/bancmainst"},
    {"predicate": {"custom_model_data": 97},"model": "item/diamond_sword/fenetre14"},
    {"predicate": {"custom_model_data": 98},"model": "item/diamond_sword/emporium"},
    {"predicate": {"custom_model_data": 99},"model": "item/diamond_sword/fenetre15"},
    {"predicate": {"custom_model_data": 100},"model": "item/diamond_sword/auto_service"},
    {"predicate": {"custom_model_data": 101},"model": "item/diamond_sword/musicofcommerce"},
    {"predicate": {"custom_model_data": 102},"model": "item/diamond_sword/tassepanneau"},
    {"predicate": {"custom_model_data": 103},"model": "item/diamond_sword/cocacola"},
    {"predicate": {"custom_model_data": 104},"model": "item/diamond_sword/thecirson"},
    {"predicate": {"custom_model_data": 105},"model": "item/diamond_sword/fenetre16"},
    {"predicate": {"custom_model_data": 106},"model": "item/diamond_sword/fenetre17"},
    {"predicate": {"custom_model_data": 107},"model": "item/diamond_sword/fenetre18"},
    {"predicate": {"custom_model_data": 108},"model": "item/diamond_sword/mainstreetg"},
    {"predicate": {"custom_model_data": 109},"model": "item/diamond_sword/fenetre19"},
    {"predicate": {"custom_model_data": 110},"model": "item/diamond_sword/harringtons"},
    {"predicate": {"custom_model_data": 111},"model": "item/diamond_sword/fenetre20"},
    {"predicate": {"custom_model_data": 112},"model": "item/diamond_sword/halma"},
    {"predicate": {"custom_model_data": 113},"model": "item/diamond_sword/itstudio"},
    {"predicate": {"custom_model_data": 114},"model": "item/diamond_sword/fenetre21"},
    {"predicate": {"custom_model_data": 115},"model": "item/diamond_sword/bakeshop"},
    {"predicate": {"custom_model_data": 116},"model": "item/diamond_sword/lilly_sboutique"},
    {"predicate": {"custom_model_data": 117},"model": "item/diamond_sword/fenetre22"},
    {"predicate": {"custom_model_data": 118},"model": "item/diamond_sword/lampadaire2"},
    {"predicate": {"custom_model_data": 119},"model": "item/diamond_sword/barriere3"},
    {"predicate": {"custom_model_data": 120},"model": "item/diamond_sword/trompettetest"},
    {"predicate": {"custom_model_data": 121},"model": "item/diamond_sword/lampadaire3"},
    {"predicate": {"custom_model_data": 122},"model": "item/diamond_sword/abrisdelagare"},
    {"predicate": {"custom_model_data": 123},"model": "item/diamond_sword/vitrogare1"},
    {"predicate": {"custom_model_data": 124},"model": "item/diamond_sword/vitrogare2"},
    {"predicate": {"custom_model_data": 125},"model": "item/diamond_sword/vitrogare3"},
    {"predicate": {"custom_model_data": 126},"model": "item/diamond_sword/vitrogare4"},
    {"predicate": {"custom_model_data": 127},"model": "item/diamond_sword/dlpdelagare"},
    {"predicate": {"custom_model_data": 128},"model": "item/diamond_sword/logorailroad"},
    {"predicate": {"custom_model_data": 129},"model": "item/diamond_sword/petitnewcentury"},
    {"predicate": {"custom_model_data": 130},"model": "item/diamond_sword/1885"},
    {"predicate": {"custom_model_data": 131},"model": "item/diamond_sword/giftforallseason"},
    {"predicate": {"custom_model_data": 132},"model": "item/diamond_sword/fancygoods"},
    {"predicate": {"custom_model_data": 133},"model": "item/diamond_sword/newcentury"},
    {"predicate": {"custom_model_data": 134},"model": "item/diamond_sword/emporiummm"},
    {"predicate": {"custom_model_data": 135},"model": "item/diamond_sword/cut_sandstone"},
    {"predicate": {"custom_model_data": 136},"model": "item/diamond_sword/red_terracota"},
    {"predicate": {"custom_model_data": 137},"model": "item/diamond_sword/red_terracota_quartz1"},
    {"predicate": {"custom_model_data": 138},"model": "item/diamond_sword/red_terracota_quartz2"},
    {"predicate": {"custom_model_data": 139},"model": "item/diamond_sword/rembarde"},
    {"predicate": {"custom_model_data": 140},"model": "item/diamond_sword/vitrauxstudio"}
    
    
  ]
}
