{
  "parent": "minecraft:item/handheld",
  "textures": {
    "layer0": "minecraft:item/diamond_sword"
  },
  "overrides": [
    {"predicate": {"custom_model_data": 1},"model": "item/diamond_sword/barriere"},
    {"predicate": {"custom_model_data": 2},"model": "item/diamond_sword/barrierstudio2"},
    {"predicate": {"custom_model_data": 3},"model": "item/diamond_sword/barrierstudio2,1"},
    {"predicate": {"custom_model_data": 4},"model": "item/diamond_sword/barrierstudio2,2"},
    {"predicate": {"custom_model_data": 5},"model": "item/diamond_sword/studiotheater"},
    {"predicate": {"custom_model_data": 6},"model": "item/diamond_sword/panneaustudio2"},
    {"predicate": {"custom_model_data": 7},"model": "item/diamond_sword/lumiere"},
    {"predicate": {"custom_model_data": 8},"model": "item/diamond_sword/lumiere,2"},
    {"predicate": {"custom_model_data": 9},"model": "item/diamond_sword/TOTthe"},
    {"predicate": {"custom_model_data": 10},"model": "item/diamond_sword/TOTho"},
    {"predicate": {"custom_model_data": 11},"model": "item/diamond_sword/TOTL"},
    {"predicate": {"custom_model_data": 12},"model": "item/diamond_sword/TOTy"},
    {"predicate": {"custom_model_data": 13},"model": "item/diamond_sword/TOTw"},
    {"predicate": {"custom_model_data": 14},"model": "item/diamond_sword/TOTo"},
    {"predicate": {"custom_model_data": 15},"model": "item/diamond_sword/TOTd"},
    {"predicate": {"custom_model_data": 16},"model": "item/diamond_sword/TOTt"},
    {"predicate": {"custom_model_data": 17},"model": "item/diamond_sword/TOTE"},
    {"predicate": {"custom_model_data": 18},"model": "item/diamond_sword/TOTr"},
    {"predicate": {"custom_model_data": 19},"model": "item/diamond_sword/TOTho2"},
    {"predicate": {"custom_model_data": 20},"model": "item/diamond_sword/TOTtel"},
    {"predicate": {"custom_model_data": 21},"model": "item/diamond_sword/néonbleu"},
    {"predicate": {"custom_model_data": 22},"model": "item/diamond_sword/WEB"},
    {"predicate": {"custom_model_data": 23},"model": "item/diamond_sword/WEB2"},
    {"predicate": {"custom_model_data": 24},"model": "item/diamond_sword/WEB3"},
    {"predicate": {"custom_model_data": 25},"model": "item/diamond_sword/barriercampus"},
    {"predicate": {"custom_model_data": 26},"model": "item/diamond_sword/OreilleMickey"},
    {"predicate": {"custom_model_data": 27},"model": "item/diamond_sword/DisneyLandHotel"},
    {"predicate": {"custom_model_data": 28},"model": "item/diamond_sword/palissade"},
    {"predicate": {"custom_model_data": 29},"model": "item/diamond_sword/portic1"},
    {"predicate": {"custom_model_data": 30},"model": "item/diamond_sword/portic2"},
    {"predicate": {"custom_model_data": 31},"model": "item/diamond_sword/porteportic"},
    {"predicate": {"custom_model_data": 32},"model": "item/diamond_sword/barriere2"},
    {"predicate": {"custom_model_data": 33},"model": "item/diamond_sword/fleur"},
    {"predicate": {"custom_model_data": 34},"model": "item/diamond_sword/fenêtre1"},
    {"predicate": {"custom_model_data": 35},"model": "item/diamond_sword/CITYHALL"},
    {"predicate": {"custom_model_data": 36},"model": "item/diamond_sword/francecityhall"},
    {"predicate": {"custom_model_data": 37},"model": "item/diamond_sword/horlogecityhall"},
    {"predicate": {"custom_model_data": 38},"model": "item/diamond_sword/fenêtre2"},
    {"predicate": {"custom_model_data": 39},"model": "item/diamond_sword/chateauentrée"},
    {"predicate": {"custom_model_data": 40},"model": "item/diamond_sword/loungefly1paris"},
    {"predicate": {"custom_model_data": 41},"model": "item/diamond_sword/loungefly2grogu"},
    {"predicate": {"custom_model_data": 42},"model": "item/diamond_sword/fenêtreTSS"},
    {"predicate": {"custom_model_data": 43},"model": "item/diamond_sword/TSSpanneau"},
    {"predicate": {"custom_model_data": 44},"model": "item/diamond_sword/TSSpanneauprinc"},
    {"predicate": {"custom_model_data": 45},"model": "item/diamond_sword/1891TSS"},
    {"predicate": {"custom_model_data": 46},"model": "item/diamond_sword/MainStreetTransportationCo"},
    {"predicate": {"custom_model_data": 47},"model": "item/diamond_sword/barrierprismdiag"},
    {"predicate": {"custom_model_data": 48},"model": "item/diamond_sword/barrieresc"},
    {"predicate": {"custom_model_data": 49},"model": "item/diamond_sword/mainstreetimage"},
    {"predicate": {"custom_model_data": 50},"model": "item/diamond_sword/dentist"},
    {"predicate": {"custom_model_data": 51},"model": "item/diamond_sword/abrifenetre"},
    {"predicate": {"custom_model_data": 52},"model": "item/diamond_sword/abrifenetreblanc"},
    {"predicate": {"custom_model_data": 53},"model": "item/diamond_sword/mainstreetimage2"},
    {"predicate": {"custom_model_data": 54},"model": "item/diamond_sword/doublefenetre"},
    {"predicate": {"custom_model_data": 55},"model": "item/diamond_sword/fenêtre0"},
    {"predicate": {"custom_model_data": 56},"model": "item/diamond_sword/fenêtre3"},
    {"predicate": {"custom_model_data": 57},"model": "item/diamond_sword/coinmur"},
    {"predicate": {"custom_model_data": 58},"model": "item/diamond_sword/mur"},
    {"predicate": {"custom_model_data": 59},"model": "item/diamond_sword/barmur"},
    {"predicate": {"custom_model_data": 60},"model": "item/diamond_sword/imagemurmainstreet"},
    {"predicate": {"custom_model_data": 61},"model": "item/diamond_sword/DisneylandPark"},
    {"predicate": {"custom_model_data": 62},"model": "item/diamond_sword/vitrolibertyarcade"},
    {"predicate": {"custom_model_data": 63},"model": "item/diamond_sword/fenêtre4"},
    {"predicate": {"custom_model_data": 64},"model": "item/diamond_sword/libertyarcade"},
    {"predicate": {"custom_model_data": 65},"model": "item/diamond_sword/fenêtre5"},
    {"predicate": {"custom_model_data": 66},"model": "item/diamond_sword/abrifenetreCURIOS"},
    {"predicate": {"custom_model_data": 67},"model": "item/diamond_sword/abrifenetreKEEPSAKES"},
    {"predicate": {"custom_model_data": 68},"model": "item/diamond_sword/abrifenetreNOVELTIES"},
    {"predicate": {"custom_model_data": 69},"model": "item/diamond_sword/fenêtre6"},
    {"predicate": {"custom_model_data": 70},"model": "item/diamond_sword/fenêtre7"},
    {"predicate": {"custom_model_data": 71},"model": "item/diamond_sword/abrifenetreDRYGOODS"},
    {"predicate": {"custom_model_data": 72},"model": "item/diamond_sword/abrifenetreSUNDRIES"},
    {"predicate": {"custom_model_data": 73},"model": "item/diamond_sword/abrifenetreSTYLISHAPPAREL"},
    {"predicate": {"custom_model_data": 74},"model": "item/diamond_sword/abrifenetreTOYS"},
    {"predicate": {"custom_model_data": 75},"model": "item/diamond_sword/abrifenetreJEWELRY"},
    {"predicate": {"custom_model_data": 76},"model": "item/diamond_sword/abrifenetreNOTIONS"},
    {"predicate": {"custom_model_data": 77},"model": "item/diamond_sword/fenêtre8"},
    {"predicate": {"custom_model_data": 78},"model": "item/diamond_sword/fenêtre9"},
    {"predicate": {"custom_model_data": 79},"model": "item/diamond_sword/fenêtre10"},
    {"predicate": {"custom_model_data": 80},"model": "item/diamond_sword/DeliciousSweets"},
    {"predicate": {"custom_model_data": 81},"model": "item/diamond_sword/abrifenetre4block"},
    {"predicate": {"custom_model_data": 82},"model": "item/diamond_sword/DISNEYCLOTHIERS"},
    {"predicate": {"custom_model_data": 83},"model": "item/diamond_sword/fenêtre11"},
    {"predicate": {"custom_model_data": 84},"model": "item/diamond_sword/fenêtre12"},
    {"predicate": {"custom_model_data": 85},"model": "item/diamond_sword/Disneyclothiers2"},
    {"predicate": {"custom_model_data": 86},"model": "item/diamond_sword/tomunsons"},
    {"predicate": {"custom_model_data": 87},"model": "item/diamond_sword/TUGGandSONS"},
    {"predicate": {"custom_model_data": 88},"model": "item/diamond_sword/GRemporium"},
    {"predicate": {"custom_model_data": 89},"model": "item/diamond_sword/DNT"},
    {"predicate": {"custom_model_data": 90},"model": "item/diamond_sword/AJC"},
    {"predicate": {"custom_model_data": 91},"model": "item/diamond_sword/PTemporium"},
    {"predicate": {"custom_model_data": 92},"model": "item/diamond_sword/fenêtre13"},
    {"predicate": {"custom_model_data": 93},"model": "item/diamond_sword/poubellemainst"},
    {"predicate": {"custom_model_data": 94},"model": "item/diamond_sword/poubellemainst2"},
    {"predicate": {"custom_model_data": 95},"model": "item/diamond_sword/lampadaire1"},
    {"predicate": {"custom_model_data": 96},"model": "item/diamond_sword/Bancmainst"},
    {"predicate": {"custom_model_data": 97},"model": "item/diamond_sword/fenêtre14"},
    {"predicate": {"custom_model_data": 98},"model": "item/diamond_sword/EMPORIUM"},
    {"predicate": {"custom_model_data": 99},"model": "item/diamond_sword/fenêtre15"},
    {"predicate": {"custom_model_data": 100},"model": "item/diamond_sword/auto_service"},
    {"predicate": {"custom_model_data": 101},"model": "item/diamond_sword/MUSICofCOMMERCE"},
    {"predicate": {"custom_model_data": 102},"model": "item/diamond_sword/Tassepanneau"},
    {"predicate": {"custom_model_data": 103},"model": "item/diamond_sword/CocaCola"},
    {"predicate": {"custom_model_data": 104},"model": "item/diamond_sword/TheCirson"},
    {"predicate": {"custom_model_data": 105},"model": "item/diamond_sword/fenêtre16"},
    {"predicate": {"custom_model_data": 106},"model": "item/diamond_sword/fenêtre17"},
    {"predicate": {"custom_model_data": 107},"model": "item/diamond_sword/fenêtre18"},
    {"predicate": {"custom_model_data": 108},"model": "item/diamond_sword/MainstreetG"},
    {"predicate": {"custom_model_data": 109},"model": "item/diamond_sword/fenêtre19"},
    {"predicate": {"custom_model_data": 110},"model": "item/diamond_sword/Harringtons"},
    {"predicate": {"custom_model_data": 111},"model": "item/diamond_sword/fenêtre20"},
    {"predicate": {"custom_model_data": 112},"model": "item/diamond_sword/Halma"},
    {"predicate": {"custom_model_data": 113},"model": "item/diamond_sword/Itstudio"},
    {"predicate": {"custom_model_data": 114},"model": "item/diamond_sword/fenêtre21"},
    {"predicate": {"custom_model_data": 115},"model": "item/diamond_sword/BakeShop"},
    {"predicate": {"custom_model_data": 116},"model": "item/diamond_sword/Lilly'sboutique"},
    {"predicate": {"custom_model_data": 117},"model": "item/diamond_sword/fenêtre22"},
    {"predicate": {"custom_model_data": 118},"model": "item/diamond_sword/lampadaire2"},
    {"predicate": {"custom_model_data": 119},"model": "item/diamond_sword/barriere3"},
    {"predicate": {"custom_model_data": 120},"model": "item/diamond_sword/Trompettetest"},
    {"predicate": {"custom_model_data": 121},"model": "item/diamond_sword/lampadaire3"},
    {"predicate": {"custom_model_data": 122},"model": "item/diamond_sword/abrisdelagare"},
    {"predicate": {"custom_model_data": 123},"model": "item/diamond_sword/vitrogare1"},
    {"predicate": {"custom_model_data": 124},"model": "item/diamond_sword/vitrogare2"},
    {"predicate": {"custom_model_data": 125},"model": "item/diamond_sword/vitrogare3"},
    {"predicate": {"custom_model_data": 126},"model": "item/diamond_sword/vitrogare4"},
    {"predicate": {"custom_model_data": 127},"model": "item/diamond_sword/dlpdelagare"},
    {"predicate": {"custom_model_data": 128},"model": "item/diamond_sword/logorailroad"},
    {"predicate": {"custom_model_data": 129},"model": "item/diamond_sword/petitnewcentury"},
    {"predicate": {"custom_model_data": 130},"model": "item/diamond_sword/1885"},
    {"predicate": {"custom_model_data": 131},"model": "item/diamond_sword/Giftforallseason"},
    {"predicate": {"custom_model_data": 132},"model": "item/diamond_sword/fancygoods"},
    {"predicate": {"custom_model_data": 133},"model": "item/diamond_sword/NewCentury"},
    {"predicate": {"custom_model_data": 134},"model": "item/diamond_sword/Emporiummm"},
    {"predicate": {"custom_model_data": 135},"model": "item/diamond_sword/cut_sandstone"},
    {"predicate": {"custom_model_data": 136},"model": "item/diamond_sword/red_terracota"},
    {"predicate": {"custom_model_data": 137},"model": "item/diamond_sword/red_terracota_quartz1"},
    {"predicate": {"custom_model_data": 138},"model": "item/diamond_sword/red_terracota_quartz2"},
    {"predicate": {"custom_model_data": 139},"model": "item/diamond_sword/rembarde"},
    {"predicate": {"custom_model_data": 140},"model": "item/diamond_sword/vitrauxstudio"}
    
    
  ]
}
