{
	"format_version": "1.21.6",
	"credit": "Made with Blockbench",
	"textures": {
		"0": "item/1885",
		"particle": "item/1885"
	},
	"elements": [
		{
			"from": [-8, 0, 0],
			"to": [24, 15, 0],
			"rotation": {"angle": 0, "axis": "y", "origin": [8, 0, 0]},
			"faces": {
				"north": {"uv": [4.09756, 5.98374, 11.31707, 11.38211], "texture": "#0"},
				"east": {"uv": [0, 0, 0, 16], "texture": "#missing"},
				"south": {"uv": [4.09756, 5.98374, 11.31707, 11.44715], "texture": "#0"},
				"west": {"uv": [0, 0, 0, 16], "texture": "#missing"},
				"up": {"uv": [0, 0, 16, 0], "texture": "#missing"},
				"down": {"uv": [0, 0, 16, 0], "texture": "#missing"}
			}
		}
	],
	"display": {
		"head": {
			"translation": [0, -9, 23.75],
			"scale": [1.6, 1.6, 1.6]
		}
	}
}