{
	"credit": "Made with Blockbench",
	"textures": {
		"0": "item/texturefenetreabris_blanc",
		"particle": "item/texturefenetreabris_blanc"
	},
	"elements": [
		{
			"from": [0, 0, 0],
			"to": [16, 16, 0],
			"faces": {
				"north": {"uv": [16, 0, 0, 15], "texture": "#0"},
				"east": {"uv": [0, 0, 0, 16], "texture": "#0"},
				"south": {"uv": [0, 0, 16, 15], "texture": "#0"},
				"west": {"uv": [0, 0, 0, 16], "texture": "#0"},
				"up": {"uv": [0, 0, 16, 0], "texture": "#0"},
				"down": {"uv": [0, 0, 16, 0], "texture": "#0"}
			}
		},
		{
			"from": [0, 0, 16],
			"to": [16, 16, 16],
			"rotation": {"angle": 0, "axis": "y", "origin": [0, 0, 16]},
			"faces": {
				"north": {"uv": [16, 0, 0, 15], "texture": "#0"},
				"east": {"uv": [0, 0, 0, 16], "texture": "#0"},
				"south": {"uv": [0, 0, 16, 15], "texture": "#0"},
				"west": {"uv": [0, 0, 0, 16], "texture": "#0"},
				"up": {"uv": [0, 0, 16, 0], "texture": "#0"},
				"down": {"uv": [0, 0, 16, 0], "texture": "#0"}
			}
		},
		{
			"from": [4.68629, -1.91371, 0],
			"to": [4.68629, 20.68629, 16],
			"rotation": {"angle": -45, "axis": "z", "origin": [4.68629, 4.68629, 16]},
			"faces": {
				"north": {"uv": [0, 0, 0, 16], "texture": "#0"},
				"east": {"uv": [2, 14, 16, 15], "texture": "#0"},
				"south": {"uv": [0, 0, 0, 16], "texture": "#0"},
				"west": {"uv": [2, 14, 16, 15], "texture": "#0"},
				"up": {"uv": [0, 0, 16, 0], "rotation": 270, "texture": "#0"},
				"down": {"uv": [0, 0, 16, 0], "rotation": 90, "texture": "#0"}
			}
		},
		{
			"from": [0, -1, 0],
			"to": [16, 0, 0],
			"faces": {
				"north": {"uv": [16, 15, 0, 16], "texture": "#0"},
				"east": {"uv": [0, 0, 0, 1], "texture": "#0"},
				"south": {"uv": [0, 15, 16, 16], "texture": "#0"},
				"west": {"uv": [0, 0, 0, 1], "texture": "#0"},
				"up": {"uv": [0, 0, 16, 0], "texture": "#0"},
				"down": {"uv": [0, 0, 16, 0], "texture": "#0"}
			}
		},
		{
			"from": [0, -1, 16],
			"to": [16, 0, 16],
			"rotation": {"angle": 0, "axis": "y", "origin": [0, 0, 16]},
			"faces": {
				"north": {"uv": [0, 15, 16, 16], "texture": "#0"},
				"east": {"uv": [0, 0, 0, 1], "texture": "#0"},
				"south": {"uv": [0, 15, 16, 16], "texture": "#0"},
				"west": {"uv": [0, 0, 0, 1], "texture": "#0"},
				"up": {"uv": [0, 0, 16, 0], "texture": "#0"},
				"down": {"uv": [0, 0, 16, 0], "texture": "#0"}
			}
		},
		{
			"from": [0, -1, 0],
			"to": [0, 0, 16],
			"rotation": {"angle": 0, "axis": "y", "origin": [0, 0, 16]},
			"faces": {
				"north": {"uv": [0, 0, 0, 1], "texture": "#0"},
				"east": {"uv": [5, 15, 16, 16], "texture": "#0"},
				"south": {"uv": [0, 0, 0, 1], "texture": "#0"},
				"west": {"uv": [2, 15, 16, 16], "texture": "#0"},
				"up": {"uv": [0, 0, 16, 0], "rotation": 270, "texture": "#0"},
				"down": {"uv": [0, 0, 16, 0], "rotation": 90, "texture": "#0"}
			}
		}
	],
	"display": {
		"head": {
			"rotation": [0, -90, 0],
			"translation": [0, 0, 17.25],
			"scale": [1.6, 1.6, 1.6]
		}
	}
}