{
	"credit": "Made with Blockbench",
	"textures": {
		"1": "item/rougeblancdiag",
		"2": "item/keepssakes_curios_novelties",
		"particle": "item/keepssakes_curios_novelties"
	},
	"elements": [
		{
			"from": [0, 8, 0],
			"to": [16, 8, 17],
			"rotation": {"angle": 22.5, "axis": "x", "origin": [0, 8, 0]},
			"faces": {
				"north": {"uv": [0, 0, 16, 0], "texture": "#missing"},
				"east": {"uv": [0, 0, 16, 0], "texture": "#missing"},
				"south": {"uv": [0, 0, 16, 0], "texture": "#missing"},
				"west": {"uv": [0, 0, 16, 0], "texture": "#missing"},
				"up": {"uv": [0, 13, 13, 14], "texture": "#1"},
				"down": {"uv": [0, 13, 13, 14], "texture": "#1"}
			}
		},
		{
			"from": [16, 1.5, 0],
			"to": [16, 8, 15.7],
			"rotation": {"angle": 0, "axis": "y", "origin": [16, 0, 0]},
			"faces": {
				"north": {"uv": [0, 0, 0, 6.5], "texture": "#missing"},
				"east": {"uv": [12.7, 0, 0, 13.5], "texture": "#1"},
				"south": {"uv": [0, 0, 0, 6.5], "texture": "#missing"},
				"west": {"uv": [0, 0, 12.7, 13.5], "texture": "#1"},
				"up": {"uv": [0, 0, 0, 15.7], "texture": "#missing"},
				"down": {"uv": [0, 0, 0, 15.7], "texture": "#missing"}
			}
		},
		{
			"from": [0, 1.5, 0],
			"to": [0, 8, 15.7],
			"faces": {
				"north": {"uv": [0, 0, 0, 6.5], "texture": "#missing"},
				"east": {"uv": [12.7, 0, 0, 13.5], "texture": "#1"},
				"south": {"uv": [0, 0, 0, 6.5], "texture": "#missing"},
				"west": {"uv": [0, 0, 12.7, 13.5], "texture": "#1"},
				"up": {"uv": [0, 0, 0, 15.7], "texture": "#missing"},
				"down": {"uv": [0, 0, 0, 15.7], "texture": "#missing"}
			}
		},
		{
			"from": [0, -0.5, 0],
			"to": [0, 1.5, 15.7],
			"rotation": {"angle": 0, "axis": "y", "origin": [0, -0.5, 0]},
			"faces": {
				"north": {"uv": [0, 0, 0, 2], "texture": "#missing"},
				"east": {"uv": [0, 0, 15.7, 2], "texture": "#2"},
				"south": {"uv": [0, 0, 0, 2], "texture": "#missing"},
				"west": {"uv": [0.3, 0.9246, 16, 2.9246], "texture": "#2"},
				"up": {"uv": [0, 0, 0, 15.7], "texture": "#missing"},
				"down": {"uv": [0, 0, 0, 15.7], "texture": "#missing"}
			}
		},
		{
			"from": [0, -0.5, 15.7],
			"to": [16, 1.5, 15.7],
			"rotation": {"angle": 0, "axis": "y", "origin": [0, -0.5, 15.7]},
			"faces": {
				"north": {"uv": [0, 0, 15.7, 2], "texture": "#2"},
				"east": {"uv": [0, 0, 0, 2], "texture": "#missing"},
				"south": {"uv": [0, 3.57142, 16, 6.0992], "texture": "#2"},
				"west": {"uv": [0, 0, 0, 2], "texture": "#missing"},
				"up": {"uv": [0, 0, 0, 15.7], "rotation": 270, "texture": "#missing"},
				"down": {"uv": [0, 0, 0, 15.7], "rotation": 90, "texture": "#missing"}
			}
		},
		{
			"from": [16, -0.5, 0],
			"to": [16, 1.5, 15.7],
			"rotation": {"angle": 0, "axis": "y", "origin": [16, -0.5, 0]},
			"faces": {
				"north": {"uv": [0, 0, 0, 2], "texture": "#missing"},
				"east": {"uv": [0, 0, 15.7, 2], "texture": "#2"},
				"south": {"uv": [0, 0, 0, 2], "texture": "#missing"},
				"west": {"uv": [0.3, 0.9246, 16, 2.9246], "texture": "#2"},
				"up": {"uv": [0, 0, 0, 15.7], "texture": "#missing"},
				"down": {"uv": [0, 0, 0, 15.7], "texture": "#missing"}
			}
		}
	],
	"display": {
		"head": {
			"rotation": [-180, 0, -180],
			"translation": [0, 2.75, 24.75],
			"scale": [1.6, 1.6, 1.6]
		}
	}
}