{
	"credit": "Made with Blockbench",
	"textures": {
		"1": "item/ROUGEdiag ",
		"2": "item/JEWELRY NOTIONS STYLISH DRY GOODS SUNDRIES TOYS",
		"particle": "item/JEWELRY NOTIONS STYLISH DRY GOODS SUNDRIES TOYS"
	},
	"elements": [
		{
			"from": [0, 8, 8],
			"to": [16, 8, 17],
			"rotation": {"angle": 22.5, "axis": "x", "origin": [0, 8, 0]},
			"faces": {
				"north": {"uv": [0, 0, 16, 0], "texture": "#missing"},
				"east": {"uv": [0, 0, 16, 0], "texture": "#missing"},
				"south": {"uv": [0, 0, 16, 0], "texture": "#missing"},
				"west": {"uv": [0, 0, 16, 0], "texture": "#missing"},
				"up": {"uv": [0, 13, 13, 14], "texture": "#1"},
				"down": {"uv": [0, 13, 13, 14], "texture": "#1"}
			}
		},
		{
			"from": [32, 1.5, 7],
			"to": [32, 5, 15.7],
			"rotation": {"angle": 0, "axis": "y", "origin": [32, 0, 0]},
			"faces": {
				"north": {"uv": [0, 0, 0, 6.5], "texture": "#missing"},
				"east": {"uv": [12.7, 0, 0, 13.5], "texture": "#1"},
				"south": {"uv": [0, 0, 0, 6.5], "texture": "#missing"},
				"west": {"uv": [0, 0, 12.7, 13.5], "texture": "#1"},
				"up": {"uv": [0, 0, 0, 15.7], "texture": "#missing"},
				"down": {"uv": [0, 0, 0, 15.7], "texture": "#missing"}
			}
		},
		{
			"from": [0, 1.5, 7],
			"to": [0, 5, 15.7],
			"faces": {
				"north": {"uv": [0, 0, 0, 6.5], "texture": "#missing"},
				"east": {"uv": [12.7, 0, 0, 13.5], "texture": "#1"},
				"south": {"uv": [0, 0, 0, 6.5], "texture": "#missing"},
				"west": {"uv": [0, 0, 12.7, 13.5], "texture": "#1"},
				"up": {"uv": [0, 0, 0, 15.7], "texture": "#missing"},
				"down": {"uv": [0, 0, 0, 15.7], "texture": "#missing"}
			}
		},
		{
			"from": [0, -0.5, 0],
			"to": [0, 1.5, 15.7],
			"rotation": {"angle": 0, "axis": "y", "origin": [0, -0.5, 0]},
			"faces": {
				"north": {"uv": [0, 0, 0, 2], "texture": "#2"},
				"east": {"uv": [3.97005, 0.59893, 11.13102, 2], "texture": "#2"},
				"south": {"uv": [0, 0, 0, 2], "texture": "#2"},
				"west": {"uv": [3.46578, 0.59893, 11.9615, 2.10481], "texture": "#2"},
				"up": {"uv": [0, 0, 0, 15.7], "texture": "#2"},
				"down": {"uv": [0, 0, 0, 15.7], "texture": "#2"}
			}
		},
		{
			"from": [0, -0.5, 15.7],
			"to": [32, 1.5, 15.7],
			"rotation": {"angle": 0, "axis": "y", "origin": [0, -0.5, 15.7]},
			"faces": {
				"north": {"uv": [3.91872, 0.08556, 11.33636, 1.0246], "texture": "#2"},
				"east": {"uv": [0, 0, 0, 2], "texture": "#2"},
				"south": {"uv": [3.35401, 8.40214, 12.40642, 9.95936], "texture": "#2"},
				"west": {"uv": [0, 0, 0, 2], "texture": "#2"},
				"up": {"uv": [0, 0, 0, 15.7], "rotation": 270, "texture": "#2"},
				"down": {"uv": [0, 0, 0, 15.7], "rotation": 90, "texture": "#2"}
			}
		},
		{
			"from": [32, -0.5, 0],
			"to": [32, 1.5, 15.7],
			"rotation": {"angle": 0, "axis": "y", "origin": [32, -0.5, 0]},
			"faces": {
				"north": {"uv": [0, 0, 0, 2], "texture": "#2"},
				"east": {"uv": [3.97005, 0.59893, 11.13102, 2], "texture": "#2"},
				"south": {"uv": [0, 0, 0, 2], "texture": "#2"},
				"west": {"uv": [3.46578, 0.59893, 11.9615, 2.10481], "texture": "#2"},
				"up": {"uv": [0, 0, 0, 15.7], "texture": "#2"},
				"down": {"uv": [0, 0, 0, 15.7], "texture": "#2"}
			}
		},
		{
			"from": [16, 8, 8],
			"to": [32, 8, 17],
			"rotation": {"angle": 22.5, "axis": "x", "origin": [16, 8, 0]},
			"faces": {
				"north": {"uv": [0, 0, 16, 0], "texture": "#missing"},
				"east": {"uv": [0, 0, 16, 0], "texture": "#missing"},
				"south": {"uv": [0, 0, 16, 0], "texture": "#missing"},
				"west": {"uv": [0, 0, 16, 0], "texture": "#missing"},
				"up": {"uv": [0, 13, 13, 14], "texture": "#1"},
				"down": {"uv": [0, 13, 13, 14], "texture": "#1"}
			}
		},
		{
			"from": [0, 1.5, 0],
			"to": [0, 4.9, 7],
			"rotation": {"angle": 0, "axis": "y", "origin": [0, 0, -8.7]},
			"faces": {
				"north": {"uv": [0, 0, 0, 6.5], "texture": "#missing"},
				"east": {"uv": [12.7, 12, 0, 13.5], "texture": "#1"},
				"south": {"uv": [0, 0, 0, 6.5], "texture": "#missing"},
				"west": {"uv": [0, 12, 12.7, 13.5], "texture": "#1"},
				"up": {"uv": [0, 0, 0, 15.7], "texture": "#missing"},
				"down": {"uv": [0, 0, 0, 15.7], "texture": "#missing"}
			}
		},
		{
			"from": [32, 1.5, 0],
			"to": [32, 4.9, 7],
			"rotation": {"angle": 0, "axis": "y", "origin": [32, 0, -8.7]},
			"faces": {
				"north": {"uv": [0, 0, 0, 6.5], "texture": "#missing"},
				"east": {"uv": [12.7, 12, 0, 13.5], "texture": "#1"},
				"south": {"uv": [0, 0, 0, 6.5], "texture": "#missing"},
				"west": {"uv": [0, 12, 12.7, 13.5], "texture": "#1"},
				"up": {"uv": [0, 0, 0, 15.7], "texture": "#missing"},
				"down": {"uv": [0, 0, 0, 15.7], "texture": "#missing"}
			}
		},
		{
			"from": [16, 4.9, 0],
			"to": [32, 4.9, 7.4],
			"rotation": {"angle": 0, "axis": "x", "origin": [16, 4.9, -9.6]},
			"faces": {
				"north": {"uv": [0, 0, 16, 0], "texture": "#missing"},
				"east": {"uv": [0, 0, 16, 0], "texture": "#missing"},
				"south": {"uv": [0, 0, 16, 0], "texture": "#missing"},
				"west": {"uv": [0, 0, 16, 0], "texture": "#missing"},
				"up": {"uv": [0, 13, 13, 14], "texture": "#1"},
				"down": {"uv": [0, 13, 13, 14], "texture": "#1"}
			}
		},
		{
			"from": [0, 4.9, 0],
			"to": [16, 4.9, 7.4],
			"rotation": {"angle": 0, "axis": "y", "origin": [0, 4.9, -9.6]},
			"faces": {
				"north": {"uv": [0, 0, 16, 0], "texture": "#missing"},
				"east": {"uv": [0, 0, 16, 0], "texture": "#missing"},
				"south": {"uv": [0, 0, 16, 0], "texture": "#missing"},
				"west": {"uv": [0, 0, 16, 0], "texture": "#missing"},
				"up": {"uv": [0, 13, 13, 14], "texture": "#1"},
				"down": {"uv": [0, 13, 13, 14], "texture": "#1"}
			}
		}
	],
	"display": {
		"head": {
			"rotation": [-180, 0, -180],
			"translation": [0, 2.75, 24.75],
			"scale": [1.6, 1.6, 1.6]
		}
	}
}