{
	"format_version": "1.9.0",
	"credit": "Made with Blockbench",
	"textures": {
		"0": "item/abrisgare",
		"particle": "item/abrisgare"
	},
	"elements": [
		{
			"from": [-9, -10, 8],
			"to": [23, 6, 8],
			"rotation": {"angle": 22.5, "axis": "x", "origin": [-9, 0, 7]},
			"faces": {
				"north": {"uv": [0, 0, 16, 7], "texture": "#0"},
				"east": {"uv": [0, 0, 0, 16], "texture": "#missing"},
				"south": {"uv": [0, 0, 16, 7], "texture": "#0"},
				"west": {"uv": [0, 0, 0, 16], "texture": "#missing"},
				"up": {"uv": [0, 0, 16, 0], "texture": "#missing"},
				"down": {"uv": [0, 0, 16, 0], "texture": "#missing"}
			}
		}
	],
	"display": {
		"head": {
			"translation": [0, -18.5, -7.75],
			"scale": [1.6, 1.6, 1.6]
		}
	}
}