{
	"credit": "Made with Blockbench",
	"textures": {
		"0": "item/ajc",
		"1": "item/JEWELRY NOTIONS STYLISH DRY GOODS SUNDRIES TOYS",
		"particle": "item/ajc"
	},
	"elements": [
		{
			"from": [16, 0, 6],
			"to": [32, 8, 6],
			"rotation": {"angle": 0, "axis": "y", "origin": [19, 0, 6]},
			"faces": {
				"north": {"uv": [0, 0, 16, 16], "texture": "#0"},
				"east": {"uv": [0, 0, 0, 4], "texture": "#0"},
				"south": {"uv": [0, 0, 16, 16], "texture": "#0"},
				"west": {"uv": [0, 0, 0, 4], "texture": "#0"},
				"up": {"uv": [0, 0, 8, 0], "texture": "#0"},
				"down": {"uv": [0, 0, 8, 0], "texture": "#0"}
			}
		},
		{
			"from": [4, 0, 6],
			"to": [16, 8, 6],
			"rotation": {"angle": 0, "axis": "y", "origin": [14, 0, 6]},
			"faces": {
				"north": {"uv": [9.83957, 8.40214, 11.34332, 9.9893], "texture": "#1"},
				"east": {"uv": [0, 0, 0, 4], "texture": "#1"},
				"south": {"uv": [9.78824, 8.36791, 11.39465, 9.95508], "texture": "#1"},
				"west": {"uv": [0, 0, 0, 4], "texture": "#1"},
				"up": {"uv": [0, 0, 2, 0], "texture": "#1"},
				"down": {"uv": [0, 0, 2, 0], "texture": "#1"}
			}
		}
	],
	"display": {
		"head": {
			"rotation": [0, 180, 0],
			"translation": [38, 0, 8.75],
			"scale": [3.2, 3.2, 3.2]
		}
	}
}