{
	"credit": "Made with Blockbench",
	"textures": {
		"0": "item/dark_prismarine",
		"1": "item/jungle_planks",
		"particle": "item/dark_prismarine"
	},
	"elements": [
		{
			"from": [-16, 1, 0.76537],
			"to": [-15.5, 3, 1.76537],
			"rotation": {"angle": 22.5, "axis": "x", "origin": [-16, 1.92388, 0.38268]},
			"faces": {
				"north": {"uv": [0, 0, 0.5, 2], "texture": "#0"},
				"east": {"uv": [0, 0, 1, 2], "texture": "#0"},
				"south": {"uv": [0, 0, 0.5, 2], "texture": "#0"},
				"west": {"uv": [0, 0, 1, 2], "texture": "#0"},
				"up": {"uv": [0, 0, 0.5, 1], "texture": "#0"},
				"down": {"uv": [0, 0, 0.5, 1], "texture": "#0"}
			}
		},
		{
			"from": [-16, 0, 0.4],
			"to": [-15.5, 1, 7.6],
			"rotation": {"angle": 0, "axis": "y", "origin": [-16, 0, 0]},
			"faces": {
				"north": {"uv": [0, 0, 0.5, 1], "texture": "#0"},
				"east": {"uv": [0, 0, 7.2, 1], "texture": "#0"},
				"south": {"uv": [0, 0, 0.5, 1], "texture": "#0"},
				"west": {"uv": [0, 0, 7.2, 1], "texture": "#0"},
				"up": {"uv": [0, 0, 0.5, 7.2], "texture": "#0"},
				"down": {"uv": [0, 0, 0.5, 7.2], "texture": "#0"}
			}
		},
		{
			"from": [-16, 0.32442, 6.36901],
			"to": [-15.5, 2.32442, 7.36901],
			"rotation": {"angle": -22.5, "axis": "x", "origin": [-16, 1.2483, 5.98633]},
			"faces": {
				"north": {"uv": [0, 0, 0.5, 2], "texture": "#0"},
				"east": {"uv": [0, 0, 1, 2], "texture": "#0"},
				"south": {"uv": [0, 0, 0.5, 2], "texture": "#0"},
				"west": {"uv": [0, 0, 1, 2], "texture": "#0"},
				"up": {"uv": [0, 0, 0.5, 1], "texture": "#0"},
				"down": {"uv": [0, 0, 0.5, 1], "texture": "#0"}
			}
		},
		{
			"from": [-16, 2.38896, 1.07193],
			"to": [-15.5, 4.38896, 2.07193],
			"rotation": {"angle": 0, "axis": "x", "origin": [-16, 3.31283, 0.68925]},
			"faces": {
				"north": {"uv": [0, 0, 0.5, 2], "texture": "#0"},
				"east": {"uv": [0, 0, 1, 2], "texture": "#0"},
				"south": {"uv": [0, 0, 0.5, 2], "texture": "#0"},
				"west": {"uv": [0, 0, 1, 2], "texture": "#0"},
				"up": {"uv": [0, 0, 0.5, 1], "texture": "#0"},
				"down": {"uv": [0, 0, 0.5, 1], "texture": "#0"}
			}
		},
		{
			"from": [-16, 2.38896, 5.92807],
			"to": [-15.5, 4.38896, 6.92807],
			"rotation": {"angle": 0, "axis": "y", "origin": [-16, 3.31283, 5.54539]},
			"faces": {
				"north": {"uv": [0, 0, 0.5, 2], "texture": "#0"},
				"east": {"uv": [0, 0, 1, 2], "texture": "#0"},
				"south": {"uv": [0, 0, 0.5, 2], "texture": "#0"},
				"west": {"uv": [0, 0, 1, 2], "texture": "#0"},
				"up": {"uv": [0, 0, 0.5, 1], "texture": "#0"},
				"down": {"uv": [0, 0, 0.5, 1], "texture": "#0"}
			}
		},
		{
			"from": [-16, 4.26732, 3.81076],
			"to": [-15.5, 5.06732, 6.91076],
			"rotation": {"angle": 22.5, "axis": "x", "origin": [-16, 4.06732, 1.11076]},
			"faces": {
				"north": {"uv": [0, 0, 0.5, 0.8], "texture": "#0"},
				"east": {"uv": [0, 0, 3.1, 0.8], "texture": "#0"},
				"south": {"uv": [0, 0, 0.5, 0.8], "texture": "#0"},
				"west": {"uv": [0, 0, 3.1, 0.8], "texture": "#0"},
				"up": {"uv": [0, 0, 0.5, 3.1], "texture": "#0"},
				"down": {"uv": [0, 0, 0.5, 3.1], "texture": "#0"}
			}
		},
		{
			"from": [-16, 0.89971, 1.7591],
			"to": [-15.5, 1.69971, 4.8591],
			"rotation": {"angle": -22.5, "axis": "x", "origin": [-16, 0.69971, -1.2409]},
			"faces": {
				"north": {"uv": [0, 0, 0.5, 0.8], "texture": "#0"},
				"east": {"uv": [0, 0, 3.1, 0.8], "texture": "#0"},
				"south": {"uv": [0, 0, 0.5, 0.8], "texture": "#0"},
				"west": {"uv": [0, 0, 3.1, 0.8], "texture": "#0"},
				"up": {"uv": [0, 0, 0.5, 3.1], "texture": "#0"},
				"down": {"uv": [0, 0, 0.5, 3.1], "texture": "#0"}
			}
		},
		{
			"from": [-16, 3.68896, 3.5],
			"to": [-15.5, 5.68896, 4.5],
			"rotation": {"angle": 0, "axis": "y", "origin": [-16, 4.61283, 3.14539]},
			"faces": {
				"north": {"uv": [0, 0, 0.5, 2], "texture": "#0"},
				"east": {"uv": [0, 0, 1, 2], "texture": "#0"},
				"south": {"uv": [0, 0, 0.5, 2], "texture": "#0"},
				"west": {"uv": [0, 0, 1, 2], "texture": "#0"},
				"up": {"uv": [0, 0, 0.5, 1], "texture": "#0"},
				"down": {"uv": [0, 0, 0.5, 1], "texture": "#0"}
			}
		},
		{
			"from": [-16, 3.7895, 0.82363],
			"to": [-15.5, 5.7895, 1.82363],
			"rotation": {"angle": -22.5, "axis": "x", "origin": [-16, 4.71338, 0.44094]},
			"faces": {
				"north": {"uv": [0, 0, 0.5, 2], "texture": "#0"},
				"east": {"uv": [0, 0, 1, 2], "texture": "#0"},
				"south": {"uv": [0, 0, 0.5, 2], "texture": "#0"},
				"west": {"uv": [0, 0, 1, 2], "texture": "#0"},
				"up": {"uv": [0, 0, 0.5, 1], "texture": "#0"},
				"down": {"uv": [0, 0, 0.5, 1], "texture": "#0"}
			}
		},
		{
			"from": [-16, 4.46508, 6.31075],
			"to": [-15.5, 5.96508, 7.31075],
			"rotation": {"angle": 22.5, "axis": "x", "origin": [-16, 5.38896, 5.92807]},
			"faces": {
				"north": {"uv": [0, 0, 0.5, 1.5], "texture": "#0"},
				"east": {"uv": [0, 0, 1, 1.5], "texture": "#0"},
				"south": {"uv": [0, 0, 0.5, 1.5], "texture": "#0"},
				"west": {"uv": [0, 0, 1, 1.5], "texture": "#0"},
				"up": {"uv": [0, 0, 0.5, 1], "texture": "#0"},
				"down": {"uv": [0, 0, 0.5, 1], "texture": "#0"}
			}
		},
		{
			"from": [-16, 5.77791, 0],
			"to": [-4, 6.27791, 1],
			"rotation": {"angle": -22.5, "axis": "x", "origin": [-16, 5.77791, 0]},
			"faces": {
				"north": {"uv": [0, 14, 16, 14.5], "texture": "#1"},
				"east": {"uv": [0, 14, 1, 14.5], "texture": "#1"},
				"south": {"uv": [0, 14, 16, 14.5], "texture": "#1"},
				"west": {"uv": [0, 14, 1, 14.5], "texture": "#1"},
				"up": {"uv": [0, 14, 16, 15], "texture": "#1"},
				"down": {"uv": [0, 14, 16, 15], "texture": "#1"}
			}
		},
		{
			"from": [-8, 6.1, 1.3],
			"to": [8, 6.6, 2.3],
			"rotation": {"angle": 0, "axis": "y", "origin": [-8, 6.1, 1.3]},
			"faces": {
				"north": {"uv": [0, 9, 16, 9.5], "texture": "#1"},
				"east": {"uv": [0, 9, 1, 9.5], "texture": "#1"},
				"south": {"uv": [0, 9, 16, 9.5], "texture": "#1"},
				"west": {"uv": [0, 9, 1, 9.5], "texture": "#1"},
				"up": {"uv": [0, 9, 16, 10], "texture": "#1"},
				"down": {"uv": [0, 9, 16, 10], "texture": "#1"}
			}
		},
		{
			"from": [-6, 6.1, 2.6],
			"to": [8, 6.6, 3.6],
			"rotation": {"angle": 22.5, "axis": "x", "origin": [-6, 6.1, 2.6]},
			"faces": {
				"north": {"uv": [0, 5, 16, 5.5], "texture": "#1"},
				"east": {"uv": [0, 5, 1, 5.5], "texture": "#1"},
				"south": {"uv": [0, 5, 16, 5.5], "texture": "#1"},
				"west": {"uv": [0, 5, 1, 5.5], "texture": "#1"},
				"up": {"uv": [0, 5, 16, 6], "texture": "#1"},
				"down": {"uv": [0, 6, 16, 5], "texture": "#1"}
			}
		},
		{
			"from": [-16, 5.7, 4],
			"to": [0, 6.2, 5],
			"rotation": {"angle": 0, "axis": "y", "origin": [-16, 5.7, 4]},
			"faces": {
				"north": {"uv": [0, 10, 16, 10.5], "texture": "#1"},
				"east": {"uv": [0, 10, 1, 10.5], "texture": "#1"},
				"south": {"uv": [0, 10, 16, 10.5], "texture": "#1"},
				"west": {"uv": [0, 10, 1, 10.5], "texture": "#1"},
				"up": {"uv": [0, 10, 16, 11], "texture": "#1"},
				"down": {"uv": [0, 10, 16, 11], "texture": "#1"}
			}
		},
		{
			"from": [-16, 5.39209, 6.42597],
			"to": [-15.5, 5.89209, 7.42597],
			"rotation": {"angle": 0, "axis": "x", "origin": [-16, 6.31597, 6.04329]},
			"faces": {
				"north": {"uv": [0, 0, 0.5, 0.5], "texture": "#0"},
				"east": {"uv": [0, 0, 1, 0.5], "texture": "#0"},
				"south": {"uv": [0, 0, 0.5, 0.5], "texture": "#0"},
				"west": {"uv": [0, 0, 1, 0.5], "texture": "#0"},
				"up": {"uv": [0, 0, 0.5, 1], "texture": "#0"},
				"down": {"uv": [0, 0, 0.5, 1], "texture": "#0"}
			}
		},
		{
			"from": [-16, 5.96821, 6.80866],
			"to": [-15.5, 12.46821, 7.80866],
			"rotation": {"angle": 22.5, "axis": "x", "origin": [-16, 6.89209, 6.42597]},
			"faces": {
				"north": {"uv": [0, 0, 0.5, 6.5], "texture": "#0"},
				"east": {"uv": [0, 0, 1, 6.5], "texture": "#0"},
				"south": {"uv": [0, 0, 0.5, 6.5], "texture": "#0"},
				"west": {"uv": [0, 0, 1, 6.5], "texture": "#0"},
				"up": {"uv": [0, 0, 0.5, 1], "texture": "#0"},
				"down": {"uv": [0, 0, 0.5, 1], "texture": "#0"}
			}
		},
		{
			"from": [-16, 5.7, 5.7],
			"to": [0, 6.2, 6.7],
			"rotation": {"angle": -22.5, "axis": "x", "origin": [-16, 5.7, 5.7]},
			"faces": {
				"north": {"uv": [0, 3, 16, 3.5], "texture": "#1"},
				"east": {"uv": [0, 3, 1, 3.5], "texture": "#1"},
				"south": {"uv": [0, 3, 16, 3.5], "texture": "#1"},
				"west": {"uv": [0, 3, 1, 3.5], "texture": "#1"},
				"up": {"uv": [0, 3, 16, 4], "texture": "#1"},
				"down": {"uv": [0, 3, 16, 4], "texture": "#1"}
			}
		},
		{
			"from": [-16, 6.7, 6.3],
			"to": [0, 7.7, 6.8],
			"rotation": {"angle": 22.5, "axis": "x", "origin": [-16, 6.7, 6.8]},
			"faces": {
				"north": {"uv": [0, 11, 16, 12], "rotation": 180, "texture": "#1"},
				"east": {"uv": [0, 11, 1, 11.5], "rotation": 90, "texture": "#1"},
				"south": {"uv": [0, 11, 16, 12], "texture": "#1"},
				"west": {"uv": [0, 11, 1, 11.5], "rotation": 270, "texture": "#1"},
				"up": {"uv": [0, 11, 16, 11.5], "texture": "#1"},
				"down": {"uv": [0, 11, 16, 11.5], "rotation": 180, "texture": "#1"}
			}
		},
		{
			"from": [-16, 8.1, 6.9],
			"to": [0, 9.1, 7.4],
			"rotation": {"angle": 22.5, "axis": "x", "origin": [-16, 8.1, 7.4]},
			"faces": {
				"north": {"uv": [0, 7, 16, 8], "rotation": 180, "texture": "#1"},
				"east": {"uv": [0, 7, 1, 7.5], "rotation": 90, "texture": "#1"},
				"south": {"uv": [0, 7, 16, 8], "texture": "#1"},
				"west": {"uv": [0, 7, 1, 7.5], "rotation": 270, "texture": "#1"},
				"up": {"uv": [0, 7, 16, 7.5], "texture": "#1"},
				"down": {"uv": [0, 7, 16, 7.5], "rotation": 180, "texture": "#1"}
			}
		},
		{
			"from": [-16, 9.5, 7.5],
			"to": [0, 10.5, 8],
			"rotation": {"angle": 22.5, "axis": "x", "origin": [-16, 9.5, 8]},
			"faces": {
				"north": {"uv": [0, 3, 16, 4], "rotation": 180, "texture": "#1"},
				"east": {"uv": [0, 3, 1, 3.5], "rotation": 90, "texture": "#1"},
				"south": {"uv": [0, 3, 16, 4], "texture": "#1"},
				"west": {"uv": [0, 3, 1, 3.5], "rotation": 270, "texture": "#1"},
				"up": {"uv": [0, 3, 16, 3.5], "texture": "#1"},
				"down": {"uv": [0, 3, 16, 3.5], "rotation": 180, "texture": "#1"}
			}
		},
		{
			"from": [-16, 10.9, 8.1],
			"to": [0, 11.9, 8.6],
			"rotation": {"angle": 22.5, "axis": "x", "origin": [-16, 10.9, 8.6]},
			"faces": {
				"north": {"uv": [0, 3, 16, 4], "rotation": 180, "texture": "#1"},
				"east": {"uv": [0, 3, 1, 3.5], "rotation": 90, "texture": "#1"},
				"south": {"uv": [0, 3, 16, 4], "texture": "#1"},
				"west": {"uv": [0, 3, 1, 3.5], "rotation": 270, "texture": "#1"},
				"up": {"uv": [0, 3, 16, 3.5], "texture": "#1"},
				"down": {"uv": [0, 3, 16, 3.5], "rotation": 180, "texture": "#1"}
			}
		},
		{
			"from": [-16, 6.1, 1.3],
			"to": [-8, 6.6, 2.3],
			"rotation": {"angle": 0, "axis": "y", "origin": [-16, 6.1, 1.3]},
			"faces": {
				"north": {"uv": [6, 15, 14, 15.5], "texture": "#1"},
				"east": {"uv": [8, 15.5, 9, 16], "texture": "#1"},
				"south": {"uv": [6, 15.5, 14, 16], "texture": "#1"},
				"west": {"uv": [7, 15, 8, 15.5], "texture": "#1"},
				"up": {"uv": [6, 15, 14, 16], "texture": "#1"},
				"down": {"uv": [6, 15, 14, 16], "texture": "#1"}
			}
		},
		{
			"from": [-16, 6.1, 2.6],
			"to": [-6, 6.6, 3.6],
			"rotation": {"angle": 22.5, "axis": "x", "origin": [-14, 6.1, 2.6]},
			"faces": {
				"north": {"uv": [7, 7, 15, 7.5], "texture": "#1"},
				"east": {"uv": [8, 7, 9, 7.5], "texture": "#1"},
				"south": {"uv": [7, 7, 15, 7.5], "texture": "#1"},
				"west": {"uv": [10, 7, 11, 7.5], "texture": "#1"},
				"up": {"uv": [7, 7, 15, 8], "texture": "#1"},
				"down": {"uv": [7, 7, 15, 8], "texture": "#1"}
			}
		},
		{
			"from": [0, 5.7, 4],
			"to": [8, 6.2, 5],
			"rotation": {"angle": 0, "axis": "y", "origin": [0, 5.7, 4]},
			"faces": {
				"north": {"uv": [1, 7, 9, 7.5], "texture": "#1"},
				"east": {"uv": [1, 7, 2, 7.5], "texture": "#1"},
				"south": {"uv": [1, 7, 9, 7.5], "texture": "#1"},
				"west": {"uv": [2, 7, 3, 7.5], "texture": "#1"},
				"up": {"uv": [1, 7, 9, 8], "texture": "#1"},
				"down": {"uv": [1, 7, 9, 8], "texture": "#1"}
			}
		},
		{
			"from": [0, 5.7, 5.7],
			"to": [8, 6.2, 6.7],
			"rotation": {"angle": -22.5, "axis": "x", "origin": [0, 5.7, 5.7]},
			"faces": {
				"north": {"uv": [0, 3, 8, 3.5], "texture": "#1"},
				"east": {"uv": [0, 3, 1, 3.5], "texture": "#1"},
				"south": {"uv": [0, 3, 8, 3.5], "texture": "#1"},
				"west": {"uv": [0, 3, 1, 3.5], "texture": "#1"},
				"up": {"uv": [0, 3, 8, 4], "texture": "#1"},
				"down": {"uv": [0, 3, 8, 4], "texture": "#1"}
			}
		},
		{
			"from": [0, 6.7, 6.3],
			"to": [8, 7.7, 6.8],
			"rotation": {"angle": 22.5, "axis": "x", "origin": [0, 6.7, 6.8]},
			"faces": {
				"north": {"uv": [3, 11, 11, 12], "rotation": 180, "texture": "#1"},
				"east": {"uv": [7, 11, 8, 11.5], "rotation": 90, "texture": "#1"},
				"south": {"uv": [3, 11, 11, 12], "texture": "#1"},
				"west": {"uv": [4, 11, 5, 11.5], "rotation": 270, "texture": "#1"},
				"up": {"uv": [3, 11, 11, 11.5], "texture": "#1"},
				"down": {"uv": [3, 11, 11, 11.5], "rotation": 180, "texture": "#1"}
			}
		},
		{
			"from": [0, 8.1, 6.9],
			"to": [8, 9.1, 7.4],
			"rotation": {"angle": 22.5, "axis": "x", "origin": [0, 8.1, 7.4]},
			"faces": {
				"north": {"uv": [4, 15, 12, 16], "rotation": 180, "texture": "#1"},
				"east": {"uv": [6, 15, 7, 15.5], "rotation": 90, "texture": "#1"},
				"south": {"uv": [4, 15, 12, 16], "texture": "#1"},
				"west": {"uv": [5, 15.5, 6, 16], "rotation": 270, "texture": "#1"},
				"up": {"uv": [4, 15.5, 12, 16], "texture": "#1"},
				"down": {"uv": [4, 15.5, 12, 16], "rotation": 180, "texture": "#1"}
			}
		},
		{
			"from": [0, 9.5, 7.5],
			"to": [8, 10.5, 8],
			"rotation": {"angle": 22.5, "axis": "x", "origin": [0, 9.5, 8]},
			"faces": {
				"north": {"uv": [4, 7, 12, 8], "rotation": 180, "texture": "#1"},
				"east": {"uv": [6, 7, 7, 7.5], "rotation": 90, "texture": "#1"},
				"south": {"uv": [4, 7, 12, 8], "texture": "#1"},
				"west": {"uv": [5, 7, 6, 7.5], "rotation": 270, "texture": "#1"},
				"up": {"uv": [4, 7, 12, 7.5], "texture": "#1"},
				"down": {"uv": [4, 7, 12, 7.5], "rotation": 180, "texture": "#1"}
			}
		},
		{
			"from": [0, 10.9, 8.1],
			"to": [8, 11.9, 8.6],
			"rotation": {"angle": 22.5, "axis": "x", "origin": [0, 10.9, 8.6]},
			"faces": {
				"north": {"uv": [1, 11, 9, 12], "rotation": 180, "texture": "#1"},
				"east": {"uv": [3, 11, 4, 11.5], "rotation": 90, "texture": "#1"},
				"south": {"uv": [1, 11, 9, 12], "texture": "#1"},
				"west": {"uv": [5, 11, 6, 11.5], "rotation": 270, "texture": "#1"},
				"up": {"uv": [1, 11, 9, 11.5], "texture": "#1"},
				"down": {"uv": [1, 11, 9, 11.5], "rotation": 180, "texture": "#1"}
			}
		},
		{
			"from": [-4, 5.77791, 0],
			"to": [8, 6.27791, 1],
			"rotation": {"angle": -22.5, "axis": "x", "origin": [0, 5.77791, 0]},
			"faces": {
				"north": {"uv": [0, 11, 8, 11.5], "texture": "#1"},
				"east": {"uv": [0, 11, 1, 11.5], "texture": "#1"},
				"south": {"uv": [0, 11, 8, 11.5], "texture": "#1"},
				"west": {"uv": [0, 11, 1, 11.5], "texture": "#1"},
				"up": {"uv": [0, 11, 8, 12], "texture": "#1"},
				"down": {"uv": [0, 11, 8, 12], "texture": "#1"}
			}
		},
		{
			"from": [7.5, 1, 0.76537],
			"to": [8, 3, 1.76537],
			"rotation": {"angle": 22.5, "axis": "x", "origin": [7.5, 1.92388, 0.38268]},
			"faces": {
				"north": {"uv": [0, 0, 0.5, 2], "texture": "#0"},
				"east": {"uv": [0, 0, 1, 2], "texture": "#0"},
				"south": {"uv": [0, 0, 0.5, 2], "texture": "#0"},
				"west": {"uv": [0, 0, 1, 2], "texture": "#0"},
				"up": {"uv": [0, 0, 0.5, 1], "texture": "#0"},
				"down": {"uv": [0, 0, 0.5, 1], "texture": "#0"}
			}
		},
		{
			"from": [7.5, 0, 0.4],
			"to": [8, 1, 7.6],
			"rotation": {"angle": 0, "axis": "y", "origin": [7.5, 0, 0]},
			"faces": {
				"north": {"uv": [0, 0, 0.5, 1], "texture": "#0"},
				"east": {"uv": [0, 0, 7.2, 1], "texture": "#0"},
				"south": {"uv": [0, 0, 0.5, 1], "texture": "#0"},
				"west": {"uv": [0, 0, 7.2, 1], "texture": "#0"},
				"up": {"uv": [0, 0, 0.5, 7.2], "texture": "#0"},
				"down": {"uv": [0, 0, 0.5, 7.2], "texture": "#0"}
			}
		},
		{
			"from": [7.5, 0.32442, 6.36901],
			"to": [8, 2.32442, 7.36901],
			"rotation": {"angle": -22.5, "axis": "x", "origin": [7.5, 1.2483, 5.98633]},
			"faces": {
				"north": {"uv": [0, 0, 0.5, 2], "texture": "#0"},
				"east": {"uv": [0, 0, 1, 2], "texture": "#0"},
				"south": {"uv": [0, 0, 0.5, 2], "texture": "#0"},
				"west": {"uv": [0, 0, 1, 2], "texture": "#0"},
				"up": {"uv": [0, 0, 0.5, 1], "texture": "#0"},
				"down": {"uv": [0, 0, 0.5, 1], "texture": "#0"}
			}
		},
		{
			"from": [7.5, 2.38896, 1.07193],
			"to": [8, 4.38896, 2.07193],
			"rotation": {"angle": 0, "axis": "y", "origin": [7.5, 3.31283, 0.68925]},
			"faces": {
				"north": {"uv": [0, 0, 0.5, 2], "texture": "#0"},
				"east": {"uv": [0, 0, 1, 2], "texture": "#0"},
				"south": {"uv": [0, 0, 0.5, 2], "texture": "#0"},
				"west": {"uv": [0, 0, 1, 2], "texture": "#0"},
				"up": {"uv": [0, 0, 0.5, 1], "texture": "#0"},
				"down": {"uv": [0, 0, 0.5, 1], "texture": "#0"}
			}
		},
		{
			"from": [7.5, 2.38896, 5.92807],
			"to": [8, 4.38896, 6.92807],
			"rotation": {"angle": 0, "axis": "y", "origin": [7.5, 3.31283, 5.54539]},
			"faces": {
				"north": {"uv": [0, 0, 0.5, 2], "texture": "#0"},
				"east": {"uv": [0, 0, 1, 2], "texture": "#0"},
				"south": {"uv": [0, 0, 0.5, 2], "texture": "#0"},
				"west": {"uv": [0, 0, 1, 2], "texture": "#0"},
				"up": {"uv": [0, 0, 0.5, 1], "texture": "#0"},
				"down": {"uv": [0, 0, 0.5, 1], "texture": "#0"}
			}
		},
		{
			"from": [7.5, 4.26732, 3.81076],
			"to": [8, 5.06732, 6.91076],
			"rotation": {"angle": 22.5, "axis": "x", "origin": [7.5, 4.06732, 1.11076]},
			"faces": {
				"north": {"uv": [0, 0, 0.5, 0.8], "texture": "#0"},
				"east": {"uv": [0, 0, 3.1, 0.8], "texture": "#0"},
				"south": {"uv": [0, 0, 0.5, 0.8], "texture": "#0"},
				"west": {"uv": [0, 0, 3.1, 0.8], "texture": "#0"},
				"up": {"uv": [0, 0, 0.5, 3.1], "texture": "#0"},
				"down": {"uv": [0, 0, 0.5, 3.1], "texture": "#0"}
			}
		},
		{
			"from": [7.5, 0.89971, 1.7591],
			"to": [8, 1.69971, 4.8591],
			"rotation": {"angle": -22.5, "axis": "x", "origin": [7.5, 0.69971, -1.2409]},
			"faces": {
				"north": {"uv": [0, 0, 0.5, 0.8], "texture": "#0"},
				"east": {"uv": [0, 0, 3.1, 0.8], "texture": "#0"},
				"south": {"uv": [0, 0, 0.5, 0.8], "texture": "#0"},
				"west": {"uv": [0, 0, 3.1, 0.8], "texture": "#0"},
				"up": {"uv": [0, 0, 0.5, 3.1], "texture": "#0"},
				"down": {"uv": [0, 0, 0.5, 3.1], "texture": "#0"}
			}
		},
		{
			"from": [7.5, 3.68896, 3.5],
			"to": [8, 5.68896, 4.5],
			"rotation": {"angle": 0, "axis": "y", "origin": [7.5, 4.61283, 3.14539]},
			"faces": {
				"north": {"uv": [0, 0, 0.5, 2], "texture": "#0"},
				"east": {"uv": [0, 0, 1, 2], "texture": "#0"},
				"south": {"uv": [0, 0, 0.5, 2], "texture": "#0"},
				"west": {"uv": [0, 0, 1, 2], "texture": "#0"},
				"up": {"uv": [0, 0, 0.5, 1], "texture": "#0"},
				"down": {"uv": [0, 0, 0.5, 1], "texture": "#0"}
			}
		},
		{
			"from": [7.5, 3.7895, 0.82363],
			"to": [8, 5.7895, 1.82363],
			"rotation": {"angle": -22.5, "axis": "x", "origin": [7.5, 4.71338, 0.44094]},
			"faces": {
				"north": {"uv": [0, 0, 0.5, 2], "texture": "#0"},
				"east": {"uv": [0, 0, 1, 2], "texture": "#0"},
				"south": {"uv": [0, 0, 0.5, 2], "texture": "#0"},
				"west": {"uv": [0, 0, 1, 2], "texture": "#0"},
				"up": {"uv": [0, 0, 0.5, 1], "texture": "#0"},
				"down": {"uv": [0, 0, 0.5, 1], "texture": "#0"}
			}
		},
		{
			"from": [7.5, 4.46508, 6.31075],
			"to": [8, 5.96508, 7.31075],
			"rotation": {"angle": 22.5, "axis": "x", "origin": [7.5, 5.38896, 5.92807]},
			"faces": {
				"north": {"uv": [0, 0, 0.5, 1.5], "texture": "#0"},
				"east": {"uv": [0, 0, 1, 1.5], "texture": "#0"},
				"south": {"uv": [0, 0, 0.5, 1.5], "texture": "#0"},
				"west": {"uv": [0, 0, 1, 1.5], "texture": "#0"},
				"up": {"uv": [0, 0, 0.5, 1], "texture": "#0"},
				"down": {"uv": [0, 0, 0.5, 1], "texture": "#0"}
			}
		},
		{
			"from": [7.5, 5.39209, 6.42597],
			"to": [8, 5.89209, 7.42597],
			"rotation": {"angle": 0, "axis": "y", "origin": [7.5, 6.31597, 6.04329]},
			"faces": {
				"north": {"uv": [0, 0, 0.5, 0.5], "texture": "#0"},
				"east": {"uv": [0, 0, 1, 0.5], "texture": "#0"},
				"south": {"uv": [0, 0, 0.5, 0.5], "texture": "#0"},
				"west": {"uv": [0, 0, 1, 0.5], "texture": "#0"},
				"up": {"uv": [0, 0, 0.5, 1], "texture": "#0"},
				"down": {"uv": [0, 0, 0.5, 1], "texture": "#0"}
			}
		},
		{
			"from": [7.5, 5.96821, 6.80866],
			"to": [8, 12.46821, 7.80866],
			"rotation": {"angle": 22.5, "axis": "x", "origin": [7.5, 6.89209, 6.42597]},
			"faces": {
				"north": {"uv": [0, 0, 0.5, 6.5], "texture": "#0"},
				"east": {"uv": [0, 0, 1, 6.5], "texture": "#0"},
				"south": {"uv": [0, 0, 0.5, 6.5], "texture": "#0"},
				"west": {"uv": [0, 0, 1, 6.5], "texture": "#0"},
				"up": {"uv": [0, 0, 0.5, 1], "texture": "#0"},
				"down": {"uv": [0, 0, 0.5, 1], "texture": "#0"}
			}
		},
		{
			"from": [-4, 5.96821, 6.80866],
			"to": [-3.5, 12.46821, 7.80866],
			"rotation": {"angle": 22.5, "axis": "x", "origin": [-4, 6.89209, 6.42597]},
			"faces": {
				"north": {"uv": [0, 0, 0.5, 6.5], "texture": "#0"},
				"east": {"uv": [0, 0, 1, 6.5], "texture": "#0"},
				"south": {"uv": [0, 0, 0.5, 6.5], "texture": "#0"},
				"west": {"uv": [0, 0, 1, 6.5], "texture": "#0"},
				"up": {"uv": [0, 0, 0.5, 1], "texture": "#0"},
				"down": {"uv": [0, 0, 0.5, 1], "texture": "#0"}
			}
		},
		{
			"from": [-4, 5.39209, 6.42597],
			"to": [-3.5, 5.89209, 7.42597],
			"rotation": {"angle": 0, "axis": "y", "origin": [-4, 6.31597, 6.04329]},
			"faces": {
				"north": {"uv": [0, 0, 0.5, 0.5], "texture": "#0"},
				"east": {"uv": [0, 0, 1, 0.5], "texture": "#0"},
				"south": {"uv": [0, 0, 0.5, 0.5], "texture": "#0"},
				"west": {"uv": [0, 0, 1, 0.5], "texture": "#0"},
				"up": {"uv": [0, 0, 0.5, 1], "texture": "#0"},
				"down": {"uv": [0, 0, 0.5, 1], "texture": "#0"}
			}
		},
		{
			"from": [-4, 2.38896, 5.92807],
			"to": [-3.5, 4.38896, 6.92807],
			"rotation": {"angle": 0, "axis": "y", "origin": [-4, 3.31283, 5.54539]},
			"faces": {
				"north": {"uv": [0, 0, 0.5, 2], "texture": "#0"},
				"east": {"uv": [0, 0, 1, 2], "texture": "#0"},
				"south": {"uv": [0, 0, 0.5, 2], "texture": "#0"},
				"west": {"uv": [0, 0, 1, 2], "texture": "#0"},
				"up": {"uv": [0, 0, 0.5, 1], "texture": "#0"},
				"down": {"uv": [0, 0, 0.5, 1], "texture": "#0"}
			}
		},
		{
			"from": [-4, 0.32442, 6.36901],
			"to": [-3.5, 2.32442, 7.36901],
			"rotation": {"angle": -22.5, "axis": "x", "origin": [-4, 1.2483, 5.98633]},
			"faces": {
				"north": {"uv": [0, 0, 0.5, 2], "texture": "#0"},
				"east": {"uv": [0, 0, 1, 2], "texture": "#0"},
				"south": {"uv": [0, 0, 0.5, 2], "texture": "#0"},
				"west": {"uv": [0, 0, 1, 2], "texture": "#0"},
				"up": {"uv": [0, 0, 0.5, 1], "texture": "#0"},
				"down": {"uv": [0, 0, 0.5, 1], "texture": "#0"}
			}
		},
		{
			"from": [-4, 0, 0.4],
			"to": [-3.5, 1, 7.6],
			"rotation": {"angle": 0, "axis": "y", "origin": [-4, 0, 0]},
			"faces": {
				"north": {"uv": [0, 0, 0.5, 1], "texture": "#0"},
				"east": {"uv": [0, 0, 7.2, 1], "texture": "#0"},
				"south": {"uv": [0, 0, 0.5, 1], "texture": "#0"},
				"west": {"uv": [0, 0, 7.2, 1], "texture": "#0"},
				"up": {"uv": [0, 0, 0.5, 7.2], "texture": "#0"},
				"down": {"uv": [0, 0, 0.5, 7.2], "texture": "#0"}
			}
		},
		{
			"from": [-4, 1, 0.76537],
			"to": [-3.5, 3, 1.76537],
			"rotation": {"angle": 22.5, "axis": "x", "origin": [-4, 1.92388, 0.38268]},
			"faces": {
				"north": {"uv": [0, 0, 0.5, 2], "texture": "#0"},
				"east": {"uv": [0, 0, 1, 2], "texture": "#0"},
				"south": {"uv": [0, 0, 0.5, 2], "texture": "#0"},
				"west": {"uv": [0, 0, 1, 2], "texture": "#0"},
				"up": {"uv": [0, 0, 0.5, 1], "texture": "#0"},
				"down": {"uv": [0, 0, 0.5, 1], "texture": "#0"}
			}
		},
		{
			"from": [-4, 3.7895, 0.82363],
			"to": [-3.5, 5.7895, 1.82363],
			"rotation": {"angle": -22.5, "axis": "x", "origin": [-4, 4.71338, 0.44094]},
			"faces": {
				"north": {"uv": [0, 0, 0.5, 2], "texture": "#0"},
				"east": {"uv": [0, 0, 1, 2], "texture": "#0"},
				"south": {"uv": [0, 0, 0.5, 2], "texture": "#0"},
				"west": {"uv": [0, 0, 1, 2], "texture": "#0"},
				"up": {"uv": [0, 0, 0.5, 1], "texture": "#0"},
				"down": {"uv": [0, 0, 0.5, 1], "texture": "#0"}
			}
		},
		{
			"from": [-4, 2.38896, 1.07193],
			"to": [-3.5, 4.38896, 2.07193],
			"rotation": {"angle": 0, "axis": "y", "origin": [-4, 3.31283, 0.68925]},
			"faces": {
				"north": {"uv": [0, 0, 0.5, 2], "texture": "#0"},
				"east": {"uv": [0, 0, 1, 2], "texture": "#0"},
				"south": {"uv": [0, 0, 0.5, 2], "texture": "#0"},
				"west": {"uv": [0, 0, 1, 2], "texture": "#0"},
				"up": {"uv": [0, 0, 0.5, 1], "texture": "#0"},
				"down": {"uv": [0, 0, 0.5, 1], "texture": "#0"}
			}
		},
		{
			"from": [-4, 0.89971, 1.7591],
			"to": [-3.5, 1.69971, 4.8591],
			"rotation": {"angle": -22.5, "axis": "x", "origin": [-4, 0.69971, -1.2409]},
			"faces": {
				"north": {"uv": [0, 0, 0.5, 0.8], "texture": "#0"},
				"east": {"uv": [0, 0, 3.1, 0.8], "texture": "#0"},
				"south": {"uv": [0, 0, 0.5, 0.8], "texture": "#0"},
				"west": {"uv": [0, 0, 3.1, 0.8], "texture": "#0"},
				"up": {"uv": [0, 0, 0.5, 3.1], "texture": "#0"},
				"down": {"uv": [0, 0, 0.5, 3.1], "texture": "#0"}
			}
		},
		{
			"from": [-4, 4.26732, 3.81076],
			"to": [-3.5, 5.06732, 6.91076],
			"rotation": {"angle": 22.5, "axis": "x", "origin": [-4, 4.06732, 1.11076]},
			"faces": {
				"north": {"uv": [0, 0, 0.5, 0.8], "texture": "#0"},
				"east": {"uv": [0, 0, 3.1, 0.8], "texture": "#0"},
				"south": {"uv": [0, 0, 0.5, 0.8], "texture": "#0"},
				"west": {"uv": [0, 0, 3.1, 0.8], "texture": "#0"},
				"up": {"uv": [0, 0, 0.5, 3.1], "texture": "#0"},
				"down": {"uv": [0, 0, 0.5, 3.1], "texture": "#0"}
			}
		},
		{
			"from": [-4, 3.68896, 3.5],
			"to": [-3.5, 5.68896, 4.5],
			"rotation": {"angle": 0, "axis": "y", "origin": [-4, 4.61283, 3.14539]},
			"faces": {
				"north": {"uv": [0, 0, 0.5, 2], "texture": "#0"},
				"east": {"uv": [0, 0, 1, 2], "texture": "#0"},
				"south": {"uv": [0, 0, 0.5, 2], "texture": "#0"},
				"west": {"uv": [0, 0, 1, 2], "texture": "#0"},
				"up": {"uv": [0, 0, 0.5, 1], "texture": "#0"},
				"down": {"uv": [0, 0, 0.5, 1], "texture": "#0"}
			}
		},
		{
			"from": [-4, 4.46508, 6.31075],
			"to": [-3.5, 5.96508, 7.31075],
			"rotation": {"angle": 22.5, "axis": "x", "origin": [-4, 5.38896, 5.92807]},
			"faces": {
				"north": {"uv": [0, 0, 0.5, 1.5], "texture": "#0"},
				"east": {"uv": [0, 0, 1, 1.5], "texture": "#0"},
				"south": {"uv": [0, 0, 0.5, 1.5], "texture": "#0"},
				"west": {"uv": [0, 0, 1, 1.5], "texture": "#0"},
				"up": {"uv": [0, 0, 0.5, 1], "texture": "#0"},
				"down": {"uv": [0, 0, 0.5, 1], "texture": "#0"}
			}
		},
		{
			"from": [7.5, 5.18896, 4.5],
			"to": [8, 5.78896, 6.4],
			"rotation": {"angle": 0, "axis": "y", "origin": [7.5, 3.61283, 3.14539]},
			"faces": {
				"north": {"uv": [0, 0, 0.5, 0.6], "texture": "#0"},
				"east": {"uv": [0, 0, 1.9, 0.6], "texture": "#0"},
				"south": {"uv": [0, 0, 0.5, 0.6], "texture": "#0"},
				"west": {"uv": [0, 0, 1.9, 0.6], "texture": "#0"},
				"up": {"uv": [0, 0, 0.5, 1.9], "texture": "#0"},
				"down": {"uv": [0, 0, 0.5, 1.9], "texture": "#0"}
			}
		},
		{
			"from": [7.5, 6.50009, 1.91498],
			"to": [8, 7.10009, 3.21498],
			"rotation": {"angle": 22.5, "axis": "x", "origin": [7.5, 4.92397, -0.33964]},
			"faces": {
				"north": {"uv": [0, 0, 0.5, 0.6], "texture": "#0"},
				"east": {"uv": [0, 0, 1.3, 0.6], "texture": "#0"},
				"south": {"uv": [0, 0, 0.5, 0.6], "texture": "#0"},
				"west": {"uv": [0, 0, 1.3, 0.6], "texture": "#0"},
				"up": {"uv": [0, 0, 0.5, 1.3], "texture": "#0"},
				"down": {"uv": [0, 0, 0.5, 1.3], "texture": "#0"}
			}
		},
		{
			"from": [7.5, 5.47164, 0.97612],
			"to": [8, 6.07164, 2.57612],
			"rotation": {"angle": 0, "axis": "x", "origin": [7.5, 3.89552, -0.67849]},
			"faces": {
				"north": {"uv": [0, 0, 0.5, 0.6], "texture": "#0"},
				"east": {"uv": [0, 0, 1.6, 0.6], "texture": "#0"},
				"south": {"uv": [0, 0, 0.5, 0.6], "texture": "#0"},
				"west": {"uv": [0, 0, 1.6, 0.6], "texture": "#0"},
				"up": {"uv": [0, 0, 0.5, 1.6], "texture": "#0"},
				"down": {"uv": [0, 0, 0.5, 1.6], "texture": "#0"}
			}
		},
		{
			"from": [-16, 6.50009, 1.91498],
			"to": [-15.5, 7.10009, 3.21498],
			"rotation": {"angle": 22.5, "axis": "x", "origin": [-16, 4.92397, -0.33964]},
			"faces": {
				"north": {"uv": [0, 0, 0.5, 0.6], "texture": "#0"},
				"east": {"uv": [0, 0, 1.3, 0.6], "texture": "#0"},
				"south": {"uv": [0, 0, 0.5, 0.6], "texture": "#0"},
				"west": {"uv": [0, 0, 1.3, 0.6], "texture": "#0"},
				"up": {"uv": [0, 0, 0.5, 1.3], "texture": "#0"},
				"down": {"uv": [0, 0, 0.5, 1.3], "texture": "#0"}
			}
		},
		{
			"from": [-16, 5.47164, 0.97612],
			"to": [-15.5, 6.07164, 2.57612],
			"rotation": {"angle": 0, "axis": "y", "origin": [-16, 3.89552, -0.67849]},
			"faces": {
				"north": {"uv": [0, 0, 0.5, 0.6], "texture": "#0"},
				"east": {"uv": [0, 0, 1.6, 0.6], "texture": "#0"},
				"south": {"uv": [0, 0, 0.5, 0.6], "texture": "#0"},
				"west": {"uv": [0, 0, 1.6, 0.6], "texture": "#0"},
				"up": {"uv": [0, 0, 0.5, 1.6], "texture": "#0"},
				"down": {"uv": [0, 0, 0.5, 1.6], "texture": "#0"}
			}
		},
		{
			"from": [-16, 5.18896, 4.5],
			"to": [-15.5, 5.78896, 6.4],
			"rotation": {"angle": 0, "axis": "y", "origin": [-16, 3.61283, 3.14539]},
			"faces": {
				"north": {"uv": [0, 0, 0.5, 0.6], "texture": "#0"},
				"east": {"uv": [0, 0, 1.9, 0.6], "texture": "#0"},
				"south": {"uv": [0, 0, 0.5, 0.6], "texture": "#0"},
				"west": {"uv": [0, 0, 1.9, 0.6], "texture": "#0"},
				"up": {"uv": [0, 0, 0.5, 1.9], "texture": "#0"},
				"down": {"uv": [0, 0, 0.5, 1.9], "texture": "#0"}
			}
		},
		{
			"from": [7.5, 8.1461, 5.60951],
			"to": [7.9, 8.6461, 9.10951],
			"rotation": {"angle": -22.5, "axis": "x", "origin": [6.61732, 8.1461, 5.53339]},
			"faces": {
				"north": {"uv": [0, 0, 0.5, 0.4], "rotation": 270, "texture": "#0"},
				"east": {"uv": [0, 0, 0.5, 3.5], "rotation": 270, "texture": "#0"},
				"south": {"uv": [0, 0, 0.5, 0.4], "rotation": 270, "texture": "#0"},
				"west": {"uv": [0, 0, 0.5, 3.5], "rotation": 90, "texture": "#0"},
				"up": {"uv": [0, 0, 0.4, 3.5], "rotation": 180, "texture": "#0"},
				"down": {"uv": [0, 0, 0.4, 3.5], "texture": "#0"}
			}
		},
		{
			"from": [7.5, 8.17523, 3.60372],
			"to": [7.9, 8.67523, 5.60372],
			"rotation": {"angle": 0, "axis": "x", "origin": [6.61732, 8.17523, 2.0276]},
			"faces": {
				"north": {"uv": [0, 0, 0.5, 0.4], "rotation": 270, "texture": "#0"},
				"east": {"uv": [0, 0, 0.5, 2], "rotation": 270, "texture": "#0"},
				"south": {"uv": [0, 0, 0.5, 0.4], "rotation": 270, "texture": "#0"},
				"west": {"uv": [0, 0, 0.5, 2], "rotation": 90, "texture": "#0"},
				"up": {"uv": [0, 0, 0.4, 2], "rotation": 180, "texture": "#0"},
				"down": {"uv": [0, 0, 0.4, 2], "texture": "#0"}
			}
		},
		{
			"from": [7.5, 7.61014, 3.41504],
			"to": [7.9, 8.11014, 3.91504],
			"rotation": {"angle": -22.5, "axis": "x", "origin": [6.61732, 7.61014, 2.33891]},
			"faces": {
				"north": {"uv": [0, 0, 0.5, 0.4], "rotation": 270, "texture": "#0"},
				"east": {"uv": [0, 0, 0.5, 0.5], "rotation": 270, "texture": "#0"},
				"south": {"uv": [0, 0, 0.5, 0.4], "rotation": 270, "texture": "#0"},
				"west": {"uv": [0, 0, 0.5, 0.5], "rotation": 90, "texture": "#0"},
				"up": {"uv": [0, 0, 0.4, 0.5], "rotation": 180, "texture": "#0"},
				"down": {"uv": [0, 0, 0.4, 0.5], "texture": "#0"}
			}
		},
		{
			"from": [7.5, 7.01585, 3.45697],
			"to": [7.9, 7.51585, 3.95697],
			"rotation": {"angle": -45, "axis": "x", "origin": [6.61732, 7.01585, 2.38085]},
			"faces": {
				"north": {"uv": [0, 0, 0.5, 0.4], "rotation": 270, "texture": "#0"},
				"east": {"uv": [0, 0, 0.5, 0.5], "rotation": 270, "texture": "#0"},
				"south": {"uv": [0, 0, 0.5, 0.4], "rotation": 270, "texture": "#0"},
				"west": {"uv": [0, 0, 0.5, 0.5], "rotation": 90, "texture": "#0"},
				"up": {"uv": [0, 0, 0.4, 0.5], "rotation": 180, "texture": "#0"},
				"down": {"uv": [0, 0, 0.4, 0.5], "texture": "#0"}
			}
		},
		{
			"from": [7.5, 7.55897, 2.14701],
			"to": [7.9, 8.05897, 2.64701],
			"rotation": {"angle": 22.5, "axis": "x", "origin": [6.61732, 6.48285, 2.64701]},
			"faces": {
				"north": {"uv": [0, 0, 0.4, 0.5], "texture": "#0"},
				"east": {"uv": [0, 0, 0.5, 0.5], "texture": "#0"},
				"south": {"uv": [0, 0, 0.4, 0.5], "texture": "#0"},
				"west": {"uv": [0, 0, 0.5, 0.5], "texture": "#0"},
				"up": {"uv": [0, 0, 0.5, 0.4], "rotation": 270, "texture": "#0"},
				"down": {"uv": [0, 0, 0.5, 0.4], "rotation": 90, "texture": "#0"}
			}
		},
		{
			"from": [7.5, 7.1684, 2.59688],
			"to": [7.9, 7.6684, 3.09688],
			"rotation": {"angle": 0, "axis": "x", "origin": [6.61732, 6.09228, 3.09688]},
			"faces": {
				"north": {"uv": [0, 0, 0.4, 0.5], "texture": "#0"},
				"east": {"uv": [0, 0, 0.5, 0.5], "texture": "#0"},
				"south": {"uv": [0, 0, 0.4, 0.5], "texture": "#0"},
				"west": {"uv": [0, 0, 0.5, 0.5], "texture": "#0"},
				"up": {"uv": [0, 0, 0.5, 0.4], "rotation": 270, "texture": "#0"},
				"down": {"uv": [0, 0, 0.5, 0.4], "rotation": 90, "texture": "#0"}
			}
		},
		{
			"from": [7.5, 6.97971, 3.16198],
			"to": [7.9, 7.47971, 3.66198],
			"rotation": {"angle": -22.5, "axis": "x", "origin": [6.61732, 5.90359, 3.66198]},
			"faces": {
				"north": {"uv": [0, 0, 0.4, 0.5], "texture": "#0"},
				"east": {"uv": [0, 0, 0.5, 0.5], "texture": "#0"},
				"south": {"uv": [0, 0, 0.4, 0.5], "texture": "#0"},
				"west": {"uv": [0, 0, 0.5, 0.5], "texture": "#0"},
				"up": {"uv": [0, 0, 0.5, 0.4], "rotation": 270, "texture": "#0"},
				"down": {"uv": [0, 0, 0.5, 0.4], "rotation": 90, "texture": "#0"}
			}
		},
		{
			"from": [7.5, 7.02165, 3.75626],
			"to": [7.9, 7.52165, 4.25626],
			"rotation": {"angle": -45, "axis": "x", "origin": [6.61732, 5.94553, 4.25626]},
			"faces": {
				"north": {"uv": [0, 0, 0.4, 0.5], "texture": "#0"},
				"east": {"uv": [0, 0, 0.5, 0.5], "texture": "#0"},
				"south": {"uv": [0, 0, 0.4, 0.5], "texture": "#0"},
				"west": {"uv": [0, 0, 0.5, 0.5], "texture": "#0"},
				"up": {"uv": [0, 0, 0.5, 0.4], "rotation": 270, "texture": "#0"},
				"down": {"uv": [0, 0, 0.5, 0.4], "rotation": 90, "texture": "#0"}
			}
		},
		{
			"from": [7.5, 6.16156, 3.60372],
			"to": [7.9, 6.66156, 4.10372],
			"rotation": {"angle": 0, "axis": "x", "origin": [6.61732, 6.66156, 5.17984]},
			"faces": {
				"north": {"uv": [0, 0, 0.5, 0.4], "rotation": 90, "texture": "#0"},
				"east": {"uv": [0, 0, 0.5, 0.5], "rotation": 90, "texture": "#0"},
				"south": {"uv": [0, 0, 0.5, 0.4], "rotation": 90, "texture": "#0"},
				"west": {"uv": [0, 0, 0.5, 0.5], "rotation": 270, "texture": "#0"},
				"up": {"uv": [0, 0, 0.4, 0.5], "texture": "#0"},
				"down": {"uv": [0, 0, 0.4, 0.5], "rotation": 180, "texture": "#0"}
			}
		},
		{
			"from": [7.5, 5.71169, 3.21315],
			"to": [7.9, 6.21169, 3.71315],
			"rotation": {"angle": 22.5, "axis": "x", "origin": [6.61732, 6.21169, 4.78927]},
			"faces": {
				"north": {"uv": [0, 0, 0.5, 0.4], "rotation": 90, "texture": "#0"},
				"east": {"uv": [0, 0, 0.5, 0.5], "rotation": 90, "texture": "#0"},
				"south": {"uv": [0, 0, 0.5, 0.4], "rotation": 90, "texture": "#0"},
				"west": {"uv": [0, 0, 0.5, 0.5], "rotation": 270, "texture": "#0"},
				"up": {"uv": [0, 0, 0.4, 0.5], "texture": "#0"},
				"down": {"uv": [0, 0, 0.4, 0.5], "rotation": 180, "texture": "#0"}
			}
		},
		{
			"from": [7.5, 6.72666, 3.7924],
			"to": [7.9, 7.22666, 4.1924],
			"rotation": {"angle": -22.5, "axis": "x", "origin": [6.61732, 7.22666, 5.36852]},
			"faces": {
				"north": {"uv": [0, 0, 0.5, 0.4], "rotation": 90, "texture": "#0"},
				"east": {"uv": [0, 0, 0.5, 0.4], "rotation": 90, "texture": "#0"},
				"south": {"uv": [0, 0, 0.5, 0.4], "rotation": 90, "texture": "#0"},
				"west": {"uv": [0, 0, 0.5, 0.4], "rotation": 270, "texture": "#0"},
				"up": {"uv": [0, 0, 0.4, 0.4], "texture": "#0"},
				"down": {"uv": [0, 0, 0.4, 0.4], "rotation": 180, "texture": "#0"}
			}
		},
		{
			"from": [7.5, 7.28267, 3.65808],
			"to": [7.9, 7.78267, 4.05808],
			"rotation": {"angle": -45, "axis": "x", "origin": [6.61732, 7.78267, 5.2342]},
			"faces": {
				"north": {"uv": [0, 0, 0.5, 0.4], "rotation": 90, "texture": "#0"},
				"east": {"uv": [0, 0, 0.5, 0.4], "rotation": 90, "texture": "#0"},
				"south": {"uv": [0, 0, 0.5, 0.4], "rotation": 90, "texture": "#0"},
				"west": {"uv": [0, 0, 0.5, 0.4], "rotation": 270, "texture": "#0"},
				"up": {"uv": [0, 0, 0.4, 0.4], "texture": "#0"},
				"down": {"uv": [0, 0, 0.4, 0.4], "rotation": 180, "texture": "#0"}
			}
		},
		{
			"from": [7.5, 6.66885, 4.89733],
			"to": [7.9, 6.96885, 5.39733],
			"rotation": {"angle": 22.5, "axis": "x", "origin": [6.61732, 8.24497, 4.89733]},
			"faces": {
				"north": {"uv": [0, 0, 0.4, 0.3], "rotation": 180, "texture": "#0"},
				"east": {"uv": [0, 0, 0.5, 0.3], "rotation": 180, "texture": "#0"},
				"south": {"uv": [0, 0, 0.4, 0.3], "rotation": 180, "texture": "#0"},
				"west": {"uv": [0, 0, 0.5, 0.3], "rotation": 180, "texture": "#0"},
				"up": {"uv": [0, 0, 0.5, 0.4], "rotation": 90, "texture": "#0"},
				"down": {"uv": [0, 0, 0.5, 0.4], "rotation": 270, "texture": "#0"}
			}
		},
		{
			"from": [7.5, 6.87464, 4.37092],
			"to": [7.9, 7.17464, 4.87092],
			"rotation": {"angle": 0, "axis": "x", "origin": [6.61732, 8.45076, 4.37092]},
			"faces": {
				"north": {"uv": [0, 0, 0.4, 0.3], "rotation": 180, "texture": "#0"},
				"east": {"uv": [0, 0, 0.5, 0.3], "rotation": 180, "texture": "#0"},
				"south": {"uv": [0, 0, 0.4, 0.3], "rotation": 180, "texture": "#0"},
				"west": {"uv": [0, 0, 0.5, 0.3], "rotation": 180, "texture": "#0"},
				"up": {"uv": [0, 0, 0.5, 0.4], "rotation": 90, "texture": "#0"},
				"down": {"uv": [0, 0, 0.5, 0.4], "rotation": 270, "texture": "#0"}
			}
		},
		{
			"from": [7.5, 6.86333, 3.80582],
			"to": [7.9, 7.06333, 4.30582],
			"rotation": {"angle": -22.5, "axis": "x", "origin": [6.61732, 8.43945, 3.80582]},
			"faces": {
				"north": {"uv": [0, 0, 0.4, 0.2], "rotation": 180, "texture": "#0"},
				"east": {"uv": [0, 0, 0.5, 0.2], "rotation": 180, "texture": "#0"},
				"south": {"uv": [0, 0, 0.4, 0.2], "rotation": 180, "texture": "#0"},
				"west": {"uv": [0, 0, 0.5, 0.2], "rotation": 180, "texture": "#0"},
				"up": {"uv": [0, 0, 0.5, 0.4], "rotation": 90, "texture": "#0"},
				"down": {"uv": [0, 0, 0.5, 0.4], "rotation": 270, "texture": "#0"}
			}
		},
		{
			"from": [7.5, 6.54423, 3.32634],
			"to": [7.9, 6.74423, 3.82634],
			"rotation": {"angle": -45, "axis": "x", "origin": [6.61732, 8.12035, 3.32634]},
			"faces": {
				"north": {"uv": [0, 0, 0.4, 0.2], "rotation": 180, "texture": "#0"},
				"east": {"uv": [0, 0, 0.5, 0.2], "rotation": 180, "texture": "#0"},
				"south": {"uv": [0, 0, 0.4, 0.2], "rotation": 180, "texture": "#0"},
				"west": {"uv": [0, 0, 0.5, 0.2], "rotation": 180, "texture": "#0"},
				"up": {"uv": [0, 0, 0.5, 0.4], "rotation": 90, "texture": "#0"},
				"down": {"uv": [0, 0, 0.5, 0.4], "rotation": 270, "texture": "#0"}
			}
		},
		{
			"from": [7.5, 7.64206, 4.38159],
			"to": [7.9, 8.14206, 4.58159],
			"rotation": {"angle": 22.5, "axis": "x", "origin": [6.61732, 7.64206, 3.00547]},
			"faces": {
				"north": {"uv": [0, 0, 0.5, 0.4], "rotation": 270, "texture": "#0"},
				"east": {"uv": [0, 0, 0.5, 0.2], "rotation": 270, "texture": "#0"},
				"south": {"uv": [0, 0, 0.5, 0.4], "rotation": 270, "texture": "#0"},
				"west": {"uv": [0, 0, 0.5, 0.2], "rotation": 90, "texture": "#0"},
				"up": {"uv": [0, 0, 0.4, 0.2], "rotation": 180, "texture": "#0"},
				"down": {"uv": [0, 0, 0.4, 0.2], "texture": "#0"}
			}
		},
		{
			"from": [7.5, 5.9684, 2.59688],
			"to": [8, 7.1684, 2.79688],
			"rotation": {"angle": 0, "axis": "y", "origin": [6.61732, 7.09228, 3.09688]},
			"faces": {
				"north": {"uv": [0, 0, 0.5, 1.2], "texture": "#0"},
				"east": {"uv": [0, 0, 0.2, 1.2], "texture": "#0"},
				"south": {"uv": [0, 0, 0.5, 1.2], "texture": "#0"},
				"west": {"uv": [0, 0, 0.2, 1.2], "texture": "#0"},
				"up": {"uv": [0, 0, 0.2, 0.5], "rotation": 270, "texture": "#0"},
				"down": {"uv": [0, 0, 0.2, 0.5], "rotation": 90, "texture": "#0"}
			}
		},
		{
			"from": [7.5, 6.76333, 5.40582],
			"to": [7.9, 6.96333, 7.00582],
			"rotation": {"angle": 22.5, "axis": "x", "origin": [6.61732, 8.33945, 5.50582]},
			"faces": {
				"north": {"uv": [0, 0, 0.4, 0.2], "rotation": 180, "texture": "#0"},
				"east": {"uv": [0, 0, 1.6, 0.2], "rotation": 180, "texture": "#0"},
				"south": {"uv": [0, 0, 0.4, 0.2], "rotation": 180, "texture": "#0"},
				"west": {"uv": [0, 0, 1.6, 0.2], "rotation": 180, "texture": "#0"},
				"up": {"uv": [0, 0, 1.6, 0.4], "rotation": 90, "texture": "#0"},
				"down": {"uv": [0, 0, 1.6, 0.4], "rotation": 270, "texture": "#0"}
			}
		},
		{
			"from": [7.5, 7.73945, 6.4297],
			"to": [8, 8.13945, 6.6297],
			"rotation": {"angle": 22.5, "axis": "x", "origin": [6.61732, 9.13945, 8.00582]},
			"faces": {
				"north": {"uv": [0, 0, 0.4, 0.5], "rotation": 90, "texture": "#0"},
				"east": {"uv": [0, 0, 0.4, 0.2], "rotation": 90, "texture": "#0"},
				"south": {"uv": [0, 0, 0.4, 0.5], "rotation": 90, "texture": "#0"},
				"west": {"uv": [0, 0, 0.4, 0.2], "rotation": 270, "texture": "#0"},
				"up": {"uv": [0, 0, 0.5, 0.2], "texture": "#0"},
				"down": {"uv": [0, 0, 0.5, 0.2], "rotation": 180, "texture": "#0"}
			}
		},
		{
			"from": [-15.9, 6.54423, 3.32634],
			"to": [-15.5, 6.74423, 3.82634],
			"rotation": {"angle": -45, "axis": "x", "origin": [-16.88268, 8.12035, 3.32634]},
			"faces": {
				"north": {"uv": [0, 0, 0.4, 0.2], "rotation": 180, "texture": "#0"},
				"east": {"uv": [0, 0, 0.5, 0.2], "rotation": 180, "texture": "#0"},
				"south": {"uv": [0, 0, 0.4, 0.2], "rotation": 180, "texture": "#0"},
				"west": {"uv": [0, 0, 0.5, 0.2], "rotation": 180, "texture": "#0"},
				"up": {"uv": [0, 0, 0.5, 0.4], "rotation": 90, "texture": "#0"},
				"down": {"uv": [0, 0, 0.5, 0.4], "rotation": 270, "texture": "#0"}
			}
		},
		{
			"from": [-15.9, 8.17523, 3.60372],
			"to": [-15.5, 8.67523, 5.60372],
			"rotation": {"angle": 0, "axis": "y", "origin": [-16.88268, 8.17523, 2.0276]},
			"faces": {
				"north": {"uv": [0, 0, 0.5, 0.4], "rotation": 270, "texture": "#0"},
				"east": {"uv": [0, 0, 0.5, 2], "rotation": 270, "texture": "#0"},
				"south": {"uv": [0, 0, 0.5, 0.4], "rotation": 270, "texture": "#0"},
				"west": {"uv": [0, 0, 0.5, 2], "rotation": 90, "texture": "#0"},
				"up": {"uv": [0, 0, 0.4, 2], "rotation": 180, "texture": "#0"},
				"down": {"uv": [0, 0, 0.4, 2], "texture": "#0"}
			}
		},
		{
			"from": [-15.9, 7.64206, 4.38159],
			"to": [-15.5, 8.14206, 4.58159],
			"rotation": {"angle": 22.5, "axis": "x", "origin": [-16.88268, 7.64206, 3.00547]},
			"faces": {
				"north": {"uv": [0, 0, 0.5, 0.4], "rotation": 270, "texture": "#0"},
				"east": {"uv": [0, 0, 0.5, 0.2], "rotation": 270, "texture": "#0"},
				"south": {"uv": [0, 0, 0.5, 0.4], "rotation": 270, "texture": "#0"},
				"west": {"uv": [0, 0, 0.5, 0.2], "rotation": 90, "texture": "#0"},
				"up": {"uv": [0, 0, 0.4, 0.2], "rotation": 180, "texture": "#0"},
				"down": {"uv": [0, 0, 0.4, 0.2], "texture": "#0"}
			}
		},
		{
			"from": [-15.9, 6.86333, 3.80582],
			"to": [-15.5, 7.06333, 4.30582],
			"rotation": {"angle": -22.5, "axis": "x", "origin": [-16.88268, 8.43945, 3.80582]},
			"faces": {
				"north": {"uv": [0, 0, 0.4, 0.2], "rotation": 180, "texture": "#0"},
				"east": {"uv": [0, 0, 0.5, 0.2], "rotation": 180, "texture": "#0"},
				"south": {"uv": [0, 0, 0.4, 0.2], "rotation": 180, "texture": "#0"},
				"west": {"uv": [0, 0, 0.5, 0.2], "rotation": 180, "texture": "#0"},
				"up": {"uv": [0, 0, 0.5, 0.4], "rotation": 90, "texture": "#0"},
				"down": {"uv": [0, 0, 0.5, 0.4], "rotation": 270, "texture": "#0"}
			}
		},
		{
			"from": [-15.9, 6.87464, 4.37092],
			"to": [-15.5, 7.17464, 4.87092],
			"rotation": {"angle": 0, "axis": "y", "origin": [-16.88268, 8.45076, 4.37092]},
			"faces": {
				"north": {"uv": [0, 0, 0.4, 0.3], "rotation": 180, "texture": "#0"},
				"east": {"uv": [0, 0, 0.5, 0.3], "rotation": 180, "texture": "#0"},
				"south": {"uv": [0, 0, 0.4, 0.3], "rotation": 180, "texture": "#0"},
				"west": {"uv": [0, 0, 0.5, 0.3], "rotation": 180, "texture": "#0"},
				"up": {"uv": [0, 0, 0.5, 0.4], "rotation": 90, "texture": "#0"},
				"down": {"uv": [0, 0, 0.5, 0.4], "rotation": 270, "texture": "#0"}
			}
		},
		{
			"from": [-15.9, 6.66885, 4.89733],
			"to": [-15.5, 6.96885, 5.39733],
			"rotation": {"angle": 22.5, "axis": "x", "origin": [-16.88268, 8.24497, 4.89733]},
			"faces": {
				"north": {"uv": [0, 0, 0.4, 0.3], "rotation": 180, "texture": "#0"},
				"east": {"uv": [0, 0, 0.5, 0.3], "rotation": 180, "texture": "#0"},
				"south": {"uv": [0, 0, 0.4, 0.3], "rotation": 180, "texture": "#0"},
				"west": {"uv": [0, 0, 0.5, 0.3], "rotation": 180, "texture": "#0"},
				"up": {"uv": [0, 0, 0.5, 0.4], "rotation": 90, "texture": "#0"},
				"down": {"uv": [0, 0, 0.5, 0.4], "rotation": 270, "texture": "#0"}
			}
		},
		{
			"from": [-15.9, 7.28267, 3.65808],
			"to": [-15.5, 7.78267, 4.05808],
			"rotation": {"angle": -45, "axis": "x", "origin": [-16.88268, 7.78267, 5.2342]},
			"faces": {
				"north": {"uv": [0, 0, 0.5, 0.4], "rotation": 90, "texture": "#0"},
				"east": {"uv": [0, 0, 0.5, 0.4], "rotation": 90, "texture": "#0"},
				"south": {"uv": [0, 0, 0.5, 0.4], "rotation": 90, "texture": "#0"},
				"west": {"uv": [0, 0, 0.5, 0.4], "rotation": 270, "texture": "#0"},
				"up": {"uv": [0, 0, 0.4, 0.4], "texture": "#0"},
				"down": {"uv": [0, 0, 0.4, 0.4], "rotation": 180, "texture": "#0"}
			}
		},
		{
			"from": [-15.9, 6.72666, 3.7924],
			"to": [-15.5, 7.22666, 4.1924],
			"rotation": {"angle": -22.5, "axis": "x", "origin": [-16.88268, 7.22666, 5.36852]},
			"faces": {
				"north": {"uv": [0, 0, 0.5, 0.4], "rotation": 90, "texture": "#0"},
				"east": {"uv": [0, 0, 0.5, 0.4], "rotation": 90, "texture": "#0"},
				"south": {"uv": [0, 0, 0.5, 0.4], "rotation": 90, "texture": "#0"},
				"west": {"uv": [0, 0, 0.5, 0.4], "rotation": 270, "texture": "#0"},
				"up": {"uv": [0, 0, 0.4, 0.4], "texture": "#0"},
				"down": {"uv": [0, 0, 0.4, 0.4], "rotation": 180, "texture": "#0"}
			}
		},
		{
			"from": [-15.9, 6.16156, 3.60372],
			"to": [-15.5, 6.66156, 4.10372],
			"rotation": {"angle": 0, "axis": "y", "origin": [-16.88268, 6.66156, 5.17984]},
			"faces": {
				"north": {"uv": [0, 0, 0.5, 0.4], "rotation": 90, "texture": "#0"},
				"east": {"uv": [0, 0, 0.5, 0.5], "rotation": 90, "texture": "#0"},
				"south": {"uv": [0, 0, 0.5, 0.4], "rotation": 90, "texture": "#0"},
				"west": {"uv": [0, 0, 0.5, 0.5], "rotation": 270, "texture": "#0"},
				"up": {"uv": [0, 0, 0.4, 0.5], "texture": "#0"},
				"down": {"uv": [0, 0, 0.4, 0.5], "rotation": 180, "texture": "#0"}
			}
		},
		{
			"from": [-15.9, 5.71169, 3.21315],
			"to": [-15.5, 6.21169, 3.71315],
			"rotation": {"angle": 22.5, "axis": "x", "origin": [-16.88268, 6.21169, 4.78927]},
			"faces": {
				"north": {"uv": [0, 0, 0.5, 0.4], "rotation": 90, "texture": "#0"},
				"east": {"uv": [0, 0, 0.5, 0.5], "rotation": 90, "texture": "#0"},
				"south": {"uv": [0, 0, 0.5, 0.4], "rotation": 90, "texture": "#0"},
				"west": {"uv": [0, 0, 0.5, 0.5], "rotation": 270, "texture": "#0"},
				"up": {"uv": [0, 0, 0.4, 0.5], "texture": "#0"},
				"down": {"uv": [0, 0, 0.4, 0.5], "rotation": 180, "texture": "#0"}
			}
		},
		{
			"from": [-15.9, 6.97971, 3.16198],
			"to": [-15.5, 7.47971, 3.66198],
			"rotation": {"angle": -22.5, "axis": "x", "origin": [-16.88268, 5.90359, 3.66198]},
			"faces": {
				"north": {"uv": [0, 0, 0.4, 0.5], "texture": "#0"},
				"east": {"uv": [0, 0, 0.5, 0.5], "texture": "#0"},
				"south": {"uv": [0, 0, 0.4, 0.5], "texture": "#0"},
				"west": {"uv": [0, 0, 0.5, 0.5], "texture": "#0"},
				"up": {"uv": [0, 0, 0.5, 0.4], "rotation": 270, "texture": "#0"},
				"down": {"uv": [0, 0, 0.5, 0.4], "rotation": 90, "texture": "#0"}
			}
		},
		{
			"from": [-15.9, 7.02165, 3.75626],
			"to": [-15.5, 7.52165, 4.25626],
			"rotation": {"angle": -45, "axis": "x", "origin": [-16.88268, 5.94553, 4.25626]},
			"faces": {
				"north": {"uv": [0, 0, 0.4, 0.5], "texture": "#0"},
				"east": {"uv": [0, 0, 0.5, 0.5], "texture": "#0"},
				"south": {"uv": [0, 0, 0.4, 0.5], "texture": "#0"},
				"west": {"uv": [0, 0, 0.5, 0.5], "texture": "#0"},
				"up": {"uv": [0, 0, 0.5, 0.4], "rotation": 270, "texture": "#0"},
				"down": {"uv": [0, 0, 0.5, 0.4], "rotation": 90, "texture": "#0"}
			}
		},
		{
			"from": [-15.9, 7.1684, 2.59688],
			"to": [-15.5, 7.6684, 3.09688],
			"rotation": {"angle": 0, "axis": "y", "origin": [-16.88268, 6.09228, 3.09688]},
			"faces": {
				"north": {"uv": [0, 0, 0.4, 0.5], "texture": "#0"},
				"east": {"uv": [0, 0, 0.5, 0.5], "texture": "#0"},
				"south": {"uv": [0, 0, 0.4, 0.5], "texture": "#0"},
				"west": {"uv": [0, 0, 0.5, 0.5], "texture": "#0"},
				"up": {"uv": [0, 0, 0.5, 0.4], "rotation": 270, "texture": "#0"},
				"down": {"uv": [0, 0, 0.5, 0.4], "rotation": 90, "texture": "#0"}
			}
		},
		{
			"from": [-15.9, 7.55897, 2.14701],
			"to": [-15.5, 8.05897, 2.64701],
			"rotation": {"angle": 22.5, "axis": "x", "origin": [-16.88268, 6.48285, 2.64701]},
			"faces": {
				"north": {"uv": [0, 0, 0.4, 0.5], "texture": "#0"},
				"east": {"uv": [0, 0, 0.5, 0.5], "texture": "#0"},
				"south": {"uv": [0, 0, 0.4, 0.5], "texture": "#0"},
				"west": {"uv": [0, 0, 0.5, 0.5], "texture": "#0"},
				"up": {"uv": [0, 0, 0.5, 0.4], "rotation": 270, "texture": "#0"},
				"down": {"uv": [0, 0, 0.5, 0.4], "rotation": 90, "texture": "#0"}
			}
		},
		{
			"from": [-15.9, 7.01585, 3.45697],
			"to": [-15.5, 7.51585, 3.95697],
			"rotation": {"angle": -45, "axis": "x", "origin": [-16.88268, 7.01585, 2.38085]},
			"faces": {
				"north": {"uv": [0, 0, 0.5, 0.4], "rotation": 270, "texture": "#0"},
				"east": {"uv": [0, 0, 0.5, 0.5], "rotation": 270, "texture": "#0"},
				"south": {"uv": [0, 0, 0.5, 0.4], "rotation": 270, "texture": "#0"},
				"west": {"uv": [0, 0, 0.5, 0.5], "rotation": 90, "texture": "#0"},
				"up": {"uv": [0, 0, 0.4, 0.5], "rotation": 180, "texture": "#0"},
				"down": {"uv": [0, 0, 0.4, 0.5], "texture": "#0"}
			}
		},
		{
			"from": [-15.9, 7.61014, 3.41504],
			"to": [-15.5, 8.11014, 3.91504],
			"rotation": {"angle": -22.5, "axis": "x", "origin": [-16.88268, 7.61014, 2.33891]},
			"faces": {
				"north": {"uv": [0, 0, 0.5, 0.4], "rotation": 270, "texture": "#0"},
				"east": {"uv": [0, 0, 0.5, 0.5], "rotation": 270, "texture": "#0"},
				"south": {"uv": [0, 0, 0.5, 0.4], "rotation": 270, "texture": "#0"},
				"west": {"uv": [0, 0, 0.5, 0.5], "rotation": 90, "texture": "#0"},
				"up": {"uv": [0, 0, 0.4, 0.5], "rotation": 180, "texture": "#0"},
				"down": {"uv": [0, 0, 0.4, 0.5], "texture": "#0"}
			}
		},
		{
			"from": [-15.9, 5.9684, 2.59688],
			"to": [-15.5, 7.1684, 2.79688],
			"rotation": {"angle": 0, "axis": "y", "origin": [-16.88268, 7.09228, 3.09688]},
			"faces": {
				"north": {"uv": [0, 0, 0.4, 1.2], "texture": "#0"},
				"east": {"uv": [0, 0, 0.2, 1.2], "texture": "#0"},
				"south": {"uv": [0, 0, 0.4, 1.2], "texture": "#0"},
				"west": {"uv": [0, 0, 0.2, 1.2], "texture": "#0"},
				"up": {"uv": [0, 0, 0.2, 0.4], "rotation": 270, "texture": "#0"},
				"down": {"uv": [0, 0, 0.2, 0.4], "rotation": 90, "texture": "#0"}
			}
		},
		{
			"from": [-15.9, 6.76333, 5.40582],
			"to": [-15.5, 6.96333, 7.00582],
			"rotation": {"angle": 22.5, "axis": "x", "origin": [-16.88268, 8.33945, 5.50582]},
			"faces": {
				"north": {"uv": [0, 0, 0.4, 0.2], "rotation": 180, "texture": "#0"},
				"east": {"uv": [0, 0, 1.6, 0.2], "rotation": 180, "texture": "#0"},
				"south": {"uv": [0, 0, 0.4, 0.2], "rotation": 180, "texture": "#0"},
				"west": {"uv": [0, 0, 1.6, 0.2], "rotation": 180, "texture": "#0"},
				"up": {"uv": [0, 0, 1.6, 0.4], "rotation": 90, "texture": "#0"},
				"down": {"uv": [0, 0, 1.6, 0.4], "rotation": 270, "texture": "#0"}
			}
		},
		{
			"from": [-15.9, 8.1461, 5.60951],
			"to": [-15.5, 8.6461, 9.10951],
			"rotation": {"angle": -22.5, "axis": "x", "origin": [-16.88268, 8.1461, 5.53339]},
			"faces": {
				"north": {"uv": [0, 0, 0.5, 0.4], "rotation": 270, "texture": "#0"},
				"east": {"uv": [0, 0, 0.5, 3.5], "rotation": 270, "texture": "#0"},
				"south": {"uv": [0, 0, 0.5, 0.4], "rotation": 270, "texture": "#0"},
				"west": {"uv": [0, 0, 0.5, 3.5], "rotation": 90, "texture": "#0"},
				"up": {"uv": [0, 0, 0.4, 3.5], "rotation": 180, "texture": "#0"},
				"down": {"uv": [0, 0, 0.4, 3.5], "texture": "#0"}
			}
		}
	],
	"display": {
		"thirdperson_righthand": {
			"translation": [5.75, 0, 0]
		},
		"thirdperson_lefthand": {
			"translation": [-16.5, 0, 0]
		},
		"firstperson_righthand": {
			"rotation": [0, 180, 0],
			"translation": [-31.5, 0, 0]
		},
		"firstperson_lefthand": {
			"rotation": [0, 180, 0],
			"translation": [-7, 0, 0]
		},
		"head": {
			"translation": [26.5, -27.5, 9.5],
			"scale": [2.2, 2, 2]
		}
	}
}