{
	"credit": "Made with Blockbench",
	"textures": {
		"0": "item/cut_sandstonemodif",
		"particle": "item/cut_sandstonemodif"
	},
	"elements": [
		{
			"from": [0, 0, 0],
			"to": [2, 32, 2],
			"faces": {
				"north": {"uv": [0, 0, 2, 16], "texture": "#0"},
				"east": {"uv": [0, 0, 2, 16], "texture": "#0"},
				"south": {"uv": [0, 0, 2, 16], "texture": "#0"},
				"west": {"uv": [0, 0, 2, 16], "texture": "#0"},
				"up": {"uv": [0, 0, 2, 2], "texture": "#0"},
				"down": {"uv": [0, 0, 2, 2], "texture": "#0"}
			}
		}
	],
	"display": {
		"head": {
			"translation": [11.25, 0, 33.25],
			"scale": [1.6, 1.6, 1.6]
		}
	}
}