{
	"credit": "Made with Blockbench",
	"textures": {
		"2": "item/texture",
		"3": "item/bar2",
		"4": "item/cut_sandstonemodif",
		"particle": "item/texture"
	},
	"elements": [
		{
			"from": [15.7, 1, 7.45],
			"to": [16.2, 12, 8.15],
			"rotation": {"angle": 0, "axis": "y", "origin": [0, 1, 0]},
			"faces": {
				"north": {"uv": [0, 0, 0.5, 9], "texture": "#2"},
				"east": {"uv": [0, 0, 0.5, 9], "texture": "#2"},
				"south": {"uv": [0, 0, 0.5, 9], "texture": "#2"},
				"west": {"uv": [0, 0, 0.5, 9], "texture": "#2"},
				"up": {"uv": [0, 0, 0.5, 0.5], "texture": "#2"},
				"down": {"uv": [0, 0, 0.5, 0.5], "texture": "#2"}
			}
		},
		{
			"from": [-0.2, 1, 7.45],
			"to": [0.3, 12, 8.15],
			"rotation": {"angle": 0, "axis": "y", "origin": [0, 1, 0]},
			"faces": {
				"north": {"uv": [0, 0, 0.5, 9], "texture": "#2"},
				"east": {"uv": [0, 0, 0.5, 9], "texture": "#2"},
				"south": {"uv": [0, 0, 0.5, 9], "texture": "#2"},
				"west": {"uv": [0, 0, 0.5, 9], "texture": "#2"},
				"up": {"uv": [0, 0, 0.5, 0.5], "texture": "#2"},
				"down": {"uv": [0, 0, 0.5, 0.5], "texture": "#2"}
			}
		},
		{
			"from": [0.3, 2, 7.45],
			"to": [15.7, 3, 8.15],
			"rotation": {"angle": 0, "axis": "y", "origin": [0, 1, 0]},
			"faces": {
				"north": {"uv": [0, 0, 15, 0.5], "texture": "#2"},
				"east": {"uv": [0, 0, 0.5, 0.5], "texture": "#2"},
				"south": {"uv": [0, 0, 15, 0.5], "texture": "#2"},
				"west": {"uv": [0, 0, 0.5, 0.5], "texture": "#2"},
				"up": {"uv": [0, 0, 15, 0.5], "texture": "#2"},
				"down": {"uv": [0, 0, 15, 0.5], "texture": "#2"}
			}
		},
		{
			"from": [0.3, 10, 7.45],
			"to": [15.7, 10.9, 8.15],
			"rotation": {"angle": 0, "axis": "y", "origin": [0, -1.9, 0]},
			"faces": {
				"north": {"uv": [0, 0, 15, 0.5], "texture": "#2"},
				"east": {"uv": [0, 0, 0.5, 0.5], "texture": "#2"},
				"south": {"uv": [0, 0, 15, 0.5], "texture": "#2"},
				"west": {"uv": [0, 0, 0.5, 0.5], "texture": "#2"},
				"up": {"uv": [0, 0, 15, 0.5], "texture": "#2"},
				"down": {"uv": [0, 0, 15, 0.5], "texture": "#2"}
			}
		},
		{
			"from": [0.5, 3, 7.8],
			"to": [15.5, 10, 7.8],
			"rotation": {"angle": 0, "axis": "y", "origin": [13.5, 3, 7.8]},
			"faces": {
				"north": {"uv": [8.75, 0, 16, 6.5], "texture": "#3"},
				"east": {"uv": [0, 0, 0, 10.1], "texture": "#missing"},
				"south": {"uv": [8.75, 0, 16, 6.35], "texture": "#3"},
				"west": {"uv": [0, 0, 0, 10.1], "texture": "#missing"},
				"up": {"uv": [0, 0, 15.1, 0], "texture": "#missing"},
				"down": {"uv": [0, 0, 15.1, 0], "texture": "#missing"}
			}
		},
		{
			"from": [0, 0, 6.5],
			"to": [16, 1, 10],
			"rotation": {"angle": 0, "axis": "y", "origin": [0, 0, 8]},
			"faces": {
				"north": {"uv": [0, 0, 16, 1], "texture": "#4"},
				"east": {"uv": [0, 0, 3.5, 1], "texture": "#4"},
				"south": {"uv": [0, 0, 16, 1], "texture": "#4"},
				"west": {"uv": [0, 0, 3.5, 1], "texture": "#4"},
				"up": {"uv": [0, 0, 16, 3.5], "texture": "#4"},
				"down": {"uv": [0, 0, 16, 3.5], "texture": "#4"}
			}
		}
	],
	"display": {
		"head": {
			"translation": [0, -31.25, 12.25],
			"scale": [1.5707, 1.6, 1.6]
		}
	},
	"groups": [
		0,
		1,
		2,
		3,
		{
			"name": "hexadecagon",
			"origin": [8, 8, 8],
			"color": 0,
			"children": []
		},
		4,
		5
	]
}