{
	"credit": "Made with Blockbench",
	"textures": {
		"1": "item/cercle",
		"2": "item/texture",
		"3": "item/bar",
		"particle": "item/texture"
	},
	"elements": [
		{
			"from": [15.5, 0, 7.25],
			"to": [16.2, 17, 8.35],
			"faces": {
				"north": {"uv": [0, 0, 0.5, 9], "texture": "#2"},
				"east": {"uv": [0, 0, 0.5, 9], "texture": "#2"},
				"south": {"uv": [0, 0, 0.5, 9], "texture": "#2"},
				"west": {"uv": [0, 0, 0.5, 9], "texture": "#2"},
				"up": {"uv": [0, 0, 0.5, 0.5], "texture": "#2"},
				"down": {"uv": [0, 0, 0.5, 0.5], "texture": "#2"}
			}
		},
		{
			"from": [0.5, 15.5, 7.25],
			"to": [15.5, 16.4, 8.35],
			"faces": {
				"north": {"uv": [0, 0, 15, 0.5], "texture": "#2"},
				"east": {"uv": [0, 0, 0.5, 0.5], "texture": "#2"},
				"south": {"uv": [0, 0, 15, 0.5], "texture": "#2"},
				"west": {"uv": [0, 0, 0.5, 0.5], "texture": "#2"},
				"up": {"uv": [0, 0, 15, 0.5], "texture": "#2"},
				"down": {"uv": [0, 0, 15, 0.5], "texture": "#2"}
			}
		},
		{
			"from": [-0.2, 0, 7.25],
			"to": [0.5, 17, 8.35],
			"faces": {
				"north": {"uv": [0, 0, 0.5, 9], "texture": "#2"},
				"east": {"uv": [0, 0, 0.5, 9], "texture": "#2"},
				"south": {"uv": [0, 0, 0.5, 9], "texture": "#2"},
				"west": {"uv": [0, 0, 0.5, 9], "texture": "#2"},
				"up": {"uv": [0, 0, 0.5, 0.5], "texture": "#2"},
				"down": {"uv": [0, 0, 0.5, 0.5], "texture": "#2"}
			}
		},
		{
			"from": [0.5, 1, 7.25],
			"to": [15.5, 2, 8.35],
			"faces": {
				"north": {"uv": [0, 0, 15, 0.5], "texture": "#2"},
				"east": {"uv": [0, 0, 0.5, 0.5], "texture": "#2"},
				"south": {"uv": [0, 0, 15, 0.5], "texture": "#2"},
				"west": {"uv": [0, 0, 0.5, 0.5], "texture": "#2"},
				"up": {"uv": [0, 0, 15, 0.5], "texture": "#2"},
				"down": {"uv": [0, 0, 15, 0.5], "texture": "#2"}
			}
		},
		{
			"from": [0.5, 12.1, 7.25],
			"to": [15.5, 13, 8.35],
			"rotation": {"angle": 0, "axis": "y", "origin": [0, 0.2, 0]},
			"faces": {
				"north": {"uv": [0, 0, 15, 0.5], "texture": "#2"},
				"east": {"uv": [0, 0, 0.5, 0.5], "texture": "#2"},
				"south": {"uv": [0, 0, 15, 0.5], "texture": "#2"},
				"west": {"uv": [0, 0, 0.5, 0.5], "texture": "#2"},
				"up": {"uv": [0, 0, 15, 0.5], "texture": "#2"},
				"down": {"uv": [0, 0, 15, 0.5], "texture": "#2"}
			}
		},
		{
			"from": [0.5, 13, 7.8],
			"to": [15.5, 15.5, 7.8],
			"rotation": {"angle": 0, "axis": "y", "origin": [12, 15, 7.8]},
			"faces": {
				"north": {"uv": [0, 0, 16, 16], "texture": "#1"},
				"east": {"uv": [0, 0, 0, 2.5], "texture": "#missing"},
				"south": {"uv": [0, 0, 16, 16], "texture": "#1"},
				"west": {"uv": [0, 0, 0, 2.5], "texture": "#missing"},
				"up": {"uv": [0, 0, 15, 0], "texture": "#missing"},
				"down": {"uv": [0, 0, 15, 0], "texture": "#missing"}
			}
		},
		{
			"from": [0.5, 2, 7.8],
			"to": [15.5, 12.1, 7.8],
			"rotation": {"angle": 0, "axis": "y", "origin": [13.5, 2, 7.8]},
			"faces": {
				"north": {"uv": [0, 0, 16, 0.5], "texture": "#3"},
				"east": {"uv": [0, 0, 0, 10.1], "texture": "#missing"},
				"south": {"uv": [0, 0, 16, 0.35], "texture": "#3"},
				"west": {"uv": [0, 0, 0, 10.1], "texture": "#missing"},
				"up": {"uv": [0, 0, 15.1, 0], "texture": "#missing"},
				"down": {"uv": [0, 0, 15.1, 0], "texture": "#missing"}
			}
		}
	],
	"display": {
		"head": {
			"translation": [0, -31.25, 12.25],
			"scale": [1.5707, 1.6, 1.6]
		}
	},
	"groups": [
		0,
		1,
		2,
		3,
		4,
		{
			"name": "hexadecagon",
			"origin": [8, 8, 8],
			"color": 0,
			"children": []
		},
		5,
		6
	]
}