{
	"credit": "Made with Blockbench",
	"textures": {
		"1": "item/dark_prismarine"
	},
	"elements": [
		{
			"from": [-0.02983, 0.1117, -1],
			"to": [0.97017, 16.2117, 0],
			"rotation": {"angle": 0, "axis": "y", "origin": [-0.02983, -0.6883, -1]},
			"faces": {
				"north": {"uv": [0, 0, 1, 16], "texture": "#1"},
				"east": {"uv": [0, 0, 1, 16], "texture": "#1"},
				"south": {"uv": [0, 0, 1, 16], "texture": "#1"},
				"west": {"uv": [0, 0, 1, 16], "texture": "#1"},
				"up": {"uv": [0, 0, 1, 1], "texture": "#1"},
				"down": {"uv": [0, 0, 1, 1], "texture": "#1"}
			}
		},
		{
			"from": [1.45941, -0.85338, -1],
			"to": [24.05941, 0.44662, 0],
			"rotation": {"angle": 45, "axis": "z", "origin": [1.05941, -1.55338, -1]},
			"faces": {
				"north": {"uv": [0, 0, 16, 1.3], "texture": "#1"},
				"east": {"uv": [0, 0, 1, 1.3], "texture": "#1"},
				"south": {"uv": [0, 0, 16, 1.3], "texture": "#1"},
				"west": {"uv": [0, 0, 1, 1.3], "texture": "#1"},
				"up": {"uv": [0, 0, 16, 1], "texture": "#1"},
				"down": {"uv": [0, 0, 16, 1], "texture": "#1"}
			}
		},
		{
			"from": [2.47017, 2.7117, -1],
			"to": [3.47017, 18.7117, 0],
			"rotation": {"angle": 0, "axis": "y", "origin": [2.47017, 0.7117, -1]},
			"faces": {
				"north": {"uv": [0, 0, 1, 16], "texture": "#1"},
				"east": {"uv": [0, 0, 1, 16], "texture": "#1"},
				"south": {"uv": [0, 0, 1, 16], "texture": "#1"},
				"west": {"uv": [0, 0, 1, 16], "texture": "#1"},
				"up": {"uv": [0, 0, 1, 1], "texture": "#1"},
				"down": {"uv": [0, 0, 1, 1], "texture": "#1"}
			}
		},
		{
			"from": [4.97017, 5.1117, -1],
			"to": [5.97017, 21.1117, 0],
			"rotation": {"angle": 0, "axis": "y", "origin": [4.97017, 3.1117, -1]},
			"faces": {
				"north": {"uv": [0, 0, 1, 16], "texture": "#1"},
				"east": {"uv": [0, 0, 1, 16], "texture": "#1"},
				"south": {"uv": [0, 0, 1, 16], "texture": "#1"},
				"west": {"uv": [0, 0, 1, 16], "texture": "#1"},
				"up": {"uv": [0, 0, 1, 1], "texture": "#1"},
				"down": {"uv": [0, 0, 1, 1], "texture": "#1"}
			}
		},
		{
			"from": [7.47017, 7.7117, -1],
			"to": [8.47017, 23.7117, 0],
			"rotation": {"angle": 0, "axis": "y", "origin": [7.47017, 5.7117, -1]},
			"faces": {
				"north": {"uv": [0, 0, 1, 16], "texture": "#1"},
				"east": {"uv": [0, 0, 1, 16], "texture": "#1"},
				"south": {"uv": [0, 0, 1, 16], "texture": "#1"},
				"west": {"uv": [0, 0, 1, 16], "texture": "#1"},
				"up": {"uv": [0, 0, 1, 1], "texture": "#1"},
				"down": {"uv": [0, 0, 1, 1], "texture": "#1"}
			}
		},
		{
			"from": [9.97017, 10.1117, -1],
			"to": [10.97017, 26.2117, 0],
			"rotation": {"angle": 0, "axis": "y", "origin": [9.97017, 8.1117, -1]},
			"faces": {
				"north": {"uv": [0, 0, 1, 16], "texture": "#1"},
				"east": {"uv": [0, 0, 1, 16], "texture": "#1"},
				"south": {"uv": [0, 0, 1, 16], "texture": "#1"},
				"west": {"uv": [0, 0, 1, 16], "texture": "#1"},
				"up": {"uv": [0, 0, 1, 1], "texture": "#1"},
				"down": {"uv": [0, 0, 1, 1], "texture": "#1"}
			}
		},
		{
			"from": [12.47017, 12.6117, -1],
			"to": [13.47017, 28.7117, 0],
			"rotation": {"angle": 0, "axis": "y", "origin": [12.47017, 10.6117, -1]},
			"faces": {
				"north": {"uv": [0, 0, 1, 16], "texture": "#1"},
				"east": {"uv": [0, 0, 1, 16], "texture": "#1"},
				"south": {"uv": [0, 0, 1, 16], "texture": "#1"},
				"west": {"uv": [0, 0, 1, 16], "texture": "#1"},
				"up": {"uv": [0, 0, 1, 1], "texture": "#1"},
				"down": {"uv": [0, 0, 1, 1], "texture": "#1"}
			}
		},
		{
			"from": [14.97017, 14.3117, -1],
			"to": [15.97017, 31.1117, 0],
			"rotation": {"angle": 0, "axis": "y", "origin": [14.97017, 12.3117, -1]},
			"faces": {
				"north": {"uv": [0, 0, 1, 16], "texture": "#1"},
				"east": {"uv": [0, 0, 1, 16], "texture": "#1"},
				"south": {"uv": [0, 0, 1, 16], "texture": "#1"},
				"west": {"uv": [0, 0, 1, 16], "texture": "#1"},
				"up": {"uv": [0, 0, 1, 1], "texture": "#1"},
				"down": {"uv": [0, 0, 1, 1], "texture": "#1"}
			}
		},
		{
			"from": [1.45941, 14.14662, -1],
			"to": [24.05941, 15.44662, 0],
			"rotation": {"angle": 45, "axis": "z", "origin": [1.05941, 13.44662, -1]},
			"faces": {
				"north": {"uv": [0, 0, 16, 1.3], "texture": "#1"},
				"east": {"uv": [0, 0, 1, 1.3], "texture": "#1"},
				"south": {"uv": [0, 0, 16, 1.3], "texture": "#1"},
				"west": {"uv": [0, 0, 1, 1.3], "texture": "#1"},
				"up": {"uv": [0, 0, 16, 1], "texture": "#1"},
				"down": {"uv": [0, 0, 16, 1], "texture": "#1"}
			}
		}
	],
	"display": {
		"head": {
			"translation": [0, 0, 28.25],
			"scale": [1.6, 1.6, 1.6]
		}
	}
}