{
	"credit": "Made with Blockbench",
	"textures": {
		"0": "item/bleufonce",
		"particle": "item/bleufonce"
	},
	"elements": [
		{
			"from": [0, 0, 8.5],
			"to": [0.5, 16, 8.5],
			"rotation": {"angle": 0, "axis": "y", "origin": [-15, 0, 26]},
			"faces": {
				"north": {"uv": [0, 0, 1, 16], "texture": "#0"},
				"east": {"uv": [0, 0, 1, 16], "texture": "#0"},
				"south": {"uv": [0, 0, 1, 16], "texture": "#0"},
				"west": {"uv": [0, 0, 44, 0], "texture": "#0"},
				"up": {"uv": [0, 0, 1, 1], "texture": "#0"},
				"down": {"uv": [0, 0, 1, 1], "texture": "#0"}
			}
		},
		{
			"from": [0, 0, 8],
			"to": [0.5, 16, 8.5],
			"rotation": {"angle": 0, "axis": "y", "origin": [-15, 0, 26]},
			"faces": {
				"north": {"uv": [0, 0, 1, 16], "texture": "#0"},
				"east": {"uv": [0, 0, 1, 16], "texture": "#0"},
				"south": {"uv": [0, 0, 1, 16], "texture": "#0"},
				"west": {"uv": [0, 0, 44, 0], "texture": "#0"},
				"up": {"uv": [0, 0, 1, 1], "texture": "#0"},
				"down": {"uv": [0, 0, 1, 1], "texture": "#0"}
			}
		},
		{
			"from": [8, 0, 8],
			"to": [8.5, 16, 8.5],
			"rotation": {"angle": 0, "axis": "y", "origin": [-15, 0, 26]},
			"faces": {
				"north": {"uv": [0, 0, 1, 16], "texture": "#0"},
				"east": {"uv": [0, 0, 1, 16], "texture": "#0"},
				"south": {"uv": [0, 0, 1, 16], "texture": "#0"},
				"west": {"uv": [0, 0, 44, 0], "texture": "#0"},
				"up": {"uv": [0, 0, 1, 1], "texture": "#0"},
				"down": {"uv": [0, 0, 1, 1], "texture": "#0"}
			}
		},
		{
			"from": [0.23, 2.7, 8],
			"to": [1.23, 3.7, 8.5],
			"rotation": {"angle": 0, "axis": "y", "origin": [-4, 3, 8]},
			"faces": {
				"north": {"uv": [0, 0, 1, 1], "texture": "#0"},
				"east": {"uv": [0, 0, 0.5, 1], "texture": "#0"},
				"south": {"uv": [0, 0, 1, 1], "texture": "#0"},
				"west": {"uv": [0, 0, 0.5, 1], "texture": "#0"},
				"up": {"uv": [0, 0, 1, 0.5], "texture": "#0"},
				"down": {"uv": [0, 0, 1, 0.5], "texture": "#0"}
			}
		},
		{
			"from": [6.67849, -0.6, 8],
			"to": [7.47849, 0.45, 8.5],
			"rotation": {"angle": 22.5, "axis": "z", "origin": [1, 3, 8.5]},
			"faces": {
				"north": {"uv": [0, 0, 0.8, 1.05], "texture": "#0"},
				"east": {"uv": [0, 0, 0.5, 1.05], "texture": "#0"},
				"south": {"uv": [0, 0, 0.8, 1.05], "texture": "#0"},
				"west": {"uv": [0, 0, 0.5, 1.05], "texture": "#0"},
				"up": {"uv": [0, 0, 0.8, 0.5], "rotation": 180, "texture": "#0"},
				"down": {"uv": [0, 0, 0.8, 0.5], "rotation": 180, "texture": "#0"}
			}
		},
		{
			"from": [0.398, 3.62, 8],
			"to": [1.098, 4.75, 8.5],
			"rotation": {"angle": 22.5, "axis": "z", "origin": [1, 4, 8]},
			"faces": {
				"north": {"uv": [0, 0, 1.13, 0.7], "rotation": 270, "texture": "#0"},
				"east": {"uv": [0, 0, 1.13, 0.5], "rotation": 90, "texture": "#0"},
				"south": {"uv": [0, 0, 1.13, 0.7], "rotation": 90, "texture": "#0"},
				"west": {"uv": [0, 0, 1.13, 0.5], "rotation": 90, "texture": "#0"},
				"up": {"uv": [0, 0, 0.5, 0.7], "rotation": 90, "texture": "#0"},
				"down": {"uv": [0, 0, 0.5, 0.7], "rotation": 90, "texture": "#0"}
			}
		},
		{
			"from": [0.23, 4.7, 8],
			"to": [1.23, 5.7, 8.5],
			"rotation": {"angle": 0, "axis": "y", "origin": [-4, 5, 8]},
			"faces": {
				"north": {"uv": [0, 0, 1, 1], "texture": "#0"},
				"east": {"uv": [0, 0, 0.5, 1], "texture": "#0"},
				"south": {"uv": [0, 0, 1, 1], "texture": "#0"},
				"west": {"uv": [0, 0, 0.5, 1], "texture": "#0"},
				"up": {"uv": [0, 0, 1, 0.5], "texture": "#0"},
				"down": {"uv": [0, 0, 1, 0.5], "texture": "#0"}
			}
		},
		{
			"from": [0.52151, 3.77362, 8],
			"to": [1.32151, 4.82362, 8.5],
			"rotation": {"angle": -22.5, "axis": "z", "origin": [1, 5, 8.5]},
			"faces": {
				"north": {"uv": [0, 0, 0.8, 1.05], "texture": "#0"},
				"east": {"uv": [0, 0, 0.5, 1.05], "texture": "#0"},
				"south": {"uv": [0, 0, 0.8, 1.05], "texture": "#0"},
				"west": {"uv": [0, 0, 0.5, 1.05], "texture": "#0"},
				"up": {"uv": [0, 0, 0.8, 0.5], "texture": "#0"},
				"down": {"uv": [0, 0, 0.8, 0.5], "texture": "#0"}
			}
		},
		{
			"from": [0.398, 5.62, 8],
			"to": [1.098, 6.75, 8.5],
			"rotation": {"angle": 22.5, "axis": "z", "origin": [1, 6, 8]},
			"faces": {
				"north": {"uv": [0, 0, 1.13, 0.7], "rotation": 270, "texture": "#0"},
				"east": {"uv": [0, 0, 1.13, 0.5], "rotation": 90, "texture": "#0"},
				"south": {"uv": [0, 0, 1.13, 0.7], "rotation": 90, "texture": "#0"},
				"west": {"uv": [0, 0, 1.13, 0.5], "rotation": 90, "texture": "#0"},
				"up": {"uv": [0, 0, 0.5, 0.7], "rotation": 90, "texture": "#0"},
				"down": {"uv": [0, 0, 0.5, 0.7], "rotation": 90, "texture": "#0"}
			}
		},
		{
			"from": [0.23, 6.7, 8],
			"to": [1.23, 7.7, 8.5],
			"rotation": {"angle": 0, "axis": "y", "origin": [-4, 7, 8]},
			"faces": {
				"north": {"uv": [0, 0, 1, 1], "texture": "#0"},
				"east": {"uv": [0, 0, 0.5, 1], "texture": "#0"},
				"south": {"uv": [0, 0, 1, 1], "texture": "#0"},
				"west": {"uv": [0, 0, 0.5, 1], "texture": "#0"},
				"up": {"uv": [0, 0, 1, 0.5], "texture": "#0"},
				"down": {"uv": [0, 0, 1, 0.5], "texture": "#0"}
			}
		},
		{
			"from": [0.398, 3.62, 8],
			"to": [1.098, 4.75, 8.5],
			"rotation": {"angle": 22.5, "axis": "z", "origin": [1, 4, 8]},
			"faces": {
				"north": {"uv": [0, 0, 1.13, 0.7], "rotation": 270, "texture": "#0"},
				"east": {"uv": [0, 0, 1.13, 0.5], "rotation": 90, "texture": "#0"},
				"south": {"uv": [0, 0, 1.13, 0.7], "rotation": 90, "texture": "#0"},
				"west": {"uv": [0, 0, 1.13, 0.5], "rotation": 90, "texture": "#0"},
				"up": {"uv": [0, 0, 0.5, 0.7], "rotation": 90, "texture": "#0"},
				"down": {"uv": [0, 0, 0.5, 0.7], "rotation": 90, "texture": "#0"}
			}
		},
		{
			"from": [0.52151, 1.77362, 8],
			"to": [1.32151, 2.82362, 8.5],
			"rotation": {"angle": -22.5, "axis": "z", "origin": [1, 3, 8.5]},
			"faces": {
				"north": {"uv": [0, 0, 0.8, 1.05], "texture": "#0"},
				"east": {"uv": [0, 0, 0.5, 1.05], "texture": "#0"},
				"south": {"uv": [0, 0, 0.8, 1.05], "texture": "#0"},
				"west": {"uv": [0, 0, 0.5, 1.05], "texture": "#0"},
				"up": {"uv": [0, 0, 0.8, 0.5], "texture": "#0"},
				"down": {"uv": [0, 0, 0.8, 0.5], "texture": "#0"}
			}
		},
		{
			"from": [0.23, 2.7, 8],
			"to": [1.23, 3.7, 8.5],
			"rotation": {"angle": 0, "axis": "y", "origin": [-4, 3, 8]},
			"faces": {
				"north": {"uv": [0, 0, 1, 1], "texture": "#0"},
				"east": {"uv": [0, 0, 0.5, 1], "texture": "#0"},
				"south": {"uv": [0, 0, 1, 1], "texture": "#0"},
				"west": {"uv": [0, 0, 0.5, 1], "texture": "#0"},
				"up": {"uv": [0, 0, 1, 0.5], "texture": "#0"},
				"down": {"uv": [0, 0, 1, 0.5], "texture": "#0"}
			}
		},
		{
			"from": [0.52151, 5.77362, 8],
			"to": [1.32151, 6.82362, 8.5],
			"rotation": {"angle": -22.5, "axis": "z", "origin": [1, 7, 8.5]},
			"faces": {
				"north": {"uv": [0, 0, 0.8, 1.05], "texture": "#0"},
				"east": {"uv": [0, 0, 0.5, 1.05], "texture": "#0"},
				"south": {"uv": [0, 0, 0.8, 1.05], "texture": "#0"},
				"west": {"uv": [0, 0, 0.5, 1.05], "texture": "#0"},
				"up": {"uv": [0, 0, 0.8, 0.5], "texture": "#0"},
				"down": {"uv": [0, 0, 0.8, 0.5], "texture": "#0"}
			}
		},
		{
			"from": [0.398, 7.62, 8],
			"to": [1.098, 8.75, 8.5],
			"rotation": {"angle": 22.5, "axis": "z", "origin": [1, 8, 8]},
			"faces": {
				"north": {"uv": [0, 0, 1.13, 0.7], "rotation": 270, "texture": "#0"},
				"east": {"uv": [0, 0, 1.13, 0.5], "rotation": 90, "texture": "#0"},
				"south": {"uv": [0, 0, 1.13, 0.7], "rotation": 90, "texture": "#0"},
				"west": {"uv": [0, 0, 1.13, 0.5], "rotation": 90, "texture": "#0"},
				"up": {"uv": [0, 0, 0.5, 0.7], "rotation": 90, "texture": "#0"},
				"down": {"uv": [0, 0, 0.5, 0.7], "rotation": 90, "texture": "#0"}
			}
		},
		{
			"from": [0.23, 8.7, 8],
			"to": [1.23, 9.7, 8.5],
			"rotation": {"angle": 0, "axis": "y", "origin": [-4, 9, 8]},
			"faces": {
				"north": {"uv": [0, 0, 1, 1], "texture": "#0"},
				"east": {"uv": [0, 0, 0.5, 1], "texture": "#0"},
				"south": {"uv": [0, 0, 1, 1], "texture": "#0"},
				"west": {"uv": [0, 0, 0.5, 1], "texture": "#0"},
				"up": {"uv": [0, 0, 1, 0.5], "texture": "#0"},
				"down": {"uv": [0, 0, 1, 0.5], "texture": "#0"}
			}
		},
		{
			"from": [0.52151, 7.77362, 8],
			"to": [1.32151, 8.82362, 8.5],
			"rotation": {"angle": -22.5, "axis": "z", "origin": [1, 9, 8.5]},
			"faces": {
				"north": {"uv": [0, 0, 0.8, 1.05], "texture": "#0"},
				"east": {"uv": [0, 0, 0.5, 1.05], "texture": "#0"},
				"south": {"uv": [0, 0, 0.8, 1.05], "texture": "#0"},
				"west": {"uv": [0, 0, 0.5, 1.05], "texture": "#0"},
				"up": {"uv": [0, 0, 0.8, 0.5], "texture": "#0"},
				"down": {"uv": [0, 0, 0.8, 0.5], "texture": "#0"}
			}
		},
		{
			"from": [0.398, 9.62, 8],
			"to": [1.098, 10.75, 8.5],
			"rotation": {"angle": 22.5, "axis": "z", "origin": [1, 10, 8]},
			"faces": {
				"north": {"uv": [0, 0, 1.13, 0.7], "rotation": 270, "texture": "#0"},
				"east": {"uv": [0, 0, 1.13, 0.5], "rotation": 90, "texture": "#0"},
				"south": {"uv": [0, 0, 1.13, 0.7], "rotation": 90, "texture": "#0"},
				"west": {"uv": [0, 0, 1.13, 0.5], "rotation": 90, "texture": "#0"},
				"up": {"uv": [0, 0, 0.5, 0.7], "rotation": 90, "texture": "#0"},
				"down": {"uv": [0, 0, 0.5, 0.7], "rotation": 90, "texture": "#0"}
			}
		},
		{
			"from": [0.23, 10.7, 8],
			"to": [1.23, 11.7, 8.5],
			"rotation": {"angle": 0, "axis": "y", "origin": [-4, 11, 8]},
			"faces": {
				"north": {"uv": [0, 0, 1, 1], "texture": "#0"},
				"east": {"uv": [0, 0, 0.5, 1], "texture": "#0"},
				"south": {"uv": [0, 0, 1, 1], "texture": "#0"},
				"west": {"uv": [0, 0, 0.5, 1], "texture": "#0"},
				"up": {"uv": [0, 0, 1, 0.5], "texture": "#0"},
				"down": {"uv": [0, 0, 1, 0.5], "texture": "#0"}
			}
		},
		{
			"from": [0.52151, 9.77362, 8],
			"to": [1.32151, 10.82362, 8.5],
			"rotation": {"angle": -22.5, "axis": "z", "origin": [1, 11, 8.5]},
			"faces": {
				"north": {"uv": [0, 0, 0.8, 1.05], "texture": "#0"},
				"east": {"uv": [0, 0, 0.5, 1.05], "texture": "#0"},
				"south": {"uv": [0, 0, 0.8, 1.05], "texture": "#0"},
				"west": {"uv": [0, 0, 0.5, 1.05], "texture": "#0"},
				"up": {"uv": [0, 0, 0.8, 0.5], "texture": "#0"},
				"down": {"uv": [0, 0, 0.8, 0.5], "texture": "#0"}
			}
		},
		{
			"from": [0.398, 11.62, 8],
			"to": [1.098, 12.75, 8.5],
			"rotation": {"angle": 22.5, "axis": "z", "origin": [1, 12, 8]},
			"faces": {
				"north": {"uv": [0, 0, 1.13, 0.7], "rotation": 270, "texture": "#0"},
				"east": {"uv": [0, 0, 1.13, 0.5], "rotation": 90, "texture": "#0"},
				"south": {"uv": [0, 0, 1.13, 0.7], "rotation": 90, "texture": "#0"},
				"west": {"uv": [0, 0, 1.13, 0.5], "rotation": 90, "texture": "#0"},
				"up": {"uv": [0, 0, 0.5, 0.7], "rotation": 90, "texture": "#0"},
				"down": {"uv": [0, 0, 0.5, 0.7], "rotation": 90, "texture": "#0"}
			}
		},
		{
			"from": [0.23, 12.7, 8],
			"to": [1.23, 13.7, 8.5],
			"rotation": {"angle": 0, "axis": "y", "origin": [2, 2, 8]},
			"faces": {
				"north": {"uv": [0, 0, 1, 1], "texture": "#0"},
				"east": {"uv": [0, 0, 0.5, 1], "texture": "#0"},
				"south": {"uv": [0, 0, 1, 1], "texture": "#0"},
				"west": {"uv": [0, 0, 0.5, 1], "texture": "#0"},
				"up": {"uv": [0, 0, 1, 0.5], "texture": "#0"},
				"down": {"uv": [0, 0, 1, 0.5], "texture": "#0"}
			}
		},
		{
			"from": [-3.61189, 10.55361, 8],
			"to": [-2.81189, 11.60361, 8.5],
			"rotation": {"angle": -22.5, "axis": "z", "origin": [2, 2, 8]},
			"faces": {
				"north": {"uv": [0, 0, 0.8, 1.05], "texture": "#0"},
				"east": {"uv": [0, 0, 0.5, 1.05], "texture": "#0"},
				"south": {"uv": [0, 0, 0.8, 1.05], "texture": "#0"},
				"west": {"uv": [0, 0, 0.5, 1.05], "texture": "#0"},
				"up": {"uv": [0, 0, 0.8, 0.5], "texture": "#0"},
				"down": {"uv": [0, 0, 0.8, 0.5], "texture": "#0"}
			}
		},
		{
			"from": [5.06632, 13.08924, 8],
			"to": [5.76632, 14.58924, 8.5],
			"rotation": {"angle": 22.5, "axis": "z", "origin": [2, 2, 8]},
			"faces": {
				"north": {"uv": [0, 0, 1.5, 0.7], "rotation": 270, "texture": "#0"},
				"east": {"uv": [0, 0, 1.5, 0.5], "rotation": 90, "texture": "#0"},
				"south": {"uv": [0, 0, 1.5, 0.7], "rotation": 90, "texture": "#0"},
				"west": {"uv": [0, 0, 1.5, 0.5], "rotation": 90, "texture": "#0"},
				"up": {"uv": [0, 0, 0.5, 0.7], "rotation": 90, "texture": "#0"},
				"down": {"uv": [0, 0, 0.5, 0.7], "rotation": 90, "texture": "#0"}
			}
		},
		{
			"from": [7.23, 2.8, 8],
			"to": [8.23, 3.8, 8.5],
			"rotation": {"angle": 0, "axis": "y", "origin": [-4, 3, 8]},
			"faces": {
				"north": {"uv": [0, 0, 1, 1], "texture": "#0"},
				"east": {"uv": [0, 0, 0.5, 1], "texture": "#0"},
				"south": {"uv": [0, 0, 1, 1], "texture": "#0"},
				"west": {"uv": [0, 0, 0.5, 1], "texture": "#0"},
				"up": {"uv": [0, 0, 1, 0.5], "texture": "#0"},
				"down": {"uv": [0, 0, 1, 0.5], "texture": "#0"}
			}
		},
		{
			"from": [7.29, 3.9161, 8],
			"to": [7.99, 5.0461, 8.5],
			"rotation": {"angle": -22.5, "axis": "z", "origin": [7, 4, 8]},
			"faces": {
				"north": {"uv": [0, 0, 1.13, 0.7], "rotation": 270, "texture": "#0"},
				"east": {"uv": [0, 0, 1.13, 0.5], "rotation": 90, "texture": "#0"},
				"south": {"uv": [0, 0, 1.13, 0.7], "rotation": 90, "texture": "#0"},
				"west": {"uv": [0, 0, 1.13, 0.5], "rotation": 90, "texture": "#0"},
				"up": {"uv": [0, 0, 0.5, 0.7], "rotation": 90, "texture": "#0"},
				"down": {"uv": [0, 0, 0.5, 0.7], "rotation": 90, "texture": "#0"}
			}
		},
		{
			"from": [6.67849, 1.4, 8],
			"to": [7.47849, 2.45, 8.5],
			"rotation": {"angle": 22.5, "axis": "z", "origin": [1, 5, 8.5]},
			"faces": {
				"north": {"uv": [0, 0, 0.8, 1.05], "texture": "#0"},
				"east": {"uv": [0, 0, 0.5, 1.05], "texture": "#0"},
				"south": {"uv": [0, 0, 0.8, 1.05], "texture": "#0"},
				"west": {"uv": [0, 0, 0.5, 1.05], "texture": "#0"},
				"up": {"uv": [0, 0, 0.8, 0.5], "rotation": 180, "texture": "#0"},
				"down": {"uv": [0, 0, 0.8, 0.5], "rotation": 180, "texture": "#0"}
			}
		},
		{
			"from": [7.23, 4.8, 8],
			"to": [8.23, 5.8, 8.5],
			"rotation": {"angle": 0, "axis": "y", "origin": [-4, 5, 8]},
			"faces": {
				"north": {"uv": [0, 0, 1, 1], "texture": "#0"},
				"east": {"uv": [0, 0, 0.5, 1], "texture": "#0"},
				"south": {"uv": [0, 0, 1, 1], "texture": "#0"},
				"west": {"uv": [0, 0, 0.5, 1], "texture": "#0"},
				"up": {"uv": [0, 0, 1, 0.5], "texture": "#0"},
				"down": {"uv": [0, 0, 1, 0.5], "texture": "#0"}
			}
		},
		{
			"from": [7.29, 5.9161, 8],
			"to": [7.99, 7.0461, 8.5],
			"rotation": {"angle": -22.5, "axis": "z", "origin": [7, 6, 8]},
			"faces": {
				"north": {"uv": [0, 0, 1.13, 0.7], "rotation": 270, "texture": "#0"},
				"east": {"uv": [0, 0, 1.13, 0.5], "rotation": 90, "texture": "#0"},
				"south": {"uv": [0, 0, 1.13, 0.7], "rotation": 90, "texture": "#0"},
				"west": {"uv": [0, 0, 1.13, 0.5], "rotation": 90, "texture": "#0"},
				"up": {"uv": [0, 0, 0.5, 0.7], "rotation": 90, "texture": "#0"},
				"down": {"uv": [0, 0, 0.5, 0.7], "rotation": 90, "texture": "#0"}
			}
		},
		{
			"from": [6.67849, 3.4, 8],
			"to": [7.47849, 4.45, 8.5],
			"rotation": {"angle": 22.5, "axis": "z", "origin": [1, 7, 8.5]},
			"faces": {
				"north": {"uv": [0, 0, 0.8, 1.05], "texture": "#0"},
				"east": {"uv": [0, 0, 0.5, 1.05], "texture": "#0"},
				"south": {"uv": [0, 0, 0.8, 1.05], "texture": "#0"},
				"west": {"uv": [0, 0, 0.5, 1.05], "texture": "#0"},
				"up": {"uv": [0, 0, 0.8, 0.5], "rotation": 180, "texture": "#0"},
				"down": {"uv": [0, 0, 0.8, 0.5], "rotation": 180, "texture": "#0"}
			}
		},
		{
			"from": [7.23, 6.8, 8],
			"to": [8.23, 7.8, 8.5],
			"rotation": {"angle": 0, "axis": "y", "origin": [-4, 7, 8]},
			"faces": {
				"north": {"uv": [0, 0, 1, 1], "texture": "#0"},
				"east": {"uv": [0, 0, 0.5, 1], "texture": "#0"},
				"south": {"uv": [0, 0, 1, 1], "texture": "#0"},
				"west": {"uv": [0, 0, 0.5, 1], "texture": "#0"},
				"up": {"uv": [0, 0, 1, 0.5], "texture": "#0"},
				"down": {"uv": [0, 0, 1, 0.5], "texture": "#0"}
			}
		},
		{
			"from": [7.29, 7.9161, 8],
			"to": [7.99, 9.0461, 8.5],
			"rotation": {"angle": -22.5, "axis": "z", "origin": [7, 8, 8]},
			"faces": {
				"north": {"uv": [0, 0, 1.13, 0.7], "rotation": 270, "texture": "#0"},
				"east": {"uv": [0, 0, 1.13, 0.5], "rotation": 90, "texture": "#0"},
				"south": {"uv": [0, 0, 1.13, 0.7], "rotation": 90, "texture": "#0"},
				"west": {"uv": [0, 0, 1.13, 0.5], "rotation": 90, "texture": "#0"},
				"up": {"uv": [0, 0, 0.5, 0.7], "rotation": 90, "texture": "#0"},
				"down": {"uv": [0, 0, 0.5, 0.7], "rotation": 90, "texture": "#0"}
			}
		},
		{
			"from": [6.67849, 5.4, 8],
			"to": [7.47849, 6.45, 8.5],
			"rotation": {"angle": 22.5, "axis": "z", "origin": [1, 9, 8.5]},
			"faces": {
				"north": {"uv": [0, 0, 0.8, 1.05], "texture": "#0"},
				"east": {"uv": [0, 0, 0.5, 1.05], "texture": "#0"},
				"south": {"uv": [0, 0, 0.8, 1.05], "texture": "#0"},
				"west": {"uv": [0, 0, 0.5, 1.05], "texture": "#0"},
				"up": {"uv": [0, 0, 0.8, 0.5], "rotation": 180, "texture": "#0"},
				"down": {"uv": [0, 0, 0.8, 0.5], "rotation": 180, "texture": "#0"}
			}
		},
		{
			"from": [7.23, 8.8, 8],
			"to": [8.23, 9.8, 8.5],
			"rotation": {"angle": 0, "axis": "y", "origin": [-4, 9, 8]},
			"faces": {
				"north": {"uv": [0, 0, 1, 1], "texture": "#0"},
				"east": {"uv": [0, 0, 0.5, 1], "texture": "#0"},
				"south": {"uv": [0, 0, 1, 1], "texture": "#0"},
				"west": {"uv": [0, 0, 0.5, 1], "texture": "#0"},
				"up": {"uv": [0, 0, 1, 0.5], "texture": "#0"},
				"down": {"uv": [0, 0, 1, 0.5], "texture": "#0"}
			}
		},
		{
			"from": [7.29, 9.9161, 8],
			"to": [7.99, 11.0461, 8.5],
			"rotation": {"angle": -22.5, "axis": "z", "origin": [7, 10, 8]},
			"faces": {
				"north": {"uv": [0, 0, 1.13, 0.7], "rotation": 270, "texture": "#0"},
				"east": {"uv": [0, 0, 1.13, 0.5], "rotation": 90, "texture": "#0"},
				"south": {"uv": [0, 0, 1.13, 0.7], "rotation": 90, "texture": "#0"},
				"west": {"uv": [0, 0, 1.13, 0.5], "rotation": 90, "texture": "#0"},
				"up": {"uv": [0, 0, 0.5, 0.7], "rotation": 90, "texture": "#0"},
				"down": {"uv": [0, 0, 0.5, 0.7], "rotation": 90, "texture": "#0"}
			}
		},
		{
			"from": [7.67268, 11.99222, 8],
			"to": [8.37268, 13.12222, 8.5],
			"rotation": {"angle": 0, "axis": "y", "origin": [7, 13, 8]},
			"faces": {
				"north": {"uv": [0, 0, 1.13, 0.7], "rotation": 270, "texture": "#0"},
				"east": {"uv": [0, 0, 1.13, 0.5], "rotation": 90, "texture": "#0"},
				"south": {"uv": [0, 0, 1.13, 0.7], "rotation": 90, "texture": "#0"},
				"west": {"uv": [0, 0, 1.13, 0.5], "rotation": 90, "texture": "#0"},
				"up": {"uv": [0, 0, 0.5, 0.7], "rotation": 90, "texture": "#0"},
				"down": {"uv": [0, 0, 0.5, 0.7], "rotation": 90, "texture": "#0"}
			}
		},
		{
			"from": [6.67849, 9.4, 8],
			"to": [7.47849, 10.45, 8.5],
			"rotation": {"angle": 22.5, "axis": "z", "origin": [1, 13, 8.5]},
			"faces": {
				"north": {"uv": [0, 0, 0.8, 1.05], "texture": "#0"},
				"east": {"uv": [0, 0, 0.5, 1.05], "texture": "#0"},
				"south": {"uv": [0, 0, 0.8, 1.05], "texture": "#0"},
				"west": {"uv": [0, 0, 0.5, 1.05], "texture": "#0"},
				"up": {"uv": [0, 0, 0.8, 0.5], "rotation": 180, "texture": "#0"},
				"down": {"uv": [0, 0, 0.8, 0.5], "rotation": 180, "texture": "#0"}
			}
		},
		{
			"from": [7.23, 12.8, 8],
			"to": [8.23, 13.8, 8.5],
			"rotation": {"angle": 0, "axis": "y", "origin": [-4, 13, 8]},
			"faces": {
				"north": {"uv": [0, 0, 1, 1], "texture": "#0"},
				"east": {"uv": [0, 0, 0.5, 1], "texture": "#0"},
				"south": {"uv": [0, 0, 1, 1], "texture": "#0"},
				"west": {"uv": [0, 0, 0.5, 1], "texture": "#0"},
				"up": {"uv": [0, 0, 1, 0.5], "texture": "#0"},
				"down": {"uv": [0, 0, 1, 0.5], "texture": "#0"}
			}
		},
		{
			"from": [7.29, 13.9161, 8],
			"to": [7.99, 15.4161, 8.5],
			"rotation": {"angle": -22.5, "axis": "z", "origin": [7, 14, 8]},
			"faces": {
				"north": {"uv": [0, 0, 1.5, 0.7], "rotation": 270, "texture": "#0"},
				"east": {"uv": [0, 0, 1.5, 0.5], "rotation": 90, "texture": "#0"},
				"south": {"uv": [0, 0, 1.5, 0.7], "rotation": 90, "texture": "#0"},
				"west": {"uv": [0, 0, 1.5, 0.5], "rotation": 90, "texture": "#0"},
				"up": {"uv": [0, 0, 0.5, 0.7], "rotation": 90, "texture": "#0"},
				"down": {"uv": [0, 0, 0.5, 0.7], "rotation": 90, "texture": "#0"}
			}
		},
		{
			"from": [6.6, 12, 8],
			"to": [8.6, 12.5, 8.5],
			"rotation": {"angle": 22.5, "axis": "z", "origin": [6.6, 11, 7]},
			"faces": {
				"north": {"uv": [0, 0, 2, 0.5], "texture": "#0"},
				"east": {"uv": [0, 0, 0.5, 0.5], "texture": "#0"},
				"south": {"uv": [0, 0, 2, 0.5], "texture": "#0"},
				"west": {"uv": [0, 0, 0.5, 0.5], "texture": "#0"},
				"up": {"uv": [0, 0, 2, 0.5], "texture": "#0"},
				"down": {"uv": [0, 0, 2, 0.5], "texture": "#0"}
			}
		},
		{
			"from": [5.17, 11.889, 8],
			"to": [7.17, 12.389, 8.5],
			"rotation": {"angle": 45, "axis": "z", "origin": [6.6, 11, 7]},
			"faces": {
				"north": {"uv": [0, 0, 2, 0.5], "texture": "#0"},
				"east": {"uv": [0, 0, 0.5, 0.5], "texture": "#0"},
				"south": {"uv": [0, 0, 2, 0.5], "texture": "#0"},
				"west": {"uv": [0, 0, 0.5, 0.5], "texture": "#0"},
				"up": {"uv": [0, 0, 2, 0.5], "texture": "#0"},
				"down": {"uv": [0, 0, 2, 0.5], "texture": "#0"}
			}
		},
		{
			"from": [5.08, 8.98, 8],
			"to": [5.58, 10.68, 8.5],
			"rotation": {"angle": -22.5, "axis": "z", "origin": [5.6, 12, 8]},
			"faces": {
				"north": {"uv": [0, 0, 1.7, 0.5], "rotation": 90, "texture": "#0"},
				"east": {"uv": [0, 0, 1.7, 0.5], "rotation": 270, "texture": "#0"},
				"south": {"uv": [0, 0, 1.7, 0.5], "rotation": 270, "texture": "#0"},
				"west": {"uv": [0, 0, 1.7, 0.5], "rotation": 270, "texture": "#0"},
				"up": {"uv": [0, 0, 0.5, 0.5], "rotation": 270, "texture": "#0"},
				"down": {"uv": [0, 0, 0.5, 0.5], "rotation": 270, "texture": "#0"}
			}
		},
		{
			"from": [7.29, 11.9161, 8],
			"to": [7.99, 13.0461, 8.5],
			"rotation": {"angle": -22.5, "axis": "z", "origin": [7, 12, 8]},
			"faces": {
				"north": {"uv": [0, 0, 1.13, 0.7], "rotation": 270, "texture": "#0"},
				"east": {"uv": [0, 0, 1.13, 0.5], "rotation": 90, "texture": "#0"},
				"south": {"uv": [0, 0, 1.13, 0.7], "rotation": 90, "texture": "#0"},
				"west": {"uv": [0, 0, 1.13, 0.5], "rotation": 90, "texture": "#0"},
				"up": {"uv": [0, 0, 0.5, 0.7], "rotation": 90, "texture": "#0"},
				"down": {"uv": [0, 0, 0.5, 0.7], "rotation": 90, "texture": "#0"}
			}
		},
		{
			"from": [7.23, 10.8, 8],
			"to": [8.23, 11.8, 8.5],
			"rotation": {"angle": 0, "axis": "y", "origin": [-4, 11, 8]},
			"faces": {
				"north": {"uv": [0, 0, 1, 1], "texture": "#0"},
				"east": {"uv": [0, 0, 0.5, 1], "texture": "#0"},
				"south": {"uv": [0, 0, 1, 1], "texture": "#0"},
				"west": {"uv": [0, 0, 0.5, 1], "texture": "#0"},
				"up": {"uv": [0, 0, 1, 0.5], "texture": "#0"},
				"down": {"uv": [0, 0, 1, 0.5], "texture": "#0"}
			}
		},
		{
			"from": [6.67849, 7.4, 8],
			"to": [7.47849, 8.45, 8.5],
			"rotation": {"angle": 22.5, "axis": "z", "origin": [1, 11, 8.5]},
			"faces": {
				"north": {"uv": [0, 0, 0.8, 1.05], "texture": "#0"},
				"east": {"uv": [0, 0, 0.5, 1.05], "texture": "#0"},
				"south": {"uv": [0, 0, 0.8, 1.05], "texture": "#0"},
				"west": {"uv": [0, 0, 0.5, 1.05], "texture": "#0"},
				"up": {"uv": [0, 0, 0.8, 0.5], "rotation": 180, "texture": "#0"},
				"down": {"uv": [0, 0, 0.8, 0.5], "rotation": 180, "texture": "#0"}
			}
		},
		{
			"from": [3.08, 10.08, 8],
			"to": [3.58, 11.68, 8.5],
			"rotation": {"angle": 22.5, "axis": "z", "origin": [5.6, 12, 8]},
			"faces": {
				"north": {"uv": [0, 0, 1.6, 0.5], "rotation": 90, "texture": "#0"},
				"east": {"uv": [0, 0, 1.6, 0.5], "rotation": 270, "texture": "#0"},
				"south": {"uv": [0, 0, 1.6, 0.5], "rotation": 270, "texture": "#0"},
				"west": {"uv": [0, 0, 1.6, 0.5], "rotation": 270, "texture": "#0"},
				"up": {"uv": [0, 0, 0.5, 0.5], "rotation": 270, "texture": "#0"},
				"down": {"uv": [0, 0, 0.5, 0.5], "rotation": 270, "texture": "#0"}
			}
		},
		{
			"from": [2.71, 8.51, 8],
			"to": [4.71, 9.01, 8.5],
			"rotation": {"angle": -45, "axis": "z", "origin": [6.6, 11, 7]},
			"faces": {
				"north": {"uv": [0, 0, 2, 0.5], "texture": "#0"},
				"east": {"uv": [0, 0, 0.5, 0.5], "texture": "#0"},
				"south": {"uv": [0, 0, 2, 0.5], "texture": "#0"},
				"west": {"uv": [0, 0, 0.5, 0.5], "texture": "#0"},
				"up": {"uv": [0, 0, 2, 0.5], "texture": "#0"},
				"down": {"uv": [0, 0, 2, 0.5], "texture": "#0"}
			}
		},
		{
			"from": [0.25, 10.15, 8],
			"to": [2.25, 10.65, 8.5],
			"rotation": {"angle": -22.5, "axis": "z", "origin": [6.6, 11, 7]},
			"faces": {
				"north": {"uv": [0, 0, 2, 0.5], "texture": "#0"},
				"east": {"uv": [0, 0, 0.5, 0.5], "texture": "#0"},
				"south": {"uv": [0, 0, 2, 0.5], "texture": "#0"},
				"west": {"uv": [0, 0, 0.5, 0.5], "texture": "#0"},
				"up": {"uv": [0, 0, 2, 0.5], "texture": "#0"},
				"down": {"uv": [0, 0, 2, 0.5], "texture": "#0"}
			}
		},
		{
			"from": [5, 11.3, 8],
			"to": [5.5, 11.8, 8.5],
			"rotation": {"angle": 0, "axis": "y", "origin": [4, 12, 7]},
			"faces": {
				"north": {"uv": [0, 0, 0.5, 0.5], "rotation": 270, "texture": "#0"},
				"east": {"uv": [0, 0, 0.5, 0.5], "rotation": 90, "texture": "#0"},
				"south": {"uv": [0, 0, 0.5, 0.5], "rotation": 90, "texture": "#0"},
				"west": {"uv": [0, 0, 0.5, 0.5], "rotation": 90, "texture": "#0"},
				"up": {"uv": [0, 0, 0.5, 0.5], "rotation": 90, "texture": "#0"},
				"down": {"uv": [0, 0, 0.5, 0.5], "rotation": 90, "texture": "#0"}
			}
		},
		{
			"from": [4.888, 11.623, 8],
			"to": [5.388, 12.123, 8.5],
			"rotation": {"angle": 22.5, "axis": "z", "origin": [5, 12, 7]},
			"faces": {
				"north": {"uv": [0, 0, 0.5, 0.5], "rotation": 270, "texture": "#0"},
				"east": {"uv": [0, 0, 0.5, 0.5], "rotation": 90, "texture": "#0"},
				"south": {"uv": [0, 0, 0.5, 0.5], "rotation": 90, "texture": "#0"},
				"west": {"uv": [0, 0, 0.5, 0.5], "rotation": 90, "texture": "#0"},
				"up": {"uv": [0, 0, 0.5, 0.5], "rotation": 90, "texture": "#0"},
				"down": {"uv": [0, 0, 0.5, 0.5], "rotation": 90, "texture": "#0"}
			}
		},
		{
			"from": [4.905, 11.96, 8],
			"to": [5.405, 12.46, 8.5],
			"rotation": {"angle": 45, "axis": "z", "origin": [5, 12, 7]},
			"faces": {
				"north": {"uv": [0, 0, 0.5, 0.5], "rotation": 270, "texture": "#0"},
				"east": {"uv": [0, 0, 0.5, 0.5], "rotation": 90, "texture": "#0"},
				"south": {"uv": [0, 0, 0.5, 0.5], "rotation": 90, "texture": "#0"},
				"west": {"uv": [0, 0, 0.5, 0.5], "rotation": 90, "texture": "#0"},
				"up": {"uv": [0, 0, 0.5, 0.5], "rotation": 90, "texture": "#0"},
				"down": {"uv": [0, 0, 0.5, 0.5], "rotation": 90, "texture": "#0"}
			}
		},
		{
			"from": [4.24, 12.05, 8],
			"to": [4.74, 12.55, 8.5],
			"rotation": {"angle": -22.5, "axis": "z", "origin": [5, 12, 7]},
			"faces": {
				"north": {"uv": [0, 0, 0.5, 0.5], "texture": "#0"},
				"east": {"uv": [0, 0, 0.5, 0.5], "texture": "#0"},
				"south": {"uv": [0, 0, 0.5, 0.5], "texture": "#0"},
				"west": {"uv": [0, 0, 0.5, 0.5], "texture": "#0"},
				"up": {"uv": [0, 0, 0.5, 0.5], "texture": "#0"},
				"down": {"uv": [0, 0, 0.5, 0.5], "texture": "#0"}
			}
		},
		{
			"from": [4.01, 12.299, 8],
			"to": [4.51, 12.799, 8.5],
			"rotation": {"angle": 0, "axis": "y", "origin": [5, 12, 7]},
			"faces": {
				"north": {"uv": [0, 0, 0.5, 0.5], "texture": "#0"},
				"east": {"uv": [0, 0, 0.5, 0.5], "texture": "#0"},
				"south": {"uv": [0, 0, 0.5, 0.5], "texture": "#0"},
				"west": {"uv": [0, 0, 0.5, 0.5], "texture": "#0"},
				"up": {"uv": [0, 0, 0.5, 0.5], "texture": "#0"},
				"down": {"uv": [0, 0, 0.5, 0.5], "texture": "#0"}
			}
		},
		{
			"from": [3.89, 12.62, 8],
			"to": [4.39, 13.12, 8.5],
			"rotation": {"angle": 22.5, "axis": "z", "origin": [5, 12, 7]},
			"faces": {
				"north": {"uv": [0, 0, 0.5, 0.5], "texture": "#0"},
				"east": {"uv": [0, 0, 0.5, 0.5], "texture": "#0"},
				"south": {"uv": [0, 0, 0.5, 0.5], "texture": "#0"},
				"west": {"uv": [0, 0, 0.5, 0.5], "texture": "#0"},
				"up": {"uv": [0, 0, 0.5, 0.5], "texture": "#0"},
				"down": {"uv": [0, 0, 0.5, 0.5], "texture": "#0"}
			}
		},
		{
			"from": [3.899, 12.96, 8],
			"to": [4.399, 13.46, 8.5],
			"rotation": {"angle": 45, "axis": "z", "origin": [5, 12, 7]},
			"faces": {
				"north": {"uv": [0, 0, 0.5, 0.5], "texture": "#0"},
				"east": {"uv": [0, 0, 0.5, 0.5], "texture": "#0"},
				"south": {"uv": [0, 0, 0.5, 0.5], "texture": "#0"},
				"west": {"uv": [0, 0, 0.5, 0.5], "texture": "#0"},
				"up": {"uv": [0, 0, 0.5, 0.5], "texture": "#0"},
				"down": {"uv": [0, 0, 0.5, 0.5], "texture": "#0"}
			}
		},
		{
			"from": [3.23, 11.04, 8],
			"to": [3.73, 11.54, 8.5],
			"rotation": {"angle": -22.5, "axis": "z", "origin": [5, 12, 7]},
			"faces": {
				"north": {"uv": [0, 0, 0.5, 0.5], "rotation": 90, "texture": "#0"},
				"east": {"uv": [0, 0, 0.5, 0.5], "rotation": 270, "texture": "#0"},
				"south": {"uv": [0, 0, 0.5, 0.5], "rotation": 270, "texture": "#0"},
				"west": {"uv": [0, 0, 0.5, 0.5], "rotation": 270, "texture": "#0"},
				"up": {"uv": [0, 0, 0.5, 0.5], "rotation": 270, "texture": "#0"},
				"down": {"uv": [0, 0, 0.5, 0.5], "rotation": 270, "texture": "#0"}
			}
		},
		{
			"from": [2.999, 11.29, 8],
			"to": [3.499, 11.79, 8.5],
			"rotation": {"angle": 0, "axis": "y", "origin": [5, 12, 7]},
			"faces": {
				"north": {"uv": [0, 0, 0.5, 0.5], "rotation": 90, "texture": "#0"},
				"east": {"uv": [0, 0, 0.5, 0.5], "rotation": 270, "texture": "#0"},
				"south": {"uv": [0, 0, 0.5, 0.5], "rotation": 270, "texture": "#0"},
				"west": {"uv": [0, 0, 0.5, 0.5], "rotation": 270, "texture": "#0"},
				"up": {"uv": [0, 0, 0.5, 0.5], "rotation": 270, "texture": "#0"},
				"down": {"uv": [0, 0, 0.5, 0.5], "rotation": 270, "texture": "#0"}
			}
		},
		{
			"from": [3.75, 14.5, 8],
			"to": [4.75, 15, 8.5],
			"rotation": {"angle": 0, "axis": "y", "origin": [5, 13, 7]},
			"faces": {
				"north": {"uv": [0, 0, 1, 0.5], "texture": "#0"},
				"east": {"uv": [0, 0, 0.5, 0.5], "texture": "#0"},
				"south": {"uv": [0, 0, 1, 0.5], "texture": "#0"},
				"west": {"uv": [0, 0, 0.5, 0.5], "texture": "#0"},
				"up": {"uv": [0, 0, 1, 0.5], "texture": "#0"},
				"down": {"uv": [0, 0, 1, 0.5], "texture": "#0"}
			}
		},
		{
			"from": [3.59201, 14.76694, 8],
			"to": [4.59201, 15.26694, 8.5],
			"rotation": {"angle": 22.5, "axis": "z", "origin": [4.84201, 13.01694, 7]},
			"faces": {
				"north": {"uv": [0, 0, 1, 0.5], "texture": "#0"},
				"east": {"uv": [0, 0, 0.5, 0.5], "texture": "#0"},
				"south": {"uv": [0, 0, 1, 0.5], "texture": "#0"},
				"west": {"uv": [0, 0, 0.5, 0.5], "texture": "#0"},
				"up": {"uv": [0, 0, 1, 0.5], "texture": "#0"},
				"down": {"uv": [0, 0, 1, 0.5], "texture": "#0"}
			}
		},
		{
			"from": [4.25262, 14.49948, 8],
			"to": [5.25262, 14.99948, 8.5],
			"rotation": {"angle": -22.5, "axis": "z", "origin": [4.50262, 13.74948, 7]},
			"faces": {
				"north": {"uv": [0, 0, 1, 0.5], "texture": "#0"},
				"east": {"uv": [0, 0, 0.5, 0.5], "texture": "#0"},
				"south": {"uv": [0, 0, 1, 0.5], "texture": "#0"},
				"west": {"uv": [0, 0, 0.5, 0.5], "texture": "#0"},
				"up": {"uv": [0, 0, 1, 0.5], "texture": "#0"},
				"down": {"uv": [0, 0, 1, 0.5], "texture": "#0"}
			}
		},
		{
			"from": [5.00967, 15.01376, 8],
			"to": [6.00967, 15.51376, 8.5],
			"rotation": {"angle": -45, "axis": "z", "origin": [4.25967, 14.26376, 7]},
			"faces": {
				"north": {"uv": [0, 0, 1, 0.5], "texture": "#0"},
				"east": {"uv": [0, 0, 0.5, 0.5], "texture": "#0"},
				"south": {"uv": [0, 0, 1, 0.5], "texture": "#0"},
				"west": {"uv": [0, 0, 0.5, 0.5], "texture": "#0"},
				"up": {"uv": [0, 0, 1, 0.5], "texture": "#0"},
				"down": {"uv": [0, 0, 1, 0.5], "texture": "#0"}
			}
		},
		{
			"from": [3.34389, 14.9531, 8],
			"to": [4.34389, 15.4531, 8.5],
			"rotation": {"angle": 45, "axis": "z", "origin": [4.59389, 13.2031, 7]},
			"faces": {
				"north": {"uv": [0, 0, 1, 0.5], "texture": "#0"},
				"east": {"uv": [0, 0, 0.5, 0.5], "texture": "#0"},
				"south": {"uv": [0, 0, 1, 0.5], "texture": "#0"},
				"west": {"uv": [0, 0, 0.5, 0.5], "texture": "#0"},
				"up": {"uv": [0, 0, 1, 0.5], "texture": "#0"},
				"down": {"uv": [0, 0, 1, 0.5], "texture": "#0"}
			}
		},
		{
			"from": [3.34389, 14.9531, 8],
			"to": [4.34389, 15.4531, 8.5],
			"rotation": {"angle": 45, "axis": "z", "origin": [4.59389, 13.2031, 7]},
			"faces": {
				"north": {"uv": [0, 0, 1, 0.5], "texture": "#0"},
				"east": {"uv": [0, 0, 0.5, 0.5], "texture": "#0"},
				"south": {"uv": [0, 0, 1, 0.5], "texture": "#0"},
				"west": {"uv": [0, 0, 0.5, 0.5], "texture": "#0"},
				"up": {"uv": [0, 0, 1, 0.5], "texture": "#0"},
				"down": {"uv": [0, 0, 1, 0.5], "texture": "#0"}
			}
		},
		{
			"from": [5.30644, 12.29864, 8],
			"to": [5.80644, 13.29864, 8.5],
			"rotation": {"angle": 22.5, "axis": "z", "origin": [4.55644, 15.04864, 7]},
			"faces": {
				"north": {"uv": [0, 0, 1, 0.5], "rotation": 270, "texture": "#0"},
				"east": {"uv": [0, 0, 1, 0.5], "rotation": 90, "texture": "#0"},
				"south": {"uv": [0, 0, 1, 0.5], "rotation": 90, "texture": "#0"},
				"west": {"uv": [0, 0, 1, 0.5], "rotation": 90, "texture": "#0"},
				"up": {"uv": [0, 0, 0.5, 0.5], "rotation": 90, "texture": "#0"},
				"down": {"uv": [0, 0, 0.5, 0.5], "rotation": 90, "texture": "#0"}
			}
		},
		{
			"from": [2.04341, 12.03014, 8],
			"to": [2.54341, 13.03014, 8.5],
			"rotation": {"angle": -22.5, "axis": "z", "origin": [4.29341, 13.28014, 7]},
			"faces": {
				"north": {"uv": [0, 0, 1, 0.5], "rotation": 90, "texture": "#0"},
				"east": {"uv": [0, 0, 1, 0.5], "rotation": 270, "texture": "#0"},
				"south": {"uv": [0, 0, 1, 0.5], "rotation": 270, "texture": "#0"},
				"west": {"uv": [0, 0, 1, 0.5], "rotation": 270, "texture": "#0"},
				"up": {"uv": [0, 0, 0.5, 0.5], "rotation": 270, "texture": "#0"},
				"down": {"uv": [0, 0, 0.5, 0.5], "rotation": 270, "texture": "#0"}
			}
		},
		{
			"from": [6.26367, 12.48633, 8],
			"to": [6.76367, 12.98633, 8.5],
			"rotation": {"angle": 0, "axis": "y", "origin": [5.51367, 14.98633, 7]},
			"faces": {
				"north": {"uv": [0, 0, 0.5, 0.5], "rotation": 270, "texture": "#0"},
				"east": {"uv": [0, 0, 0.5, 0.5], "rotation": 90, "texture": "#0"},
				"south": {"uv": [0, 0, 0.5, 0.5], "rotation": 90, "texture": "#0"},
				"west": {"uv": [0, 0, 0.5, 0.5], "rotation": 90, "texture": "#0"},
				"up": {"uv": [0, 0, 0.5, 0.5], "rotation": 90, "texture": "#0"},
				"down": {"uv": [0, 0, 0.5, 0.5], "rotation": 90, "texture": "#0"}
			}
		},
		{
			"from": [1.73633, 12.48633, 8],
			"to": [2.23633, 12.98633, 8.5],
			"rotation": {"angle": 0, "axis": "y", "origin": [5.98633, 14.98633, 7]},
			"faces": {
				"north": {"uv": [0, 0, 0.5, 0.5], "rotation": 270, "texture": "#0"},
				"east": {"uv": [0, 0, 0.5, 0.5], "rotation": 90, "texture": "#0"},
				"south": {"uv": [0, 0, 0.5, 0.5], "rotation": 90, "texture": "#0"},
				"west": {"uv": [0, 0, 0.5, 0.5], "rotation": 90, "texture": "#0"},
				"up": {"uv": [0, 0, 0.5, 0.5], "rotation": 90, "texture": "#0"},
				"down": {"uv": [0, 0, 0.5, 0.5], "rotation": 90, "texture": "#0"}
			}
		},
		{
			"from": [6.6, 6.25, 8],
			"to": [8.6, 6.75, 8.5],
			"rotation": {"angle": 22.5, "axis": "z", "origin": [6.6, 5.25, 7]},
			"faces": {
				"north": {"uv": [0, 0, 2, 0.5], "texture": "#0"},
				"east": {"uv": [0, 0, 0.5, 0.5], "texture": "#0"},
				"south": {"uv": [0, 0, 2, 0.5], "texture": "#0"},
				"west": {"uv": [0, 0, 0.5, 0.5], "texture": "#0"},
				"up": {"uv": [0, 0, 2, 0.5], "texture": "#0"},
				"down": {"uv": [0, 0, 2, 0.5], "texture": "#0"}
			}
		},
		{
			"from": [5.17, 6.139, 8],
			"to": [7.17, 6.639, 8.5],
			"rotation": {"angle": 45, "axis": "z", "origin": [6.6, 5.25, 7]},
			"faces": {
				"north": {"uv": [0, 0, 2, 0.5], "texture": "#0"},
				"east": {"uv": [0, 0, 0.5, 0.5], "texture": "#0"},
				"south": {"uv": [0, 0, 2, 0.5], "texture": "#0"},
				"west": {"uv": [0, 0, 0.5, 0.5], "texture": "#0"},
				"up": {"uv": [0, 0, 2, 0.5], "texture": "#0"},
				"down": {"uv": [0, 0, 2, 0.5], "texture": "#0"}
			}
		},
		{
			"from": [5.08, 3.23, 8],
			"to": [5.58, 4.93, 8.5],
			"rotation": {"angle": -22.5, "axis": "z", "origin": [5.6, 6.25, 8]},
			"faces": {
				"north": {"uv": [0, 0, 1.7, 0.5], "rotation": 90, "texture": "#0"},
				"east": {"uv": [0, 0, 1.7, 0.5], "rotation": 270, "texture": "#0"},
				"south": {"uv": [0, 0, 1.7, 0.5], "rotation": 270, "texture": "#0"},
				"west": {"uv": [0, 0, 1.7, 0.5], "rotation": 270, "texture": "#0"},
				"up": {"uv": [0, 0, 0.5, 0.5], "rotation": 270, "texture": "#0"},
				"down": {"uv": [0, 0, 0.5, 0.5], "rotation": 270, "texture": "#0"}
			}
		},
		{
			"from": [3.08, 4.33, 8],
			"to": [3.58, 5.93, 8.5],
			"rotation": {"angle": 22.5, "axis": "z", "origin": [5.6, 6.25, 8]},
			"faces": {
				"north": {"uv": [0, 0, 1.6, 0.5], "rotation": 90, "texture": "#0"},
				"east": {"uv": [0, 0, 1.6, 0.5], "rotation": 270, "texture": "#0"},
				"south": {"uv": [0, 0, 1.6, 0.5], "rotation": 270, "texture": "#0"},
				"west": {"uv": [0, 0, 1.6, 0.5], "rotation": 270, "texture": "#0"},
				"up": {"uv": [0, 0, 0.5, 0.5], "rotation": 270, "texture": "#0"},
				"down": {"uv": [0, 0, 0.5, 0.5], "rotation": 270, "texture": "#0"}
			}
		},
		{
			"from": [2.71, 2.76, 8],
			"to": [4.71, 3.26, 8.5],
			"rotation": {"angle": -45, "axis": "z", "origin": [6.6, 5.25, 7]},
			"faces": {
				"north": {"uv": [0, 0, 2, 0.5], "texture": "#0"},
				"east": {"uv": [0, 0, 0.5, 0.5], "texture": "#0"},
				"south": {"uv": [0, 0, 2, 0.5], "texture": "#0"},
				"west": {"uv": [0, 0, 0.5, 0.5], "texture": "#0"},
				"up": {"uv": [0, 0, 2, 0.5], "texture": "#0"},
				"down": {"uv": [0, 0, 2, 0.5], "texture": "#0"}
			}
		},
		{
			"from": [0.25, 4.4, 8],
			"to": [2.25, 4.9, 8.5],
			"rotation": {"angle": -22.5, "axis": "z", "origin": [6.6, 5.25, 7]},
			"faces": {
				"north": {"uv": [0, 0, 2, 0.5], "texture": "#0"},
				"east": {"uv": [0, 0, 0.5, 0.5], "texture": "#0"},
				"south": {"uv": [0, 0, 2, 0.5], "texture": "#0"},
				"west": {"uv": [0, 0, 0.5, 0.5], "texture": "#0"},
				"up": {"uv": [0, 0, 2, 0.5], "texture": "#0"},
				"down": {"uv": [0, 0, 2, 0.5], "texture": "#0"}
			}
		},
		{
			"from": [5, 5.55, 8],
			"to": [5.5, 6.05, 8.5],
			"rotation": {"angle": 0, "axis": "y", "origin": [4, 6.25, 7]},
			"faces": {
				"north": {"uv": [0, 0, 0.5, 0.5], "rotation": 270, "texture": "#0"},
				"east": {"uv": [0, 0, 0.5, 0.5], "rotation": 90, "texture": "#0"},
				"south": {"uv": [0, 0, 0.5, 0.5], "rotation": 90, "texture": "#0"},
				"west": {"uv": [0, 0, 0.5, 0.5], "rotation": 90, "texture": "#0"},
				"up": {"uv": [0, 0, 0.5, 0.5], "rotation": 90, "texture": "#0"},
				"down": {"uv": [0, 0, 0.5, 0.5], "rotation": 90, "texture": "#0"}
			}
		},
		{
			"from": [4.888, 5.873, 8],
			"to": [5.388, 6.373, 8.5],
			"rotation": {"angle": 22.5, "axis": "z", "origin": [5, 6.25, 7]},
			"faces": {
				"north": {"uv": [0, 0, 0.5, 0.5], "rotation": 270, "texture": "#0"},
				"east": {"uv": [0, 0, 0.5, 0.5], "rotation": 90, "texture": "#0"},
				"south": {"uv": [0, 0, 0.5, 0.5], "rotation": 90, "texture": "#0"},
				"west": {"uv": [0, 0, 0.5, 0.5], "rotation": 90, "texture": "#0"},
				"up": {"uv": [0, 0, 0.5, 0.5], "rotation": 90, "texture": "#0"},
				"down": {"uv": [0, 0, 0.5, 0.5], "rotation": 90, "texture": "#0"}
			}
		},
		{
			"from": [4.905, 6.21, 8],
			"to": [5.405, 6.71, 8.5],
			"rotation": {"angle": 45, "axis": "z", "origin": [5, 6.25, 7]},
			"faces": {
				"north": {"uv": [0, 0, 0.5, 0.5], "rotation": 270, "texture": "#0"},
				"east": {"uv": [0, 0, 0.5, 0.5], "rotation": 90, "texture": "#0"},
				"south": {"uv": [0, 0, 0.5, 0.5], "rotation": 90, "texture": "#0"},
				"west": {"uv": [0, 0, 0.5, 0.5], "rotation": 90, "texture": "#0"},
				"up": {"uv": [0, 0, 0.5, 0.5], "rotation": 90, "texture": "#0"},
				"down": {"uv": [0, 0, 0.5, 0.5], "rotation": 90, "texture": "#0"}
			}
		},
		{
			"from": [4.24, 6.3, 8],
			"to": [4.74, 6.8, 8.5],
			"rotation": {"angle": -22.5, "axis": "z", "origin": [5, 6.25, 7]},
			"faces": {
				"north": {"uv": [0, 0, 0.5, 0.5], "texture": "#0"},
				"east": {"uv": [0, 0, 0.5, 0.5], "texture": "#0"},
				"south": {"uv": [0, 0, 0.5, 0.5], "texture": "#0"},
				"west": {"uv": [0, 0, 0.5, 0.5], "texture": "#0"},
				"up": {"uv": [0, 0, 0.5, 0.5], "texture": "#0"},
				"down": {"uv": [0, 0, 0.5, 0.5], "texture": "#0"}
			}
		},
		{
			"from": [4.01, 6.549, 8],
			"to": [4.51, 7.049, 8.5],
			"rotation": {"angle": 0, "axis": "y", "origin": [5, 6.25, 7]},
			"faces": {
				"north": {"uv": [0, 0, 0.5, 0.5], "texture": "#0"},
				"east": {"uv": [0, 0, 0.5, 0.5], "texture": "#0"},
				"south": {"uv": [0, 0, 0.5, 0.5], "texture": "#0"},
				"west": {"uv": [0, 0, 0.5, 0.5], "texture": "#0"},
				"up": {"uv": [0, 0, 0.5, 0.5], "texture": "#0"},
				"down": {"uv": [0, 0, 0.5, 0.5], "texture": "#0"}
			}
		},
		{
			"from": [3.89, 6.87, 8],
			"to": [4.39, 7.37, 8.5],
			"rotation": {"angle": 22.5, "axis": "z", "origin": [5, 6.25, 7]},
			"faces": {
				"north": {"uv": [0, 0, 0.5, 0.5], "texture": "#0"},
				"east": {"uv": [0, 0, 0.5, 0.5], "texture": "#0"},
				"south": {"uv": [0, 0, 0.5, 0.5], "texture": "#0"},
				"west": {"uv": [0, 0, 0.5, 0.5], "texture": "#0"},
				"up": {"uv": [0, 0, 0.5, 0.5], "texture": "#0"},
				"down": {"uv": [0, 0, 0.5, 0.5], "texture": "#0"}
			}
		},
		{
			"from": [3.899, 7.21, 8],
			"to": [4.399, 7.71, 8.5],
			"rotation": {"angle": 45, "axis": "z", "origin": [5, 6.25, 7]},
			"faces": {
				"north": {"uv": [0, 0, 0.5, 0.5], "texture": "#0"},
				"east": {"uv": [0, 0, 0.5, 0.5], "texture": "#0"},
				"south": {"uv": [0, 0, 0.5, 0.5], "texture": "#0"},
				"west": {"uv": [0, 0, 0.5, 0.5], "texture": "#0"},
				"up": {"uv": [0, 0, 0.5, 0.5], "texture": "#0"},
				"down": {"uv": [0, 0, 0.5, 0.5], "texture": "#0"}
			}
		},
		{
			"from": [3.23, 5.29, 8],
			"to": [3.73, 5.79, 8.5],
			"rotation": {"angle": -22.5, "axis": "z", "origin": [5, 6.25, 7]},
			"faces": {
				"north": {"uv": [0, 0, 0.5, 0.5], "rotation": 90, "texture": "#0"},
				"east": {"uv": [0, 0, 0.5, 0.5], "rotation": 270, "texture": "#0"},
				"south": {"uv": [0, 0, 0.5, 0.5], "rotation": 270, "texture": "#0"},
				"west": {"uv": [0, 0, 0.5, 0.5], "rotation": 270, "texture": "#0"},
				"up": {"uv": [0, 0, 0.5, 0.5], "rotation": 270, "texture": "#0"},
				"down": {"uv": [0, 0, 0.5, 0.5], "rotation": 270, "texture": "#0"}
			}
		},
		{
			"from": [2.999, 5.54, 8],
			"to": [3.499, 6.04, 8.5],
			"rotation": {"angle": 0, "axis": "y", "origin": [5, 6.25, 7]},
			"faces": {
				"north": {"uv": [0, 0, 0.5, 0.5], "rotation": 90, "texture": "#0"},
				"east": {"uv": [0, 0, 0.5, 0.5], "rotation": 270, "texture": "#0"},
				"south": {"uv": [0, 0, 0.5, 0.5], "rotation": 270, "texture": "#0"},
				"west": {"uv": [0, 0, 0.5, 0.5], "rotation": 270, "texture": "#0"},
				"up": {"uv": [0, 0, 0.5, 0.5], "rotation": 270, "texture": "#0"},
				"down": {"uv": [0, 0, 0.5, 0.5], "rotation": 270, "texture": "#0"}
			}
		},
		{
			"from": [3.59201, 9.01694, 8],
			"to": [4.59201, 9.51694, 8.5],
			"rotation": {"angle": 22.5, "axis": "z", "origin": [4.84201, 7.26694, 7]},
			"faces": {
				"north": {"uv": [0, 0, 1, 0.5], "texture": "#0"},
				"east": {"uv": [0, 0, 0.5, 0.5], "texture": "#0"},
				"south": {"uv": [0, 0, 1, 0.5], "texture": "#0"},
				"west": {"uv": [0, 0, 0.5, 0.5], "texture": "#0"},
				"up": {"uv": [0, 0, 1, 0.5], "texture": "#0"},
				"down": {"uv": [0, 0, 1, 0.5], "texture": "#0"}
			}
		},
		{
			"from": [4.25262, 8.74948, 8],
			"to": [5.25262, 9.24948, 8.5],
			"rotation": {"angle": -22.5, "axis": "z", "origin": [4.50262, 7.99948, 7]},
			"faces": {
				"north": {"uv": [0, 0, 1, 0.5], "texture": "#0"},
				"east": {"uv": [0, 0, 0.5, 0.5], "texture": "#0"},
				"south": {"uv": [0, 0, 1, 0.5], "texture": "#0"},
				"west": {"uv": [0, 0, 0.5, 0.5], "texture": "#0"},
				"up": {"uv": [0, 0, 1, 0.5], "texture": "#0"},
				"down": {"uv": [0, 0, 1, 0.5], "texture": "#0"}
			}
		},
		{
			"from": [5.00967, 9.26376, 8],
			"to": [6.00967, 9.76376, 8.5],
			"rotation": {"angle": -45, "axis": "z", "origin": [4.25967, 8.51376, 7]},
			"faces": {
				"north": {"uv": [0, 0, 1, 0.5], "texture": "#0"},
				"east": {"uv": [0, 0, 0.5, 0.5], "texture": "#0"},
				"south": {"uv": [0, 0, 1, 0.5], "texture": "#0"},
				"west": {"uv": [0, 0, 0.5, 0.5], "texture": "#0"},
				"up": {"uv": [0, 0, 1, 0.5], "texture": "#0"},
				"down": {"uv": [0, 0, 1, 0.5], "texture": "#0"}
			}
		},
		{
			"from": [3.34389, 9.2031, 8],
			"to": [4.34389, 9.7031, 8.5],
			"rotation": {"angle": 45, "axis": "z", "origin": [4.59389, 7.4531, 7]},
			"faces": {
				"north": {"uv": [0, 0, 1, 0.5], "texture": "#0"},
				"east": {"uv": [0, 0, 0.5, 0.5], "texture": "#0"},
				"south": {"uv": [0, 0, 1, 0.5], "texture": "#0"},
				"west": {"uv": [0, 0, 0.5, 0.5], "texture": "#0"},
				"up": {"uv": [0, 0, 1, 0.5], "texture": "#0"},
				"down": {"uv": [0, 0, 1, 0.5], "texture": "#0"}
			}
		},
		{
			"from": [3.34389, 9.2031, 8],
			"to": [4.34389, 9.7031, 8.5],
			"rotation": {"angle": 45, "axis": "z", "origin": [4.59389, 7.4531, 7]},
			"faces": {
				"north": {"uv": [0, 0, 1, 0.5], "texture": "#0"},
				"east": {"uv": [0, 0, 0.5, 0.5], "texture": "#0"},
				"south": {"uv": [0, 0, 1, 0.5], "texture": "#0"},
				"west": {"uv": [0, 0, 0.5, 0.5], "texture": "#0"},
				"up": {"uv": [0, 0, 1, 0.5], "texture": "#0"},
				"down": {"uv": [0, 0, 1, 0.5], "texture": "#0"}
			}
		},
		{
			"from": [5.30644, 6.54864, 8],
			"to": [5.80644, 7.54864, 8.5],
			"rotation": {"angle": 22.5, "axis": "z", "origin": [4.55644, 9.29864, 7]},
			"faces": {
				"north": {"uv": [0, 0, 1, 0.5], "rotation": 270, "texture": "#0"},
				"east": {"uv": [0, 0, 1, 0.5], "rotation": 90, "texture": "#0"},
				"south": {"uv": [0, 0, 1, 0.5], "rotation": 90, "texture": "#0"},
				"west": {"uv": [0, 0, 1, 0.5], "rotation": 90, "texture": "#0"},
				"up": {"uv": [0, 0, 0.5, 0.5], "rotation": 90, "texture": "#0"},
				"down": {"uv": [0, 0, 0.5, 0.5], "rotation": 90, "texture": "#0"}
			}
		},
		{
			"from": [2.04341, 6.28014, 8],
			"to": [2.54341, 7.28014, 8.5],
			"rotation": {"angle": -22.5, "axis": "z", "origin": [4.29341, 7.53014, 7]},
			"faces": {
				"north": {"uv": [0, 0, 1, 0.5], "rotation": 90, "texture": "#0"},
				"east": {"uv": [0, 0, 1, 0.5], "rotation": 270, "texture": "#0"},
				"south": {"uv": [0, 0, 1, 0.5], "rotation": 270, "texture": "#0"},
				"west": {"uv": [0, 0, 1, 0.5], "rotation": 270, "texture": "#0"},
				"up": {"uv": [0, 0, 0.5, 0.5], "rotation": 270, "texture": "#0"},
				"down": {"uv": [0, 0, 0.5, 0.5], "rotation": 270, "texture": "#0"}
			}
		},
		{
			"from": [6.26367, 6.73633, 8],
			"to": [6.76367, 7.23633, 8.5],
			"rotation": {"angle": 0, "axis": "y", "origin": [5.51367, 9.23633, 7]},
			"faces": {
				"north": {"uv": [0, 0, 0.5, 0.5], "rotation": 270, "texture": "#0"},
				"east": {"uv": [0, 0, 0.5, 0.5], "rotation": 90, "texture": "#0"},
				"south": {"uv": [0, 0, 0.5, 0.5], "rotation": 90, "texture": "#0"},
				"west": {"uv": [0, 0, 0.5, 0.5], "rotation": 90, "texture": "#0"},
				"up": {"uv": [0, 0, 0.5, 0.5], "rotation": 90, "texture": "#0"},
				"down": {"uv": [0, 0, 0.5, 0.5], "rotation": 90, "texture": "#0"}
			}
		},
		{
			"from": [1.73633, 6.73633, 8],
			"to": [2.23633, 7.23633, 8.5],
			"rotation": {"angle": 0, "axis": "y", "origin": [5.98633, 9.23633, 7]},
			"faces": {
				"north": {"uv": [0, 0, 0.5, 0.5], "rotation": 270, "texture": "#0"},
				"east": {"uv": [0, 0, 0.5, 0.5], "rotation": 90, "texture": "#0"},
				"south": {"uv": [0, 0, 0.5, 0.5], "rotation": 90, "texture": "#0"},
				"west": {"uv": [0, 0, 0.5, 0.5], "rotation": 90, "texture": "#0"},
				"up": {"uv": [0, 0, 0.5, 0.5], "rotation": 90, "texture": "#0"},
				"down": {"uv": [0, 0, 0.5, 0.5], "rotation": 90, "texture": "#0"}
			}
		},
		{
			"from": [3.75, 8.75, 8],
			"to": [4.75, 9.25, 8.5],
			"rotation": {"angle": 0, "axis": "y", "origin": [5, 13.25, 7]},
			"faces": {
				"north": {"uv": [0, 0, 1, 0.5], "texture": "#0"},
				"east": {"uv": [0, 0, 0.5, 0.5], "texture": "#0"},
				"south": {"uv": [0, 0, 1, 0.5], "texture": "#0"},
				"west": {"uv": [0, 0, 0.5, 0.5], "texture": "#0"},
				"up": {"uv": [0, 0, 1, 0.5], "texture": "#0"},
				"down": {"uv": [0, 0, 1, 0.5], "texture": "#0"}
			}
		},
		{
			"from": [0.5, 15, 8],
			"to": [8, 15.5, 8.5],
			"rotation": {"angle": 0, "axis": "y", "origin": [-12, 0, 0]},
			"faces": {
				"north": {"uv": [0, 0, 7.5, 0.5], "texture": "#0"},
				"east": {"uv": [0, 0, 0.5, 0.5], "texture": "#0"},
				"south": {"uv": [0, 0, 7.5, 0.5], "texture": "#0"},
				"west": {"uv": [0, 0, 0.5, 0.5], "texture": "#0"},
				"up": {"uv": [0, 0, 7.5, 0.5], "texture": "#0"},
				"down": {"uv": [0, 0, 7.5, 0.5], "texture": "#0"}
			}
		},
		{
			"from": [0.5, 1.5, 8],
			"to": [8, 2, 8.5],
			"rotation": {"angle": 0, "axis": "y", "origin": [-12, 0, 0]},
			"faces": {
				"north": {"uv": [0, 0, 7.5, 0.5], "texture": "#0"},
				"east": {"uv": [0, 0, 0.5, 0.5], "texture": "#0"},
				"south": {"uv": [0, 0, 7.5, 0.5], "texture": "#0"},
				"west": {"uv": [0, 0, 0.5, 0.5], "texture": "#0"},
				"up": {"uv": [0, 0, 7.5, 0.5], "texture": "#0"},
				"down": {"uv": [0, 0, 7.5, 0.5], "texture": "#0"}
			}
		}
	],
	"display": {
		"thirdperson_righthand": {
			"translation": [0, 14, 0],
			"scale": [2, 2, 2]
		}
	}
}