{
	"credit": "Made with Blockbench",
	"textures": {
		"1": "item/dark_prismarine"
	},
	"elements": [
		{
			"from": [0.05941, -7.65338, -1],
			"to": [18.05941, -6.35338, 0],
			"rotation": {"angle": 22.5, "axis": "z", "origin": [1.05941, -8.35338, -1]},
			"faces": {
				"north": {"uv": [0, 0, 16, 1.3], "texture": "#1"},
				"east": {"uv": [0, 0, 1, 1.3], "texture": "#1"},
				"south": {"uv": [0, 0, 16, 1.3], "texture": "#1"},
				"west": {"uv": [0, 0, 1, 1.3], "texture": "#1"},
				"up": {"uv": [0, 0, 16, 1], "texture": "#1"},
				"down": {"uv": [0, 0, 16, 1], "texture": "#1"}
			}
		},
		{
			"from": [-0.62983, -8.0883, -1],
			"to": [0.37017, 9.3117, 0],
			"rotation": {"angle": 0, "axis": "y", "origin": [-0.62983, -8.8883, -1]},
			"faces": {
				"north": {"uv": [0, 0, 1, 16], "texture": "#1"},
				"east": {"uv": [0, 0, 1, 16], "texture": "#1"},
				"south": {"uv": [0, 0, 1, 16], "texture": "#1"},
				"west": {"uv": [0, 0, 1, 16], "texture": "#1"},
				"up": {"uv": [0, 0, 1, 1], "texture": "#1"},
				"down": {"uv": [0, 0, 1, 1], "texture": "#1"}
			}
		},
		{
			"from": [0.05941, 7.14662, -1],
			"to": [18.05941, 8.44662, 0],
			"rotation": {"angle": 22.5, "axis": "z", "origin": [1.05941, 6.44662, -1]},
			"faces": {
				"north": {"uv": [0, 0, 16, 1.3], "texture": "#1"},
				"east": {"uv": [0, 0, 1, 1.3], "texture": "#1"},
				"south": {"uv": [0, 0, 16, 1.3], "texture": "#1"},
				"west": {"uv": [0, 0, 1, 1.3], "texture": "#1"},
				"up": {"uv": [0, 0, 16, 1], "texture": "#1"},
				"down": {"uv": [0, 0, 16, 1], "texture": "#1"}
			}
		},
		{
			"from": [2.37017, -5.6883, -1],
			"to": [3.37017, 10.6117, 0],
			"rotation": {"angle": 0, "axis": "y", "origin": [2.37017, -7.6883, -1]},
			"faces": {
				"north": {"uv": [0, 0, 1, 16], "texture": "#1"},
				"east": {"uv": [0, 0, 1, 16], "texture": "#1"},
				"south": {"uv": [0, 0, 1, 16], "texture": "#1"},
				"west": {"uv": [0, 0, 1, 16], "texture": "#1"},
				"up": {"uv": [0, 0, 1, 1], "texture": "#1"},
				"down": {"uv": [0, 0, 1, 1], "texture": "#1"}
			}
		},
		{
			"from": [5.37017, -4.3883, -1],
			"to": [6.37017, 11.8117, 0],
			"rotation": {"angle": 0, "axis": "y", "origin": [5.37017, -6.3883, -1]},
			"faces": {
				"north": {"uv": [0, 0, 1, 16], "texture": "#1"},
				"east": {"uv": [0, 0, 1, 16], "texture": "#1"},
				"south": {"uv": [0, 0, 1, 16], "texture": "#1"},
				"west": {"uv": [0, 0, 1, 16], "texture": "#1"},
				"up": {"uv": [0, 0, 1, 1], "texture": "#1"},
				"down": {"uv": [0, 0, 1, 1], "texture": "#1"}
			}
		},
		{
			"from": [8.37017, -3.1883, -1],
			"to": [9.37017, 13.0117, 0],
			"rotation": {"angle": 0, "axis": "y", "origin": [8.37017, -5.1883, -1]},
			"faces": {
				"north": {"uv": [0, 0, 1, 16], "texture": "#1"},
				"east": {"uv": [0, 0, 1, 16], "texture": "#1"},
				"south": {"uv": [0, 0, 1, 16], "texture": "#1"},
				"west": {"uv": [0, 0, 1, 16], "texture": "#1"},
				"up": {"uv": [0, 0, 1, 1], "texture": "#1"},
				"down": {"uv": [0, 0, 1, 1], "texture": "#1"}
			}
		},
		{
			"from": [11.37017, -1.8883, -1],
			"to": [12.37017, 14.3117, 0],
			"rotation": {"angle": 0, "axis": "y", "origin": [11.37017, -3.8883, -1]},
			"faces": {
				"north": {"uv": [0, 0, 1, 16], "texture": "#1"},
				"east": {"uv": [0, 0, 1, 16], "texture": "#1"},
				"south": {"uv": [0, 0, 1, 16], "texture": "#1"},
				"west": {"uv": [0, 0, 1, 16], "texture": "#1"},
				"up": {"uv": [0, 0, 1, 1], "texture": "#1"},
				"down": {"uv": [0, 0, 1, 1], "texture": "#1"}
			}
		},
		{
			"from": [14.37017, -0.8883, -1],
			"to": [15.37017, 15.5117, 0],
			"rotation": {"angle": 0, "axis": "y", "origin": [14.37017, -2.8883, -1]},
			"faces": {
				"north": {"uv": [0, 0, 1, 16], "texture": "#1"},
				"east": {"uv": [0, 0, 1, 16], "texture": "#1"},
				"south": {"uv": [0, 0, 1, 16], "texture": "#1"},
				"west": {"uv": [0, 0, 1, 16], "texture": "#1"},
				"up": {"uv": [0, 0, 1, 1], "texture": "#1"},
				"down": {"uv": [0, 0, 1, 1], "texture": "#1"}
			}
		}
	],
	"display": {
		"head": {
			"translation": [0, 0, 23],
			"scale": [1.6, 1.6, 1.6]
		}
	}
}