{
	"credit": "Made with Blockbench",
	"textures": {
		"0": "item/chateauentrée",
		"particle": "item/chateauentrée"
	},
	"elements": [
		{
			"from": [-16, 0, -16],
			"to": [32, 0, 32],
			"faces": {
				"north": {"uv": [0, 0, 16, 0], "texture": "#0"},
				"east": {"uv": [0, 0, 16, 0], "texture": "#0"},
				"south": {"uv": [0, 0, 16, 0], "texture": "#0"},
				"west": {"uv": [0, 0, 16, 0], "texture": "#0"},
				"up": {"uv": [3.15556, 5.55556, 12.84444, 10.36667], "texture": "#0"},
				"down": {"uv": [0, 0, 16, 16], "texture": "#0"}
			}
		}
	],
	"display": {
		"head": {
			"rotation": [180, 0, 180],
			"translation": [0, -22, 2.5],
			"scale": [2, 2, 2]
		}
	}
}