{
	"credit": "Made with Blockbench",
	"textures": {
		"0": "item/CITY HALL",
		"particle": "item/CITY HALL"
	},
	"elements": [
		{
			"from": [2, 0, -16],
			"to": [2, 28, 32],
			"rotation": {"angle": 0, "axis": "y", "origin": [0, 0, 4]},
			"faces": {
				"north": {"uv": [0, 0, 0, 16], "texture": "#0"},
				"east": {"uv": [0, 0, 16, 16], "texture": "#0"},
				"south": {"uv": [0, 0, 0, 16], "texture": "#0"},
				"west": {"uv": [0, 0, 16, 16], "texture": "#0"},
				"up": {"uv": [0, 0, 0, 16], "texture": "#0"},
				"down": {"uv": [0, 0, 0, 16], "texture": "#0"}
			}
		}
	],
	"display": {
		"head": {
			"rotation": [0, -90, 0],
			"translation": [-2.75, -39, 26.25],
			"scale": [2.3, 2.3, 2.3]
		}
	}
}