{
	"credit": "Made with Blockbench",
	"textures": {
		"0": "item/CocaCola",
		"2": "item/cut_sandstonemodif",
		"particle": "item/CocaCola"
	},
	"elements": [
		{
			"from": [-7, 0, -8],
			"to": [8, 24, 26],
			"rotation": {"angle": 0, "axis": "y", "origin": [0, 0, -8]},
			"faces": {
				"north": {"uv": [0, 0, 15, 16], "texture": "#2"},
				"east": {"uv": [0, 0, 16, 16], "texture": "#0"},
				"south": {"uv": [0, 0, 15, 16], "texture": "#2"},
				"west": {"uv": [0, 0, 16, 16], "texture": "#0"},
				"up": {"uv": [0, 0, 15, 16], "texture": "#2"},
				"down": {"uv": [0, 0, 15, 16], "texture": "#2"}
			}
		}
	],
	"display": {
		"head": {
			"rotation": [0, 90, 0],
			"translation": [0.5, -0.25, 5],
			"scale": [3.2, 3.2, 3.2]
		}
	}
}