{
	"credit": "Made with Blockbench",
	"textures": {
		"0": "item/cut_sandstonemodif",
		"particle": "item/cut_sandstonemodif"
	},
	"elements": [
		{
			"from": [13.8, 0, -0.1],
			"to": [16, 3, 0],
			"rotation": {"angle": 0, "axis": "y", "origin": [14, 0, 0]},
			"faces": {
				"north": {"uv": [5, 1, 7.2, 4], "texture": "#0"},
				"east": {"uv": [0, 0, 0.1, 3], "texture": "#0"},
				"south": {"uv": [0, 0, 2.2, 3], "texture": "#0"},
				"west": {"uv": [0, 0, 0.1, 3], "texture": "#0"},
				"up": {"uv": [0, 0, 2.2, 0.1], "texture": "#0"},
				"down": {"uv": [0, 0, 2.2, 0.1], "texture": "#0"}
			}
		},
		{
			"from": [12.7, 3, -0.2],
			"to": [16, 6, 0],
			"rotation": {"angle": 0, "axis": "y", "origin": [14, 3, 0]},
			"faces": {
				"north": {"uv": [12.7, 0, 16, 3], "texture": "#0"},
				"east": {"uv": [0, 0, 0.2, 3], "texture": "#0"},
				"south": {"uv": [0, 0, 3.3, 3], "texture": "#0"},
				"west": {"uv": [0, 0, 0.2, 3], "texture": "#0"},
				"up": {"uv": [0, 0, 3.3, 0.2], "texture": "#0"},
				"down": {"uv": [0, 0, 3.3, 0.2], "texture": "#0"}
			}
		},
		{
			"from": [13.6, 6, 0],
			"to": [16, 9, 0],
			"rotation": {"angle": 0, "axis": "y", "origin": [14, 6, 0]},
			"faces": {
				"north": {"uv": [12.6, 1, 15, 4], "texture": "#0"},
				"east": {"uv": [0, 0, 0, 3], "texture": "#0"},
				"south": {"uv": [0, 0, 2.4, 3], "texture": "#0"},
				"west": {"uv": [0, 0, 0, 3], "texture": "#0"},
				"up": {"uv": [0, 0, 2.4, 0], "texture": "#0"},
				"down": {"uv": [0, 0, 2.4, 0], "texture": "#0"}
			}
		},
		{
			"from": [12.5, 9, -0.1],
			"to": [16, 10.6, 0],
			"rotation": {"angle": 0, "axis": "y", "origin": [14, 9, 0]},
			"faces": {
				"north": {"uv": [0, 1, 3.5, 2.6], "texture": "#0"},
				"east": {"uv": [0, 0, 0.1, 1.6], "texture": "#0"},
				"south": {"uv": [0, 0, 3.5, 1.6], "texture": "#0"},
				"west": {"uv": [0, 0, 0.1, 1.6], "texture": "#0"},
				"up": {"uv": [0, 0, 3.5, 0.1], "texture": "#0"},
				"down": {"uv": [0, 0, 3.5, 0.1], "texture": "#0"}
			}
		},
		{
			"from": [14.3, 10.6, -0.2],
			"to": [16, 13, 0],
			"rotation": {"angle": 0, "axis": "y", "origin": [14, 10.6, 0]},
			"faces": {
				"north": {"uv": [3, 7, 4.7, 9.4], "texture": "#0"},
				"east": {"uv": [0, 0, 0.2, 2.4], "texture": "#0"},
				"south": {"uv": [0, 0, 1.7, 2.4], "texture": "#0"},
				"west": {"uv": [0, 0, 0.2, 2.4], "texture": "#0"},
				"up": {"uv": [0, 0, 1.7, 0.2], "texture": "#0"},
				"down": {"uv": [0, 0, 1.7, 0.2], "texture": "#0"}
			}
		},
		{
			"from": [13.5, 13, 0],
			"to": [16, 15, 0],
			"rotation": {"angle": 0, "axis": "y", "origin": [14, 13, 0]},
			"faces": {
				"north": {"uv": [0, 1, 2.5, 3], "texture": "#0"},
				"east": {"uv": [0, 0, 0, 2], "texture": "#0"},
				"south": {"uv": [0, 0, 2.5, 2], "texture": "#0"},
				"west": {"uv": [0, 0, 0, 2], "texture": "#0"},
				"up": {"uv": [0, 0, 2.5, 0], "texture": "#0"},
				"down": {"uv": [0, 0, 2.5, 0], "texture": "#0"}
			}
		},
		{
			"from": [13.2, 15, -0.2],
			"to": [16, 16, 0],
			"rotation": {"angle": 0, "axis": "y", "origin": [14, 15, 0]},
			"faces": {
				"north": {"uv": [0, 3, 2.8, 2], "texture": "#0"},
				"east": {"uv": [0, 0, 0.2, 1], "texture": "#0"},
				"south": {"uv": [0, 0, 2.8, 1], "texture": "#0"},
				"west": {"uv": [0, 0, 0.2, 1], "texture": "#0"},
				"up": {"uv": [0, 0, 2.8, 0.2], "texture": "#0"},
				"down": {"uv": [0, 0, 2.8, 0.2], "texture": "#0"}
			}
		},
		{
			"from": [16, 0, 0],
			"to": [16.1, 3, 2.2],
			"rotation": {"angle": 0, "axis": "y", "origin": [16, 0, 2]},
			"faces": {
				"north": {"uv": [0, 0, 0.1, 3], "texture": "#0"},
				"east": {"uv": [6, 1, 8.2, 4], "texture": "#0"},
				"south": {"uv": [0, 0, 0.1, 3], "texture": "#0"},
				"west": {"uv": [0, 0, 2.2, 3], "texture": "#0"},
				"up": {"uv": [0, 0, 2.2, 0.1], "rotation": 270, "texture": "#0"},
				"down": {"uv": [0, 0, 2.2, 0.1], "rotation": 90, "texture": "#0"}
			}
		},
		{
			"from": [16, 3, 0],
			"to": [16.2, 6, 3.3],
			"rotation": {"angle": 0, "axis": "y", "origin": [16, 3, 2]},
			"faces": {
				"north": {"uv": [0, 0, 0.2, 3], "texture": "#0"},
				"east": {"uv": [12.7, 0, 16, 3], "texture": "#0"},
				"south": {"uv": [0, 0, 0.2, 3], "texture": "#0"},
				"west": {"uv": [0, 0, 3.3, 3], "texture": "#0"},
				"up": {"uv": [0, 0, 3.3, 0.2], "rotation": 270, "texture": "#0"},
				"down": {"uv": [0, 0, 3.3, 0.2], "rotation": 90, "texture": "#0"}
			}
		},
		{
			"from": [16, 6, 0],
			"to": [16, 9, 2.4],
			"rotation": {"angle": 0, "axis": "y", "origin": [16, 6, 2]},
			"faces": {
				"north": {"uv": [0, 0, 0, 3], "texture": "#0"},
				"east": {"uv": [7.6, 1, 10, 4], "texture": "#0"},
				"south": {"uv": [0, 0, 0, 3], "texture": "#0"},
				"west": {"uv": [0, 0, 2.4, 3], "texture": "#0"},
				"up": {"uv": [0, 0, 2.4, 0], "rotation": 270, "texture": "#0"},
				"down": {"uv": [0, 0, 2.4, 0], "rotation": 90, "texture": "#0"}
			}
		},
		{
			"from": [16, 9, 0],
			"to": [16.1, 10.6, 3.5],
			"rotation": {"angle": 0, "axis": "y", "origin": [16, 9, 2]},
			"faces": {
				"north": {"uv": [0, 0, 0.1, 1.6], "texture": "#0"},
				"east": {"uv": [0, 1, 3.5, 2.6], "texture": "#0"},
				"south": {"uv": [0, 0, 0.1, 1.6], "texture": "#0"},
				"west": {"uv": [0, 0, 3.5, 1.6], "texture": "#0"},
				"up": {"uv": [0, 0, 3.5, 0.1], "rotation": 270, "texture": "#0"},
				"down": {"uv": [0, 0, 3.5, 0.1], "rotation": 90, "texture": "#0"}
			}
		},
		{
			"from": [16, 10.6, 0],
			"to": [16.2, 13, 1.7],
			"rotation": {"angle": 0, "axis": "y", "origin": [16, 10.6, 2]},
			"faces": {
				"north": {"uv": [0, 0, 0.2, 2.4], "texture": "#0"},
				"east": {"uv": [3, 7, 4.7, 9.4], "texture": "#0"},
				"south": {"uv": [0, 0, 0.2, 2.4], "texture": "#0"},
				"west": {"uv": [0, 0, 1.7, 2.4], "texture": "#0"},
				"up": {"uv": [0, 0, 1.7, 0.2], "rotation": 270, "texture": "#0"},
				"down": {"uv": [0, 0, 1.7, 0.2], "rotation": 90, "texture": "#0"}
			}
		},
		{
			"from": [16, 13, 0],
			"to": [16, 15, 2.5],
			"rotation": {"angle": 0, "axis": "y", "origin": [16, 13, 2]},
			"faces": {
				"north": {"uv": [0, 0, 0, 2], "texture": "#0"},
				"east": {"uv": [0, 1, 2.5, 3], "texture": "#0"},
				"south": {"uv": [0, 0, 0, 2], "texture": "#0"},
				"west": {"uv": [0, 0, 2.5, 2], "texture": "#0"},
				"up": {"uv": [0, 0, 2.5, 0], "rotation": 270, "texture": "#0"},
				"down": {"uv": [0, 0, 2.5, 0], "rotation": 90, "texture": "#0"}
			}
		},
		{
			"from": [16, 15, 0],
			"to": [16.2, 16, 2.8],
			"rotation": {"angle": 0, "axis": "y", "origin": [16, 15, 2]},
			"faces": {
				"north": {"uv": [0, 0, 0.2, 1], "texture": "#0"},
				"east": {"uv": [0, 2, 2.8, 3], "texture": "#0"},
				"south": {"uv": [0, 0, 0.2, 1], "texture": "#0"},
				"west": {"uv": [0, 0, 2.8, 1], "texture": "#0"},
				"up": {"uv": [0, 0, 2.8, 0.2], "rotation": 270, "texture": "#0"},
				"down": {"uv": [0, 0, 2.8, 0.2], "rotation": 90, "texture": "#0"}
			}
		}
	],
	"display": {
		"head": {
			"translation": [-15, 0, 28.75],
			"scale": [1.6, 1.6, 1.6]
		}
	}
}