{
	"credit": "Made with Blockbench",
	"textures": {
		"0": "item/DeliciousSweets",
		"1": "item/vert fonçé",
		"2": "item/texture",
		"particle": "item/DeliciousSweets"
	},
	"elements": [
		{
			"from": [0, 0, -8],
			"to": [0, 6, 24],
			"faces": {
				"north": {"uv": [0, 0, 0, 6], "texture": "#missing"},
				"east": {"uv": [0, 0, 16, 6], "texture": "#missing"},
				"south": {"uv": [0, 0, 0, 6], "texture": "#missing"},
				"west": {"uv": [0, 0, 16, 16], "texture": "#0"},
				"up": {"uv": [0, 0, 0, 16], "texture": "#missing"},
				"down": {"uv": [0, 0, 0, 16], "texture": "#missing"}
			}
		},
		{
			"from": [-0.3, 0, -9],
			"to": [2, 6, -8],
			"rotation": {"angle": 0, "axis": "y", "origin": [0, 0, -10]},
			"faces": {
				"north": {"uv": [0, 0, 2.3, 6], "texture": "#2"},
				"east": {"uv": [0, 0, 1, 6], "texture": "#2"},
				"south": {"uv": [0, 0, 2.3, 6], "texture": "#2"},
				"west": {"uv": [0, 0, 1, 6], "texture": "#2"},
				"up": {"uv": [0, 0, 2.3, 1], "texture": "#2"},
				"down": {"uv": [0, 0, 2.3, 1], "texture": "#2"}
			}
		},
		{
			"from": [-0.3, 0, 24],
			"to": [2, 6, 25],
			"rotation": {"angle": 0, "axis": "y", "origin": [0, 0, 23]},
			"faces": {
				"north": {"uv": [0, 0, 2.3, 6], "texture": "#2"},
				"east": {"uv": [0, 0, 1, 6], "texture": "#2"},
				"south": {"uv": [0, 0, 2.3, 6], "texture": "#2"},
				"west": {"uv": [0, 0, 1, 6], "texture": "#2"},
				"up": {"uv": [0, 0, 2.3, 1], "texture": "#2"},
				"down": {"uv": [0, 0, 2.3, 1], "texture": "#2"}
			}
		},
		{
			"from": [-0.5, 6, -9],
			"to": [1, 7, 25],
			"rotation": {"angle": 0, "axis": "y", "origin": [-1.5, 7, 3]},
			"faces": {
				"north": {"uv": [0, 0, 1.5, 1], "texture": "#2"},
				"east": {"uv": [0, 0, 16, 1], "texture": "#2"},
				"south": {"uv": [0, 0, 1.5, 1], "texture": "#2"},
				"west": {"uv": [0, 0, 16, 1], "texture": "#2"},
				"up": {"uv": [0, 0, 16, 1.5], "rotation": 270, "texture": "#2"},
				"down": {"uv": [0, 0, 16, 1.5], "rotation": 90, "texture": "#2"}
			}
		},
		{
			"from": [-1.2, 7, -9],
			"to": [0.8, 8, 25],
			"rotation": {"angle": 0, "axis": "y", "origin": [-1.2, 6, 0]},
			"faces": {
				"north": {"uv": [0, 0, 2, 1], "texture": "#1"},
				"east": {"uv": [0, 0, 16, 1], "texture": "#1"},
				"south": {"uv": [0, 0, 2, 1], "texture": "#1"},
				"west": {"uv": [0, 0, 16, 1], "texture": "#1"},
				"up": {"uv": [0, 0, 16, 2], "rotation": 270, "texture": "#1"},
				"down": {"uv": [0, 0, 16, 2], "rotation": 90, "texture": "#1"}
			}
		},
		{
			"from": [9.83837, 7, 22.80433],
			"to": [11.83837, 8, 27.80433],
			"rotation": {"angle": 22.5, "axis": "y", "origin": [9.83837, 6, 51.64899]},
			"faces": {
				"north": {"uv": [0, 0, 2, 1], "texture": "#2"},
				"east": {"uv": [0, 0, 5, 1], "texture": "#2"},
				"south": {"uv": [0, 0, 2, 1], "texture": "#2"},
				"west": {"uv": [0, 0, 5, 1], "texture": "#2"},
				"up": {"uv": [0, 0, 5, 2], "rotation": 270, "texture": "#2"},
				"down": {"uv": [0, 0, 5, 2], "rotation": 90, "texture": "#2"}
			}
		},
		{
			"from": [8.36709, 7, -12],
			"to": [10.36709, 8, -7],
			"rotation": {"angle": -22.5, "axis": "y", "origin": [8.36709, 6, -32.09699]},
			"faces": {
				"north": {"uv": [0, 0, 2, 1], "texture": "#2"},
				"east": {"uv": [0, 0, 5, 1], "texture": "#2"},
				"south": {"uv": [0, 0, 2, 1], "texture": "#2"},
				"west": {"uv": [0, 0, 5, 1], "texture": "#2"},
				"up": {"uv": [0, 0, 5, 2], "rotation": 270, "texture": "#2"},
				"down": {"uv": [0, 0, 5, 2], "rotation": 90, "texture": "#2"}
			}
		},
		{
			"from": [7.99516, 6, -12.4],
			"to": [9.49516, 7, -7.7],
			"rotation": {"angle": -22.5, "axis": "y", "origin": [6.99516, 7, -29.70803]},
			"faces": {
				"north": {"uv": [0, 0, 1.5, 1], "texture": "#1"},
				"east": {"uv": [0, 0, 4.7, 1], "texture": "#1"},
				"south": {"uv": [0, 0, 1.5, 1], "texture": "#1"},
				"west": {"uv": [0, 0, 4.7, 1], "texture": "#1"},
				"up": {"uv": [0, 0, 4.7, 1.5], "rotation": 270, "texture": "#1"},
				"down": {"uv": [0, 0, 4.7, 1.5], "rotation": 90, "texture": "#1"}
			}
		},
		{
			"from": [-7.04738, 6, 26.70018],
			"to": [-5.54738, 7, 31.40018],
			"rotation": {"angle": 22.5, "axis": "y", "origin": [-8.04738, 7, 9.39215]},
			"faces": {
				"north": {"uv": [0, 0, 1.5, 1], "texture": "#1"},
				"east": {"uv": [0, 0, 4.7, 1], "texture": "#1"},
				"south": {"uv": [0, 0, 1.5, 1], "texture": "#1"},
				"west": {"uv": [0, 0, 4.7, 1], "texture": "#1"},
				"up": {"uv": [0, 0, 4.7, 1.5], "rotation": 270, "texture": "#1"},
				"down": {"uv": [0, 0, 4.7, 1.5], "rotation": 90, "texture": "#1"}
			}
		}
	],
	"display": {
		"head": {
			"rotation": [180, -90, 180],
			"translation": [0, 0, 25.75],
			"scale": [1.6, 1.6, 1.6]
		}
	}
}