{
	"credit": "Made with Blockbench",
	"textures": {
		"0": "item/lumiére",
		"1": "item/dark_prismarine",
		"2": "item/gold_block",
		"particle": "item/lumiére"
	},
	"elements": [
		{
			"from": [8, 3.4, 7],
			"to": [9, 24.7, 8],
			"rotation": {"angle": 0, "axis": "y", "origin": [7, 0, 6]},
			"faces": {
				"north": {"uv": [0, 0, 1, 16], "texture": "#1"},
				"east": {"uv": [0, 0, 1, 16], "texture": "#1"},
				"south": {"uv": [0, 0, 1, 16], "texture": "#1"},
				"west": {"uv": [0, 0, 1, 16], "texture": "#1"},
				"up": {"uv": [0, 0, 1, 1], "texture": "#1"},
				"down": {"uv": [0, 0, 1, 1], "texture": "#1"}
			}
		},
		{
			"from": [7.9, 24.7, 6.9],
			"to": [9.1, 25.8, 8.1],
			"rotation": {"angle": 0, "axis": "y", "origin": [8, 25, 6]},
			"faces": {
				"north": {"uv": [0, 0, 1.2, 1.1], "texture": "#1"},
				"east": {"uv": [0, 0, 1.2, 1.1], "texture": "#1"},
				"south": {"uv": [0, 0, 1.2, 1.1], "texture": "#1"},
				"west": {"uv": [0, 0, 1.2, 1.1], "texture": "#1"},
				"up": {"uv": [0, 0, 1.2, 1.2], "texture": "#1"},
				"down": {"uv": [0, 0, 1.2, 1.2], "texture": "#1"}
			}
		},
		{
			"from": [7.9, 1.5, 6.9],
			"to": [9.1, 3.5, 8.1],
			"rotation": {"angle": 0, "axis": "y", "origin": [8, 2, 6]},
			"faces": {
				"north": {"uv": [0, 0, 1.2, 2], "texture": "#1"},
				"east": {"uv": [0, 0, 1.2, 2], "texture": "#1"},
				"south": {"uv": [0, 0, 1.2, 2], "texture": "#1"},
				"west": {"uv": [0, 0, 1.2, 2], "texture": "#1"},
				"up": {"uv": [0, 0, 1.2, 1.2], "texture": "#1"},
				"down": {"uv": [0, 0, 1.2, 1.2], "texture": "#1"}
			}
		},
		{
			"from": [8, 25.8, 7],
			"to": [9, 27, 8],
			"rotation": {"angle": 0, "axis": "y", "origin": [7, -5, 6]},
			"faces": {
				"north": {"uv": [0, 0, 1, 1.2], "texture": "#1"},
				"east": {"uv": [0, 0, 1, 1.2], "texture": "#1"},
				"south": {"uv": [0, 0, 1, 1.2], "texture": "#1"},
				"west": {"uv": [0, 0, 1, 1.2], "texture": "#1"},
				"up": {"uv": [0, 0, 1, 1], "texture": "#1"},
				"down": {"uv": [0, 0, 1, 1], "texture": "#1"}
			}
		},
		{
			"from": [5, 24.9, 7.1],
			"to": [8, 25.6, 7.9],
			"rotation": {"angle": 0, "axis": "y", "origin": [6, -6, 6]},
			"faces": {
				"north": {"uv": [0, 0, 3, 0.7], "texture": "#1"},
				"east": {"uv": [0, 0, 0.8, 0.7], "texture": "#1"},
				"south": {"uv": [0, 0, 3, 0.7], "texture": "#1"},
				"west": {"uv": [0, 0, 0.8, 0.7], "texture": "#1"},
				"up": {"uv": [0, 0, 3, 0.8], "texture": "#1"},
				"down": {"uv": [0, 0, 3, 0.8], "texture": "#1"}
			}
		},
		{
			"from": [3, 25, 7.2],
			"to": [5, 25.5, 7.8],
			"rotation": {"angle": 0, "axis": "y", "origin": [3, -6, 6]},
			"faces": {
				"north": {"uv": [0, 0, 2, 0.5], "texture": "#1"},
				"east": {"uv": [0, 0, 0.6, 0.5], "texture": "#1"},
				"south": {"uv": [0, 0, 2, 0.5], "texture": "#1"},
				"west": {"uv": [0, 0, 0.6, 0.5], "texture": "#1"},
				"up": {"uv": [0, 0, 2, 0.6], "texture": "#1"},
				"down": {"uv": [0, 0, 2, 0.6], "texture": "#1"}
			}
		},
		{
			"from": [7, 27, 7],
			"to": [10, 28, 8],
			"rotation": {"angle": 0, "axis": "y", "origin": [7, 27, 6]},
			"faces": {
				"north": {"uv": [13, 13.78462, 16, 14.78462], "texture": "#0"},
				"east": {"uv": [14.03077, 12.55385, 15.03077, 13.55385], "texture": "#0"},
				"south": {"uv": [11.81538, 11.81538, 14.81538, 12.81538], "texture": "#0"},
				"west": {"uv": [13.04615, 11.56923, 14.04615, 12.56923], "texture": "#0"},
				"up": {"uv": [11.56923, 11.07692, 14.56923, 12.07692], "texture": "#0"},
				"down": {"uv": [13, 14.03077, 16, 15.03077], "texture": "#0"}
			}
		},
		{
			"from": [8, 27, 8],
			"to": [9, 28, 9],
			"rotation": {"angle": 0, "axis": "y", "origin": [7, 27, 6]},
			"faces": {
				"north": {"uv": [13.78462, 10.83077, 14.78462, 11.83077], "texture": "#0"},
				"east": {"uv": [10.58462, 12.8, 11.58462, 13.8], "texture": "#0"},
				"south": {"uv": [10.09231, 8.86154, 11.09231, 9.86154], "texture": "#0"},
				"west": {"uv": [10.33846, 9.35385, 11.33846, 10.35385], "texture": "#0"},
				"up": {"uv": [15, 10.33846, 16, 11.33846], "texture": "#0"},
				"down": {"uv": [13.29231, 11.56923, 14.29231, 12.56923], "texture": "#0"}
			}
		},
		{
			"from": [8, 27, 6],
			"to": [9, 28, 7],
			"rotation": {"angle": 0, "axis": "y", "origin": [7, 27, 4]},
			"faces": {
				"north": {"uv": [14.76923, 11.56923, 15.76923, 12.56923], "texture": "#0"},
				"east": {"uv": [15, 11.32308, 16, 12.32308], "texture": "#0"},
				"south": {"uv": [14.27692, 12.30769, 15.27692, 13.30769], "texture": "#0"},
				"west": {"uv": [14.03077, 10.58462, 15.03077, 11.58462], "texture": "#0"},
				"up": {"uv": [11.07692, 13.53846, 12.07692, 14.53846], "texture": "#0"},
				"down": {"uv": [16, 16, 12.81538, 13.8], "texture": "#0"}
			}
		},
		{
			"from": [7, 28, 6],
			"to": [8, 29, 7],
			"rotation": {"angle": 0, "axis": "y", "origin": [6, 28, 4]},
			"faces": {
				"north": {"uv": [14.76923, 12.8, 15.76923, 13.8], "texture": "#0"},
				"east": {"uv": [0, 0, 1, 1], "texture": "#0"},
				"south": {"uv": [0, 0, 1, 1], "texture": "#0"},
				"west": {"uv": [14.76923, 13.78462, 15.76923, 14.78462], "texture": "#0"},
				"up": {"uv": [14.03077, 14.03077, 15.03077, 15.03077], "texture": "#0"},
				"down": {"uv": [14.52308, 13.53846, 15.52308, 14.53846], "texture": "#0"}
			}
		},
		{
			"from": [9, 28, 6],
			"to": [10, 29, 7],
			"rotation": {"angle": 0, "axis": "y", "origin": [8, 28, 4]},
			"faces": {
				"north": {"uv": [13.78462, 12.30769, 14.78462, 13.30769], "texture": "#0"},
				"east": {"uv": [14.27692, 13.04615, 15.27692, 14.04615], "texture": "#0"},
				"south": {"uv": [15, 15, 16, 16], "texture": "#0"},
				"west": {"uv": [14.27692, 12.55385, 15.27692, 13.55385], "texture": "#0"},
				"up": {"uv": [14.76923, 12.8, 15.76923, 13.8], "texture": "#0"},
				"down": {"uv": [15, 13.04615, 16, 14.04615], "texture": "#0"}
			}
		},
		{
			"from": [9, 28, 8],
			"to": [10, 29, 9],
			"rotation": {"angle": 0, "axis": "y", "origin": [8, 28, 6]},
			"faces": {
				"north": {"uv": [15, 12.30769, 16, 13.30769], "texture": "#0"},
				"east": {"uv": [11.56923, 11.56923, 12.56923, 12.56923], "texture": "#0"},
				"south": {"uv": [15, 15, 16, 16], "texture": "#0"},
				"west": {"uv": [12.55385, 11.32308, 13.55385, 12.32308], "texture": "#0"},
				"up": {"uv": [10.83077, 9.10769, 11.83077, 10.10769], "texture": "#0"},
				"down": {"uv": [11.07692, 10.33846, 12.07692, 11.33846], "texture": "#0"}
			}
		},
		{
			"from": [7, 28, 8],
			"to": [8, 29, 9],
			"rotation": {"angle": 0, "axis": "y", "origin": [6, 28, 6]},
			"faces": {
				"north": {"uv": [12.06154, 10.09231, 13.06154, 11.09231], "texture": "#0"},
				"east": {"uv": [10.83077, 10.33846, 11.83077, 11.33846], "texture": "#0"},
				"south": {"uv": [13.04615, 12.8, 14.29231, 13.8], "texture": "#0"},
				"west": {"uv": [12.55385, 13.53846, 13.55385, 14.53846], "texture": "#0"},
				"up": {"uv": [9.35385, 10.83077, 10.35385, 11.83077], "texture": "#0"},
				"down": {"uv": [11.55385, 12.04615, 12.55385, 13.04615], "texture": "#0"}
			}
		},
		{
			"from": [6, 28, 7],
			"to": [7, 31, 8],
			"rotation": {"angle": 0, "axis": "y", "origin": [5, 28, 5]},
			"faces": {
				"north": {"uv": [8.61538, 7.63077, 9.61538, 10.63077], "texture": "#0"},
				"east": {"uv": [15, 13, 16, 16], "texture": "#0"},
				"south": {"uv": [12.06154, 10.58462, 13.06154, 13.58462], "texture": "#0"},
				"west": {"uv": [13.53846, 11.56923, 14.53846, 14.56923], "texture": "#0"},
				"up": {"uv": [11.07692, 11.56923, 12.07692, 12.56923], "texture": "#0"},
				"down": {"uv": [8.61538, 8.61538, 9.61538, 9.61538], "texture": "#0"}
			}
		},
		{
			"from": [10, 28, 7],
			"to": [11, 31, 8],
			"rotation": {"angle": 0, "axis": "y", "origin": [9, 28, 5]},
			"faces": {
				"north": {"uv": [12.30769, 11.81538, 13.30769, 14.81538], "texture": "#0"},
				"east": {"uv": [15, 13, 16, 16], "texture": "#0"},
				"south": {"uv": [12.55385, 11.07692, 13.55385, 14.07692], "texture": "#0"},
				"west": {"uv": [13.78462, 13, 14.78462, 16], "texture": "#0"},
				"up": {"uv": [15, 13.29231, 16, 14.29231], "texture": "#0"},
				"down": {"uv": [12.55385, 13.78462, 13.55385, 14.78462], "texture": "#0"}
			}
		},
		{
			"from": [8, 28, 9],
			"to": [9, 31, 10],
			"rotation": {"angle": 0, "axis": "y", "origin": [7, 28, 7]},
			"faces": {
				"north": {"uv": [12.55385, 12.06154, 13.55385, 15.06154], "texture": "#0"},
				"east": {"uv": [12.55385, 13, 13.55385, 16], "texture": "#0"},
				"south": {"uv": [13.04615, 12.8, 14.04615, 15.8], "texture": "#0"},
				"west": {"uv": [13.29231, 12.06154, 14.29231, 15.06154], "texture": "#0"},
				"up": {"uv": [14.76923, 11.81538, 15.76923, 12.81538], "texture": "#0"},
				"down": {"uv": [15, 14.27692, 16, 15.27692], "texture": "#0"}
			}
		},
		{
			"from": [8, 28, 5],
			"to": [9, 31, 6],
			"rotation": {"angle": 0, "axis": "y", "origin": [7, 28, 3]},
			"faces": {
				"north": {"uv": [13.04615, 11.81538, 14.04615, 14.81538], "texture": "#0"},
				"east": {"uv": [14.27692, 13, 15.27692, 16], "texture": "#0"},
				"south": {"uv": [0, 0, 1, 3], "texture": "#0"},
				"west": {"uv": [14.27692, 13, 15.27692, 16], "texture": "#0"},
				"up": {"uv": [15.26154, 16, 14.04615, 14.78462], "texture": "#0"},
				"down": {"uv": [15, 13.29231, 16, 14.29231], "texture": "#0"}
			}
		},
		{
			"from": [9, 29, 5],
			"to": [10, 30, 6],
			"rotation": {"angle": 0, "axis": "y", "origin": [8, 29, 3]},
			"faces": {
				"north": {"uv": [11.56923, 13.53846, 12.56923, 14.53846], "texture": "#0"},
				"east": {"uv": [12.06154, 13.29231, 13.06154, 14.29231], "texture": "#0"},
				"south": {"uv": [0, 0, 1, 1], "texture": "#0"},
				"west": {"uv": [0, 0, 1, 1], "texture": "#0"},
				"up": {"uv": [12.55385, 12.8, 13.55385, 13.8], "texture": "#0"},
				"down": {"uv": [12.8, 13.29231, 13.8, 14.29231], "texture": "#0"}
			}
		},
		{
			"from": [10, 29, 6],
			"to": [11, 30, 7],
			"rotation": {"angle": 0, "axis": "y", "origin": [9, 29, 4]},
			"faces": {
				"north": {"uv": [12.06154, 12.30769, 13.06154, 13.30769], "texture": "#0"},
				"east": {"uv": [13.04615, 13.29231, 14.04615, 14.29231], "texture": "#0"},
				"south": {"uv": [13.78462, 12.06154, 14.78462, 13.06154], "texture": "#0"},
				"west": {"uv": [13.78462, 12.55385, 14.78462, 13.55385], "texture": "#0"},
				"up": {"uv": [11.56923, 12.55385, 12.56923, 13.55385], "texture": "#0"},
				"down": {"uv": [11.56923, 14.27692, 12.56923, 15.27692], "texture": "#0"}
			}
		},
		{
			"from": [10, 29, 8],
			"to": [11, 30, 9],
			"rotation": {"angle": 0, "axis": "y", "origin": [9, 29, 6]},
			"faces": {
				"north": {"uv": [11.56923, 8.86154, 12.56923, 9.86154], "texture": "#0"},
				"east": {"uv": [9.6, 9.10769, 10.6, 10.10769], "texture": "#0"},
				"south": {"uv": [13.04615, 13.78462, 14.04615, 14.78462], "texture": "#0"},
				"west": {"uv": [8.86154, 11.07692, 9.86154, 12.07692], "texture": "#0"},
				"up": {"uv": [10.83077, 9.35385, 11.83077, 10.35385], "texture": "#0"},
				"down": {"uv": [8.86154, 8.61538, 9.86154, 9.61538], "texture": "#0"}
			}
		},
		{
			"from": [9, 29, 9],
			"to": [10, 30, 10],
			"rotation": {"angle": 0, "axis": "y", "origin": [8, 29, 7]},
			"faces": {
				"north": {"uv": [9.10769, 9.10769, 10.10769, 10.10769], "texture": "#0"},
				"east": {"uv": [11.32308, 9.84615, 12.32308, 10.84615], "texture": "#0"},
				"south": {"uv": [15, 13.04615, 16, 14.04615], "texture": "#0"},
				"west": {"uv": [8.86154, 11.32308, 9.86154, 12.32308], "texture": "#0"},
				"up": {"uv": [12.55385, 12.55385, 13.55385, 13.55385], "texture": "#0"},
				"down": {"uv": [15, 10.83077, 16, 11.83077], "texture": "#0"}
			}
		},
		{
			"from": [7, 29, 9],
			"to": [8, 30, 10],
			"rotation": {"angle": 0, "axis": "y", "origin": [6, 29, 7]},
			"faces": {
				"north": {"uv": [15, 13.78462, 16, 14.78462], "texture": "#0"},
				"east": {"uv": [12.55385, 12.30769, 13.55385, 13.30769], "texture": "#0"},
				"south": {"uv": [15.49231, 15.73846, 16, 16], "texture": "#0"},
				"west": {"uv": [15, 13.78462, 16, 14.78462], "texture": "#0"},
				"up": {"uv": [14.52308, 12.06154, 15.52308, 13.06154], "texture": "#0"},
				"down": {"uv": [14.52308, 13.29231, 15.52308, 14.29231], "texture": "#0"}
			}
		},
		{
			"from": [6, 29, 8],
			"to": [7, 30, 9],
			"rotation": {"angle": 0, "axis": "y", "origin": [5, 29, 6]},
			"faces": {
				"north": {"uv": [11.07692, 10.83077, 12.07692, 11.83077], "texture": "#0"},
				"east": {"uv": [15, 8.86154, 16, 9.86154], "texture": "#0"},
				"south": {"uv": [15.49231, 15.73846, 16, 16], "texture": "#0"},
				"west": {"uv": [13.04615, 14.03077, 14.04615, 15.03077], "texture": "#0"},
				"up": {"uv": [15, 15, 16, 16], "texture": "#0"},
				"down": {"uv": [15, 12.06154, 16, 13.06154], "texture": "#0"}
			}
		},
		{
			"from": [6, 29, 6],
			"to": [7, 30, 7],
			"rotation": {"angle": 0, "axis": "y", "origin": [5, 29, 4]},
			"faces": {
				"north": {"uv": [12.30769, 13.53846, 13.30769, 14.53846], "texture": "#0"},
				"east": {"uv": [0, 0, 1, 1], "texture": "#0"},
				"south": {"uv": [0, 0, 1, 1], "texture": "#0"},
				"west": {"uv": [12.55385, 12.06154, 13.55385, 13.06154], "texture": "#0"},
				"up": {"uv": [13.53846, 12.55385, 14.53846, 13.55385], "texture": "#0"},
				"down": {"uv": [12.8, 13.04615, 13.8, 14.04615], "texture": "#0"}
			}
		},
		{
			"from": [7, 29, 5],
			"to": [8, 30, 6],
			"rotation": {"angle": 0, "axis": "y", "origin": [6, 29, 3]},
			"faces": {
				"north": {"uv": [12.30769, 14.03077, 13.30769, 15.03077], "texture": "#0"},
				"east": {"uv": [0, 0, 1, 1], "texture": "#0"},
				"south": {"uv": [0, 0, 1, 1], "texture": "#0"},
				"west": {"uv": [11.07692, 14.27692, 12.07692, 15.27692], "texture": "#0"},
				"up": {"uv": [12.30769, 12.8, 13.30769, 13.8], "texture": "#0"},
				"down": {"uv": [11.56923, 13.04615, 12.56923, 14.04615], "texture": "#0"}
			}
		},
		{
			"from": [7, 30, 6],
			"to": [8, 31, 7],
			"rotation": {"angle": 0, "axis": "y", "origin": [6, 30, 4]},
			"faces": {
				"north": {"uv": [10.83077, 12.8, 11.83077, 13.8], "texture": "#0"},
				"east": {"uv": [0, 0, 1, 1], "texture": "#0"},
				"south": {"uv": [0, 0, 1, 1], "texture": "#0"},
				"west": {"uv": [11.32308, 11.81538, 12.32308, 12.81538], "texture": "#0"},
				"up": {"uv": [13.04615, 13.04615, 14.04615, 14.04615], "texture": "#0"},
				"down": {"uv": [14.76923, 13.04615, 15.76923, 14.04615], "texture": "#0"}
			}
		},
		{
			"from": [9, 30, 6],
			"to": [10, 31, 7],
			"rotation": {"angle": 0, "axis": "y", "origin": [8, 30, 4]},
			"faces": {
				"north": {"uv": [14.27692, 14.03077, 15.27692, 15.03077], "texture": "#0"},
				"east": {"uv": [15, 15, 16, 16], "texture": "#0"},
				"south": {"uv": [15, 15, 16, 16], "texture": "#0"},
				"west": {"uv": [15, 15, 16, 16], "texture": "#0"},
				"up": {"uv": [15, 15, 16, 16], "texture": "#0"},
				"down": {"uv": [15, 15, 16, 16], "texture": "#0"}
			}
		},
		{
			"from": [9, 30, 8],
			"to": [10, 31, 9],
			"rotation": {"angle": 0, "axis": "y", "origin": [8, 30, 6]},
			"faces": {
				"north": {"uv": [10.09231, 8.36923, 11.09231, 9.36923], "texture": "#0"},
				"east": {"uv": [13.78462, 8.61538, 14.78462, 9.61538], "texture": "#0"},
				"south": {"uv": [12.8, 15, 13.8, 16], "texture": "#0"},
				"west": {"uv": [15, 12.55385, 16, 13.55385], "texture": "#0"},
				"up": {"uv": [15, 10.33846, 16, 11.33846], "texture": "#0"},
				"down": {"uv": [11.56923, 10.58462, 12.56923, 11.58462], "texture": "#0"}
			}
		},
		{
			"from": [7, 30, 8],
			"to": [8, 31, 9],
			"rotation": {"angle": 0, "axis": "y", "origin": [6, 30, 6]},
			"faces": {
				"north": {"uv": [9.6, 10.09231, 10.6, 11.09231], "texture": "#0"},
				"east": {"uv": [14.76923, 13.04615, 15.76923, 14.04615], "texture": "#0"},
				"south": {"uv": [12.06154, 14.76923, 13.06154, 15.76923], "texture": "#0"},
				"west": {"uv": [10.58462, 14.52308, 11.58462, 15.52308], "texture": "#0"},
				"up": {"uv": [13.04615, 11.07692, 14.04615, 12.07692], "texture": "#0"},
				"down": {"uv": [14.03077, 14.27692, 15.03077, 15.27692], "texture": "#0"}
			}
		},
		{
			"from": [7, 31, 7],
			"to": [10, 32, 8],
			"rotation": {"angle": 0, "axis": "y", "origin": [7, 31, 6]},
			"faces": {
				"north": {"uv": [13, 13.78462, 16, 14.78462], "texture": "#0"},
				"east": {"uv": [13.04615, 15, 14.04615, 16], "texture": "#0"},
				"south": {"uv": [13, 15, 16, 16], "texture": "#0"},
				"west": {"uv": [12.06154, 12.06154, 13.06154, 13.06154], "texture": "#0"},
				"up": {"uv": [11.56923, 12.55385, 14.56923, 13.55385], "texture": "#0"},
				"down": {"uv": [3.67692, 4.41538, 6.67692, 2.70769], "texture": "#0"}
			}
		},
		{
			"from": [8, 31, 8],
			"to": [9, 32, 9],
			"rotation": {"angle": 0, "axis": "y", "origin": [7, 31, 6]},
			"faces": {
				"north": {"uv": [13.04615, 10.58462, 14.04615, 11.58462], "texture": "#0"},
				"east": {"uv": [10.83077, 8.12308, 11.83077, 9.12308], "texture": "#0"},
				"south": {"uv": [9.84615, 13.04615, 10.84615, 14.04615], "texture": "#0"},
				"west": {"uv": [11.32308, 10.09231, 12.32308, 11.09231], "texture": "#0"},
				"up": {"uv": [12.8, 12.8, 13.8, 13.8], "texture": "#0"},
				"down": {"uv": [13.78462, 11.07692, 14.78462, 12.07692], "texture": "#0"}
			}
		},
		{
			"from": [8, 31, 6],
			"to": [9, 32, 7],
			"rotation": {"angle": 0, "axis": "y", "origin": [7, 31, 4]},
			"faces": {
				"north": {"uv": [12.55385, 12.06154, 13.55385, 13.06154], "texture": "#0"},
				"east": {"uv": [12.8, 9.84615, 13.8, 10.84615], "texture": "#0"},
				"south": {"uv": [13.78462, 9.84615, 14.78462, 10.84615], "texture": "#0"},
				"west": {"uv": [15, 11.81538, 16, 12.81538], "texture": "#0"},
				"up": {"uv": [9.35385, 10.33846, 10.35385, 11.33846], "texture": "#0"},
				"down": {"uv": [15, 13.04615, 16, 16], "texture": "#0"}
			}
		},
		{
			"from": [7.8, -1, 6.8],
			"to": [9.2, 1.5, 8.2],
			"rotation": {"angle": 0, "axis": "y", "origin": [8, 0, 6]},
			"faces": {
				"north": {"uv": [0, 0, 1.4, 2.5], "texture": "#1"},
				"east": {"uv": [0, 0, 1.4, 2.5], "texture": "#1"},
				"south": {"uv": [0, 0, 1.4, 2.5], "texture": "#1"},
				"west": {"uv": [0, 0, 1.4, 2.5], "texture": "#1"},
				"up": {"uv": [0, 0, 1.4, 1.4], "texture": "#1"},
				"down": {"uv": [0, 0, 1.4, 1.4], "texture": "#1"}
			}
		},
		{
			"from": [7.7, -3.5, 6.7],
			"to": [9.3, -0.5, 8.3],
			"rotation": {"angle": 0, "axis": "y", "origin": [8, 0, 6]},
			"faces": {
				"north": {"uv": [0, 0, 1.6, 3], "texture": "#1"},
				"east": {"uv": [0, 0, 1.6, 3], "texture": "#1"},
				"south": {"uv": [0, 0, 1.6, 3], "texture": "#1"},
				"west": {"uv": [0, 0, 1.6, 3], "texture": "#1"},
				"up": {"uv": [0, 0, 1.6, 1.6], "texture": "#1"},
				"down": {"uv": [0, 0, 1.6, 1.6], "texture": "#1"}
			}
		},
		{
			"from": [7.6, -7, 6.6],
			"to": [9.4, -3.5, 8.4],
			"rotation": {"angle": 0, "axis": "y", "origin": [8, -3, 6]},
			"faces": {
				"north": {"uv": [0, 0, 1.8, 3.5], "texture": "#1"},
				"east": {"uv": [0, 0, 1.8, 3.5], "texture": "#1"},
				"south": {"uv": [0, 0, 1.8, 3.5], "texture": "#1"},
				"west": {"uv": [0, 0, 1.8, 3.5], "texture": "#1"},
				"up": {"uv": [0, 0, 1.8, 1.8], "texture": "#1"},
				"down": {"uv": [0, 0, 1.8, 1.8], "texture": "#1"}
			}
		},
		{
			"from": [7.5, -11, 6.5],
			"to": [9.5, -7, 8.5],
			"rotation": {"angle": 0, "axis": "y", "origin": [8, -6.5, 6]},
			"faces": {
				"north": {"uv": [0, 0, 2, 4], "texture": "#1"},
				"east": {"uv": [0, 0, 2, 4], "texture": "#1"},
				"south": {"uv": [0, 0, 2, 4], "texture": "#1"},
				"west": {"uv": [0, 0, 2, 4], "texture": "#1"},
				"up": {"uv": [0, 0, 2, 2], "texture": "#1"},
				"down": {"uv": [0, 0, 2, 2], "texture": "#1"}
			}
		},
		{
			"from": [0, 24.9, 7.1],
			"to": [3, 25.6, 7.9],
			"rotation": {"angle": 0, "axis": "y", "origin": [1, -6, 6]},
			"faces": {
				"north": {"uv": [0, 0, 3, 0.7], "texture": "#1"},
				"east": {"uv": [0, 0, 0.8, 0.7], "texture": "#1"},
				"south": {"uv": [0, 0, 3, 0.7], "texture": "#1"},
				"west": {"uv": [0, 0, 0.8, 0.7], "texture": "#1"},
				"up": {"uv": [0, 0, 3, 0.8], "texture": "#1"},
				"down": {"uv": [0, 0, 3, 0.8], "texture": "#1"}
			}
		},
		{
			"from": [7.4, -16, 6.4],
			"to": [9.6, -11, 8.6],
			"rotation": {"angle": 0, "axis": "y", "origin": [8, -11.5, 6]},
			"faces": {
				"north": {"uv": [0, 0, 2.2, 5], "texture": "#1"},
				"east": {"uv": [0, 0, 2.2, 5], "texture": "#1"},
				"south": {"uv": [0, 0, 2.2, 5], "texture": "#1"},
				"west": {"uv": [0, 0, 2.2, 5], "texture": "#1"},
				"up": {"uv": [0, 0, 2.2, 2.2], "texture": "#1"},
				"down": {"uv": [0, 0, 2.2, 2.2], "texture": "#1"}
			}
		},
		{
			"from": [6.4, 23.2, 7.4],
			"to": [6.6, 24.9, 7.6],
			"rotation": {"angle": 0, "axis": "y", "origin": [6, -6, 6]},
			"faces": {
				"north": {"uv": [0, 0, 0.2, 1.7], "texture": "#1"},
				"east": {"uv": [0, 0, 0.2, 1.7], "texture": "#1"},
				"south": {"uv": [0, 0, 0.2, 1.7], "texture": "#1"},
				"west": {"uv": [0, 0, 0.2, 1.7], "texture": "#1"},
				"up": {"uv": [0, 0, 0.2, 0.2], "texture": "#1"},
				"down": {"uv": [0, 0, 0.2, 0.2], "texture": "#1"}
			}
		},
		{
			"from": [1.4, 23.2, 7.4],
			"to": [1.6, 24.9, 7.6],
			"rotation": {"angle": 0, "axis": "y", "origin": [1, -6, 6]},
			"faces": {
				"north": {"uv": [0, 0, 0.2, 1.7], "texture": "#1"},
				"east": {"uv": [0, 0, 0.2, 1.7], "texture": "#1"},
				"south": {"uv": [0, 0, 0.2, 1.7], "texture": "#1"},
				"west": {"uv": [0, 0, 0.2, 1.7], "texture": "#1"},
				"up": {"uv": [0, 0, 0.2, 0.2], "texture": "#1"},
				"down": {"uv": [0, 0, 0.2, 0.2], "texture": "#1"}
			}
		},
		{
			"from": [4.5, 22.2, 6.5],
			"to": [7.5, 23.2, 8.6],
			"rotation": {"angle": 0, "axis": "y", "origin": [5.5, 21.2, 6.5]},
			"faces": {
				"north": {"uv": [0, 0, 3, 1], "texture": "#2"},
				"east": {"uv": [0, 0, 2.1, 1], "texture": "#2"},
				"south": {"uv": [0, 0, 3, 1], "texture": "#2"},
				"west": {"uv": [0, 0, 2.1, 1], "texture": "#2"},
				"up": {"uv": [12, 8, 15, 10.1], "texture": "#2"},
				"down": {"uv": [0, 0, 3, 2.1], "texture": "#2"}
			}
		},
		{
			"from": [2.5, 20.2, 6.5],
			"to": [7.8, 22.2, 8.6],
			"rotation": {"angle": 0, "axis": "y", "origin": [5.5, 20.2, 6.5]},
			"faces": {
				"north": {"uv": [4, 7, 9.3, 9], "texture": "#2"},
				"east": {"uv": [7, 6, 9.1, 8], "texture": "#2"},
				"south": {"uv": [6, 7, 11.3, 9], "texture": "#2"},
				"west": {"uv": [8, 6, 10.1, 8], "texture": "#2"},
				"up": {"uv": [6, 8, 11.3, 10.1], "texture": "#2"},
				"down": {"uv": [7, 10, 12.3, 12.1], "texture": "#2"}
			}
		},
		{
			"from": [0.2, 20.2, 6.5],
			"to": [2.5, 22.2, 8.6],
			"rotation": {"angle": 0, "axis": "y", "origin": [0.5, 20.2, 6.5]},
			"faces": {
				"north": {"uv": [7, 7, 9.3, 9], "texture": "#2"},
				"east": {"uv": [0, 0, 2.1, 2], "texture": "#2"},
				"south": {"uv": [10, 8, 12.3, 10], "texture": "#2"},
				"west": {"uv": [7, 7, 9.1, 9], "texture": "#2"},
				"up": {"uv": [0, 0, 2.3, 2.1], "texture": "#2"},
				"down": {"uv": [0, 0, 2.3, 2.1], "texture": "#2"}
			}
		},
		{
			"from": [0.5, 22.2, 6.5],
			"to": [3.5, 23.2, 8.6],
			"rotation": {"angle": 0, "axis": "y", "origin": [0.5, 21.2, 6.5]},
			"faces": {
				"north": {"uv": [0, 0, 3, 1], "texture": "#2"},
				"east": {"uv": [0, 0, 2.1, 1], "texture": "#2"},
				"south": {"uv": [0, 0, 3, 1], "texture": "#2"},
				"west": {"uv": [0, 0, 2.1, 1], "texture": "#2"},
				"up": {"uv": [11, 10, 14, 12.1], "texture": "#2"},
				"down": {"uv": [0, 0, 3, 2.1], "texture": "#2"}
			}
		},
		{
			"from": [1.2, 19.2, 6.5],
			"to": [6.8, 20.2, 8.6],
			"rotation": {"angle": 0, "axis": "y", "origin": [5.5, 19.2, 6.5]},
			"faces": {
				"north": {"uv": [0, 0, 5.6, 1], "texture": "#2"},
				"east": {"uv": [0, 0, 2.1, 1], "texture": "#2"},
				"south": {"uv": [0, 0, 5.6, 1], "texture": "#2"},
				"west": {"uv": [0, 0, 2.1, 1], "texture": "#2"},
				"up": {"uv": [0, 0, 5.6, 2.1], "texture": "#2"},
				"down": {"uv": [5, 7, 10.6, 9.1], "texture": "#2"}
			}
		},
		{
			"from": [1.2, 18.2, 6.9],
			"to": [6.8, 19.2, 8.5],
			"rotation": {"angle": 0, "axis": "z", "origin": [5.5, 19.2, 6.5]},
			"faces": {
				"north": {"uv": [1, 8, 4, 10], "texture": "#2"},
				"east": {"uv": [0, 0, 1.6, 1], "texture": "#2"},
				"south": {"uv": [0, 0, 5.6, 1], "texture": "#2"},
				"west": {"uv": [0, 0, 1.6, 1], "texture": "#2"},
				"up": {"uv": [0, 0, 5.6, 1.6], "texture": "#2"},
				"down": {"uv": [5, 6, 10.6, 7.6], "texture": "#2"}
			}
		},
		{
			"from": [5.79896, 16.39749, 6.9],
			"to": [6.89896, 17.89749, 8.5],
			"rotation": {"angle": -22.5, "axis": "z", "origin": [5.59896, 17.89749, 6.5]},
			"faces": {
				"north": {"uv": [0, 0, 1.1, 1.5], "texture": "#2"},
				"east": {"uv": [13, 10, 14.6, 11.5], "texture": "#2"},
				"south": {"uv": [0, 0, 1.1, 1.5], "texture": "#2"},
				"west": {"uv": [0, 0, 1.6, 1.5], "texture": "#2"},
				"up": {"uv": [0, 0, 1.1, 1.6], "texture": "#2"},
				"down": {"uv": [0, 0, 1.1, 1.6], "texture": "#2"}
			}
		},
		{
			"from": [1.21522, 15.82346, 6.9],
			"to": [2.31522, 17.32346, 8.5],
			"rotation": {"angle": 22.5, "axis": "z", "origin": [1.01522, 17.32346, 6.5]},
			"faces": {
				"north": {"uv": [0, 0, 1.1, 1.5], "texture": "#2"},
				"east": {"uv": [0, 0, 1.6, 1.5], "texture": "#2"},
				"south": {"uv": [0, 0, 1.1, 1.5], "texture": "#2"},
				"west": {"uv": [10, 9, 11.6, 10.5], "texture": "#2"},
				"up": {"uv": [0, 0, 1.1, 1.6], "texture": "#2"},
				"down": {"uv": [0, 0, 1.1, 1.6], "texture": "#2"}
			}
		},
		{
			"from": [5.2, 14.4, 6.9],
			"to": [6.2, 17.4, 8.5],
			"rotation": {"angle": 0, "axis": "y", "origin": [5.5, 18.4, 6.5]},
			"faces": {
				"north": {"uv": [0, 0, 1, 3], "texture": "#2"},
				"east": {"uv": [8, 9, 9.6, 12], "texture": "#2"},
				"south": {"uv": [0, 0, 1, 3], "texture": "#2"},
				"west": {"uv": [7, 7, 8.6, 10], "texture": "#2"},
				"up": {"uv": [0, 0, 1, 1.6], "texture": "#2"},
				"down": {"uv": [0, 0, 1, 1.6], "texture": "#2"}
			}
		},
		{
			"from": [1.8, 14.4, 6.9],
			"to": [2.8, 17.4, 8.5],
			"rotation": {"angle": 0, "axis": "y", "origin": [2.1, 18.4, 6.5]},
			"faces": {
				"north": {"uv": [0, 0, 1, 3], "texture": "#2"},
				"east": {"uv": [8, 9, 9.6, 12], "texture": "#2"},
				"south": {"uv": [0, 0, 1, 3], "texture": "#2"},
				"west": {"uv": [8, 6, 9.6, 9], "texture": "#2"},
				"up": {"uv": [0, 0, 1, 1.6], "texture": "#2"},
				"down": {"uv": [0, 0, 1, 1.6], "texture": "#2"}
			}
		},
		{
			"from": [4.61522, 15.82346, 6.9],
			"to": [5.71522, 17.32346, 8.5],
			"rotation": {"angle": 22.5, "axis": "z", "origin": [4.41522, 17.32346, 6.5]},
			"faces": {
				"north": {"uv": [0, 0, 1.1, 1.5], "texture": "#2"},
				"east": {"uv": [0, 0, 1.6, 1.5], "texture": "#2"},
				"south": {"uv": [0, 0, 1.1, 1.5], "texture": "#2"},
				"west": {"uv": [7, 7, 8.6, 8.5], "texture": "#2"},
				"up": {"uv": [0, 0, 1.1, 1.6], "texture": "#2"},
				"down": {"uv": [0, 0, 1.1, 1.6], "texture": "#2"}
			}
		},
		{
			"from": [2.39896, 16.39749, 6.9],
			"to": [3.49896, 17.89749, 8.5],
			"rotation": {"angle": -22.5, "axis": "z", "origin": [2.19896, 17.89749, 6.5]},
			"faces": {
				"north": {"uv": [0, 0, 1.1, 1.5], "texture": "#2"},
				"east": {"uv": [0, 0, 1.6, 1.5], "texture": "#2"},
				"south": {"uv": [13, 8, 14.1, 9.5], "texture": "#2"},
				"west": {"uv": [0, 0, 1.6, 1.5], "texture": "#2"},
				"up": {"uv": [0, 0, 1.1, 1.6], "texture": "#2"},
				"down": {"uv": [0, 0, 1.1, 1.6], "texture": "#2"}
			}
		},
		{
			"from": [1.2, 17.3, 6.9],
			"to": [6.8, 18.2, 8.5],
			"rotation": {"angle": 0, "axis": "y", "origin": [5.5, 18.4, 6.5]},
			"faces": {
				"north": {"uv": [0, 0, 1, 3], "texture": "#2"},
				"east": {"uv": [8, 9, 9.6, 12], "texture": "#2"},
				"south": {"uv": [0, 0, 1, 3], "texture": "#2"},
				"west": {"uv": [7, 7, 8.6, 10], "texture": "#2"},
				"up": {"uv": [0, 0, 1, 1.6], "texture": "#2"},
				"down": {"uv": [0, 0, 1, 1.6], "texture": "#2"}
			}
		}
	],
	"display": {
		"head": {
			"translation": [0, -17.5, 0],
			"scale": [1.6, 1.6, 1.6]
		}
	}
}