{
	"credit": "Made with Blockbench",
	"textures": {
		"0": "item/disneyland_park",
		"particle": "item/disneyland_park"
	},
	"elements": [
		{
			"from": [-16, 0, 0],
			"to": [32, 22, 0],
			"faces": {
				"north": {"uv": [0, 0.33907, 16, 12.35497], "texture": "#0"},
				"east": {"uv": [0, 0, 0, 16], "texture": "#missing"},
				"south": {"uv": [0, 0.04238, 16, 12.20662], "texture": "#0"},
				"west": {"uv": [0, 0, 0, 16], "texture": "#missing"},
				"up": {"uv": [0, 0, 16, 0], "texture": "#missing"},
				"down": {"uv": [0, 0, 16, 0], "texture": "#missing"}
			}
		}
	],
	"display": {
		"head": {
			"translation": [0, 0, 46],
			"scale": [4, 4, 4]
		}
	}
}