{
	"credit": "Made with Blockbench",
	"textures": {
		"0": "item/Disney clothers",
		"particle": "item/Disney clothers"
	},
	"elements": [
		{
			"from": [-16, 0, 0],
			"to": [32, 16, 0],
			"faces": {
				"north": {"uv": [0, 0, 16, 16], "texture": "#0"},
				"east": {"uv": [0, 0, 0, 16], "texture": "#0"},
				"south": {"uv": [0, 0, 16, 16], "texture": "#0"},
				"west": {"uv": [0, 0, 0, 16], "texture": "#0"},
				"up": {"uv": [0, 0, 16, 0], "texture": "#0"},
				"down": {"uv": [0, 0, 16, 0], "texture": "#0"}
			}
		}
	],
	"display": {
		"thirdperson_righthand": {
			"translation": [0, 0, 2.75],
			"scale": [0.4, 0.4, 0.4]
		},
		"head": {
			"translation": [0, 0, 27],
			"scale": [1.6, 1.6, 1.6]
		}
	}
}