{
	"credit": "Made with Blockbench",
	"textures": {
		"0": "item/DISNEYCLOTHIERS",
		"particle": "item/DISNEYCLOTHIERS"
	},
	"elements": [
		{
			"from": [-4, 0, 0],
			"to": [26, 15, 0],
			"rotation": {"angle": 0, "axis": "y", "origin": [11, 0, 0]},
			"faces": {
				"north": {"uv": [0, 2.65116, 16, 13.44186], "texture": "#0"},
				"east": {"uv": [0, 0, 0, 2], "texture": "#missing"},
				"south": {"uv": [0, 2.69767, 16, 13.48837], "texture": "#0"},
				"west": {"uv": [0, 0, 0, 2], "texture": "#missing"},
				"up": {"uv": [0, 0, 16, 0], "texture": "#missing"},
				"down": {"uv": [0, 0, 16, 0], "texture": "#missing"}
			}
		}
	],
	"display": {
		"head": {
			"translation": [-4.75, 0, 28.5],
			"scale": [1.6, 1.6, 1.6]
		}
	}
}