{
	"credit": "Made with Blockbench",
	"textures": {
		"1": "item/JEWELRY NOTIONS STYLISH DRY GOODS SUNDRIES TOYS",
		"2": "item/dnt",
		"particle": "item/dnt"
	},
	"elements": [
		{
			"from": [4, 0, 10],
			"to": [20, 8, 10],
			"rotation": {"angle": 0, "axis": "y", "origin": [25, 0, 10]},
			"faces": {
				"north": {"uv": [0, 0, 16, 16], "texture": "#2"},
				"east": {"uv": [0, 0, 0, 4], "texture": "#2"},
				"south": {"uv": [0, 0, 16, 16], "texture": "#2"},
				"west": {"uv": [0, 0, 0, 4], "texture": "#2"},
				"up": {"uv": [0, 0, 8, 0], "texture": "#2"},
				"down": {"uv": [0, 0, 8, 0], "texture": "#2"}
			}
		},
		{
			"from": [20, 0, 10],
			"to": [32, 8, 10],
			"rotation": {"angle": 0, "axis": "y", "origin": [24, 0, 10]},
			"faces": {
				"north": {"uv": [9.78824, 8.40214, 11.37754, 9.93797], "texture": "#1"},
				"east": {"uv": [0, 0, 0, 4], "texture": "#1"},
				"south": {"uv": [9.78824, 8.36791, 11.39465, 9.95508], "texture": "#1"},
				"west": {"uv": [0, 0, 0, 4], "texture": "#1"},
				"up": {"uv": [0, 0, 2, 0], "texture": "#1"},
				"down": {"uv": [0, 0, 2, 0], "texture": "#1"}
			}
		}
	],
	"display": {
		"head": {
			"rotation": [0, 180, 0],
			"translation": [33.25, 7, 23.5],
			"scale": [3.2, 3.2, 3.2]
		}
	}
}