{
	"credit": "Made with Blockbench",
	"textures": {
		"0": "item/oak_planksredbande",
		"1": "item/jungle_planks",
		"2": "item/rougediag",
		"3": "item/abrifenetre",
		"4": "item/spruce_planks",
		"5": "item/grisvitre",
		"particle": "item/oak_planksredbande"
	},
	"elements": [
		{
			"from": [30, 0, 0.8],
			"to": [32, 32, 2],
			"rotation": {"angle": 0, "axis": "y", "origin": [30, 30, 0]},
			"faces": {
				"north": {"uv": [0, 0, 5, 16], "texture": "#0"},
				"east": {"uv": [7, 0, 8.2, 16], "texture": "#0"},
				"south": {"uv": [6, 0, 8, 16], "texture": "#0"},
				"west": {"uv": [8, 0, 9.2, 16], "texture": "#0"},
				"up": {"uv": [0, 0, 2, 1.2], "texture": "#0"},
				"down": {"uv": [0, 0, 2, 1.2], "texture": "#0"}
			}
		},
		{
			"from": [15, 0, 0.8],
			"to": [17, 32, 2],
			"rotation": {"angle": 0, "axis": "y", "origin": [15, 30, 0]},
			"faces": {
				"north": {"uv": [0, 0, 5, 16], "texture": "#0"},
				"east": {"uv": [0, 0, 0.2, 16], "texture": "#0"},
				"south": {"uv": [5, 0, 7, 16], "texture": "#0"},
				"west": {"uv": [12, 0, 13.2, 16], "texture": "#0"},
				"up": {"uv": [0, 0, 2, 1.2], "texture": "#0"},
				"down": {"uv": [0, 0, 2, 1.2], "texture": "#0"}
			}
		},
		{
			"from": [0, 0, 0.8],
			"to": [2, 32, 2],
			"rotation": {"angle": 0, "axis": "y", "origin": [0, 30, 0]},
			"faces": {
				"north": {"uv": [0, 0, 5, 16], "texture": "#0"},
				"east": {"uv": [14, 0, 15.2, 16], "texture": "#0"},
				"south": {"uv": [5, 0, 7, 16], "texture": "#0"},
				"west": {"uv": [14.8, 0, 16, 16], "texture": "#0"},
				"up": {"uv": [0, 0, 2, 1.2], "texture": "#0"},
				"down": {"uv": [0, 0, 2, 1.2], "texture": "#0"}
			}
		},
		{
			"from": [0, 30, -0.3],
			"to": [2, 32, 0],
			"rotation": {"angle": 0, "axis": "y", "origin": [0, 30, -0.3]},
			"faces": {
				"north": {"uv": [0, 0, 2, 2], "texture": "#1"},
				"east": {"uv": [0, 0, 0.3, 2], "texture": "#1"},
				"south": {"uv": [0, 0, 2, 2], "texture": "#1"},
				"west": {"uv": [0, 0, 0.3, 2], "texture": "#1"},
				"up": {"uv": [0, 0, 2, 0.3], "texture": "#1"},
				"down": {"uv": [0, 0, 2, 0.3], "texture": "#1"}
			}
		},
		{
			"from": [0.4, 30.4, -0.5],
			"to": [1.6, 31.6, -0.3],
			"rotation": {"angle": 0, "axis": "y", "origin": [0, 30, -0.3]},
			"faces": {
				"north": {"uv": [0, 0, 1.2, 1.2], "texture": "#1"},
				"east": {"uv": [0, 0, 0.2, 1.2], "texture": "#1"},
				"south": {"uv": [0, 0, 1.2, 1.2], "texture": "#1"},
				"west": {"uv": [0, 0, 0.2, 1.2], "texture": "#1"},
				"up": {"uv": [0, 0, 1.2, 0.2], "texture": "#1"},
				"down": {"uv": [0, 0, 1.2, 0.2], "texture": "#1"}
			}
		},
		{
			"from": [15.4, 30.4, -0.5],
			"to": [16.6, 31.6, -0.3],
			"rotation": {"angle": 0, "axis": "y", "origin": [15, 30, -0.3]},
			"faces": {
				"north": {"uv": [0, 0, 1.2, 1.2], "texture": "#1"},
				"east": {"uv": [0, 0, 0.2, 1.2], "texture": "#1"},
				"south": {"uv": [0, 0, 1.2, 1.2], "texture": "#1"},
				"west": {"uv": [0, 0, 0.2, 1.2], "texture": "#1"},
				"up": {"uv": [0, 0, 1.2, 0.2], "texture": "#1"},
				"down": {"uv": [0, 0, 1.2, 0.2], "texture": "#1"}
			}
		},
		{
			"from": [15, 30, -0.3],
			"to": [17, 32, 0],
			"rotation": {"angle": 0, "axis": "y", "origin": [15, 30, -0.3]},
			"faces": {
				"north": {"uv": [0, 0, 2, 2], "texture": "#1"},
				"east": {"uv": [0, 0, 0.3, 2], "texture": "#1"},
				"south": {"uv": [0, 0, 2, 2], "texture": "#1"},
				"west": {"uv": [0, 0, 0.3, 2], "texture": "#1"},
				"up": {"uv": [0, 0, 2, 0.3], "texture": "#1"},
				"down": {"uv": [0, 0, 2, 0.3], "texture": "#1"}
			}
		},
		{
			"from": [30.4, 30.4, -0.5],
			"to": [31.6, 31.6, -0.3],
			"rotation": {"angle": 0, "axis": "y", "origin": [30, 30, -0.3]},
			"faces": {
				"north": {"uv": [0, 0, 1.2, 1.2], "texture": "#1"},
				"east": {"uv": [0, 0, 0.2, 1.2], "texture": "#1"},
				"south": {"uv": [0, 0, 1.2, 1.2], "texture": "#1"},
				"west": {"uv": [0, 0, 0.2, 1.2], "texture": "#1"},
				"up": {"uv": [0, 0, 1.2, 0.2], "texture": "#1"},
				"down": {"uv": [0, 0, 1.2, 0.2], "texture": "#1"}
			}
		},
		{
			"from": [30, 30, -0.3],
			"to": [32, 32, 0],
			"rotation": {"angle": 0, "axis": "y", "origin": [30, 30, -0.3]},
			"faces": {
				"north": {"uv": [0, 0, 2, 2], "texture": "#1"},
				"east": {"uv": [0, 0, 0.3, 2], "texture": "#1"},
				"south": {"uv": [0, 0, 2, 2], "texture": "#1"},
				"west": {"uv": [0, 0, 0.3, 2], "texture": "#1"},
				"up": {"uv": [0, 0, 2, 0.3], "texture": "#1"},
				"down": {"uv": [0, 0, 2, 0.3], "texture": "#1"}
			}
		},
		{
			"from": [0, 1.1, -0.6],
			"to": [2, 4.1, 0.4],
			"rotation": {"angle": 45, "axis": "x", "origin": [0, 2.1, -0.6]},
			"faces": {
				"north": {"uv": [0, 0, 2, 3], "texture": "#0"},
				"east": {"uv": [0, 0, 1, 3], "texture": "#0"},
				"south": {"uv": [0, 0, 2, 3], "texture": "#0"},
				"west": {"uv": [0, 0, 1, 3], "texture": "#0"},
				"up": {"uv": [0, 0, 2, 1], "texture": "#0"},
				"down": {"uv": [0, 0, 2, 1], "texture": "#0"}
			}
		},
		{
			"from": [0, 0, 0],
			"to": [32, 2, 0.8],
			"rotation": {"angle": 0, "axis": "y", "origin": [0, 0, -0.2]},
			"faces": {
				"north": {"uv": [0, 0, 16, 2], "texture": "#0"},
				"east": {"uv": [0, 0, 0.8, 2], "texture": "#0"},
				"south": {"uv": [0, 0, 16, 2], "texture": "#0"},
				"west": {"uv": [0, 0, 0.8, 2], "texture": "#0"},
				"up": {"uv": [0, 0, 16, 0.8], "texture": "#0"},
				"down": {"uv": [0, 0, 16, 0.8], "texture": "#0"}
			}
		},
		{
			"from": [0, 0, -1.3],
			"to": [2, 1.4, 0],
			"rotation": {"angle": 0, "axis": "y", "origin": [0, 0, -0.2]},
			"faces": {
				"north": {"uv": [0, 0, 2, 1.4], "texture": "#0"},
				"east": {"uv": [0, 0, 1.3, 1.4], "texture": "#0"},
				"south": {"uv": [0, 0, 2, 1.4], "texture": "#0"},
				"west": {"uv": [0, 0, 1.3, 1.4], "texture": "#0"},
				"up": {"uv": [0, 0, 2, 1.3], "texture": "#0"},
				"down": {"uv": [0, 0, 2, 1.3], "texture": "#0"}
			}
		},
		{
			"from": [30, 1.1, -0.6],
			"to": [32, 4.1, 0.4],
			"rotation": {"angle": 45, "axis": "x", "origin": [30, 2.1, -0.6]},
			"faces": {
				"north": {"uv": [0, 0, 2, 3], "texture": "#0"},
				"east": {"uv": [0, 0, 1, 3], "texture": "#0"},
				"south": {"uv": [0, 0, 2, 3], "texture": "#0"},
				"west": {"uv": [0, 0, 1, 3], "texture": "#0"},
				"up": {"uv": [0, 0, 2, 1], "texture": "#0"},
				"down": {"uv": [0, 0, 2, 1], "texture": "#0"}
			}
		},
		{
			"from": [30, 0, -1.3],
			"to": [32, 1.4, 0],
			"rotation": {"angle": 0, "axis": "y", "origin": [30, 0, -0.2]},
			"faces": {
				"north": {"uv": [0, 0, 2, 1.4], "texture": "#0"},
				"east": {"uv": [0, 0, 1.3, 1.4], "texture": "#0"},
				"south": {"uv": [0, 0, 2, 1.4], "texture": "#0"},
				"west": {"uv": [0, 0, 1.3, 1.4], "texture": "#0"},
				"up": {"uv": [0, 0, 2, 1.3], "texture": "#0"},
				"down": {"uv": [0, 0, 2, 1.3], "texture": "#0"}
			}
		},
		{
			"from": [30.2, 0.2, -1.4],
			"to": [31.8, 1.2, -1.2],
			"rotation": {"angle": 0, "axis": "y", "origin": [30, 0, -2.2]},
			"faces": {
				"north": {"uv": [0, 0, 1.6, 1], "texture": "#1"},
				"east": {"uv": [0, 0, 0.2, 1], "texture": "#1"},
				"south": {"uv": [0, 0, 1.6, 1], "texture": "#1"},
				"west": {"uv": [0, 0, 0.2, 1], "texture": "#1"},
				"up": {"uv": [0, 0, 1.6, 0.2], "texture": "#1"},
				"down": {"uv": [0, 0, 1.6, 0.2], "texture": "#1"}
			}
		},
		{
			"from": [30.4, 0.4, -1.5],
			"to": [31.6, 1, -1.4],
			"rotation": {"angle": 0, "axis": "y", "origin": [30, 0, -2.2]},
			"faces": {
				"north": {"uv": [0, 0, 1.2, 0.6], "texture": "#1"},
				"east": {"uv": [0, 0, 0.1, 0.6], "texture": "#1"},
				"south": {"uv": [0, 0, 1.2, 0.6], "texture": "#1"},
				"west": {"uv": [0, 0, 0.1, 0.6], "texture": "#1"},
				"up": {"uv": [0, 0, 1.2, 0.1], "texture": "#1"},
				"down": {"uv": [0, 0, 1.2, 0.1], "texture": "#1"}
			}
		},
		{
			"from": [0.4, 0.4, -1.5],
			"to": [1.6, 1, -1.4],
			"rotation": {"angle": 0, "axis": "y", "origin": [0, 0, -2.2]},
			"faces": {
				"north": {"uv": [0, 0, 1.2, 0.6], "texture": "#1"},
				"east": {"uv": [0, 0, 0.1, 0.6], "texture": "#1"},
				"south": {"uv": [0, 0, 1.2, 0.6], "texture": "#1"},
				"west": {"uv": [0, 0, 0.1, 0.6], "texture": "#1"},
				"up": {"uv": [0, 0, 1.2, 0.1], "texture": "#1"},
				"down": {"uv": [0, 0, 1.2, 0.1], "texture": "#1"}
			}
		},
		{
			"from": [0.2, 0.2, -1.4],
			"to": [1.8, 1.2, -1.2],
			"rotation": {"angle": 0, "axis": "y", "origin": [0, 0, -2.2]},
			"faces": {
				"north": {"uv": [0, 0, 1.6, 1], "texture": "#1"},
				"east": {"uv": [0, 0, 0.2, 1], "texture": "#1"},
				"south": {"uv": [0, 0, 1.6, 1], "texture": "#1"},
				"west": {"uv": [0, 0, 0.2, 1], "texture": "#1"},
				"up": {"uv": [0, 0, 1.6, 0.2], "texture": "#1"},
				"down": {"uv": [0, 0, 1.6, 0.2], "texture": "#1"}
			}
		},
		{
			"from": [2, 30, 0],
			"to": [15, 32, 2],
			"rotation": {"angle": 0, "axis": "y", "origin": [0, 30, 0]},
			"faces": {
				"north": {"uv": [4, 14, 16, 16], "texture": "#0"},
				"east": {"uv": [0, 0, 2, 2], "texture": "#0"},
				"south": {"uv": [0, 0, 13, 2], "texture": "#0"},
				"west": {"uv": [0, 0, 2, 2], "texture": "#0"},
				"up": {"uv": [0, 0, 13, 2], "texture": "#0"},
				"down": {"uv": [0, 0, 13, 2], "texture": "#0"}
			}
		},
		{
			"from": [17, 30, 0],
			"to": [30, 32, 2],
			"rotation": {"angle": 0, "axis": "y", "origin": [15, 30, 0]},
			"faces": {
				"north": {"uv": [3, 1, 16, 3], "texture": "#0"},
				"east": {"uv": [0, 0, 2, 2], "texture": "#0"},
				"south": {"uv": [0, 0, 13, 2], "texture": "#0"},
				"west": {"uv": [0, 0, 2, 2], "texture": "#0"},
				"up": {"uv": [0, 0, 13, 2], "texture": "#0"},
				"down": {"uv": [0, 0, 13, 2], "texture": "#0"}
			}
		},
		{
			"from": [30, 28, 0],
			"to": [32, 32, 0.8],
			"rotation": {"angle": 0, "axis": "y", "origin": [30, 30, 0]},
			"faces": {
				"north": {"uv": [0, 4, 5, 8], "texture": "#0"},
				"east": {"uv": [0, 0, 0.8, 4], "texture": "#0"},
				"south": {"uv": [0, 0, 2, 4], "texture": "#0"},
				"west": {"uv": [0, 0, 0.8, 4], "texture": "#0"},
				"up": {"uv": [0, 0, 2, 0.8], "texture": "#0"},
				"down": {"uv": [0, 0, 2, 0.8], "texture": "#0"}
			}
		},
		{
			"from": [30, 26, 0],
			"to": [32, 28, 0.8],
			"rotation": {"angle": -22.5, "axis": "x", "origin": [30, 28, 0]},
			"faces": {
				"north": {"uv": [0, 4, 5, 6], "texture": "#0"},
				"east": {"uv": [0, 0, 0.8, 2], "texture": "#0"},
				"south": {"uv": [0, 0, 2, 2], "texture": "#0"},
				"west": {"uv": [0, 0, 0.8, 2], "texture": "#0"},
				"up": {"uv": [0, 0, 2, 0.8], "texture": "#0"},
				"down": {"uv": [0, 0, 2, 0.8], "texture": "#0"}
			}
		},
		{
			"from": [15, 26, 0],
			"to": [17, 28, 0.8],
			"rotation": {"angle": -22.5, "axis": "x", "origin": [15, 28, 0]},
			"faces": {
				"north": {"uv": [0, 5, 5, 7], "texture": "#0"},
				"east": {"uv": [0, 0, 0.8, 2], "texture": "#0"},
				"south": {"uv": [0, 0, 2, 2], "texture": "#0"},
				"west": {"uv": [0, 0, 0.8, 2], "texture": "#0"},
				"up": {"uv": [0, 0, 2, 0.8], "texture": "#0"},
				"down": {"uv": [0, 0, 2, 0.8], "texture": "#0"}
			}
		},
		{
			"from": [15, 28, 0],
			"to": [17, 32, 0.8],
			"rotation": {"angle": 0, "axis": "y", "origin": [15, 30, 0]},
			"faces": {
				"north": {"uv": [0, 5, 5, 9], "texture": "#0"},
				"east": {"uv": [0, 0, 0.8, 4], "texture": "#0"},
				"south": {"uv": [0, 0, 2, 4], "texture": "#0"},
				"west": {"uv": [0, 0, 0.8, 4], "texture": "#0"},
				"up": {"uv": [0, 0, 2, 0.8], "texture": "#0"},
				"down": {"uv": [0, 0, 2, 0.8], "texture": "#0"}
			}
		},
		{
			"from": [0, 26, 0],
			"to": [2, 28, 0.8],
			"rotation": {"angle": -22.5, "axis": "x", "origin": [0, 28, 0]},
			"faces": {
				"north": {"uv": [0, 4, 5, 6], "texture": "#0"},
				"east": {"uv": [0, 0, 0.8, 2], "texture": "#0"},
				"south": {"uv": [0, 0, 2, 2], "texture": "#0"},
				"west": {"uv": [0, 0, 0.8, 2], "texture": "#0"},
				"up": {"uv": [0, 0, 2, 0.8], "texture": "#0"},
				"down": {"uv": [0, 0, 2, 0.8], "texture": "#0"}
			}
		},
		{
			"from": [0, 28, 0],
			"to": [2, 32, 0.8],
			"rotation": {"angle": 0, "axis": "y", "origin": [0, 30, 0]},
			"faces": {
				"north": {"uv": [0, 4, 5, 8], "texture": "#0"},
				"east": {"uv": [0, 0, 0.8, 4], "texture": "#0"},
				"south": {"uv": [0, 0, 2, 4], "texture": "#0"},
				"west": {"uv": [0, 0, 0.8, 4], "texture": "#0"},
				"up": {"uv": [0, 0, 2, 0.8], "texture": "#0"},
				"down": {"uv": [0, 0, 2, 0.8], "texture": "#0"}
			}
		},
		{
			"from": [2, 14, -14],
			"to": [2, 30, 0.8],
			"rotation": {"angle": 0, "axis": "y", "origin": [2, 28, 0]},
			"faces": {
				"north": {"uv": [0, 0, 0, 16], "texture": "#missing"},
				"east": {"uv": [0, 0, 15.8, 16], "texture": "#2"},
				"south": {"uv": [0, 0, 0, 16], "texture": "#missing"},
				"west": {"uv": [16, 0, 0, 16], "texture": "#2"},
				"up": {"uv": [0, 0, 0, 14.8], "texture": "#missing"},
				"down": {"uv": [0, 0, 0, 14.8], "texture": "#missing"}
			}
		},
		{
			"from": [15, 14, -14],
			"to": [15, 30, 0.8],
			"rotation": {"angle": 0, "axis": "y", "origin": [15, 30.10051, 0]},
			"faces": {
				"north": {"uv": [0, 0, 0, 16], "texture": "#missing"},
				"east": {"uv": [0, 0, 16, 16], "texture": "#2"},
				"south": {"uv": [0, 0, 0, 16], "texture": "#missing"},
				"west": {"uv": [16, 0, 0, 16], "texture": "#2"},
				"up": {"uv": [0, 0, 0, 14.8], "texture": "#missing"},
				"down": {"uv": [0, 0, 0, 14.8], "texture": "#missing"}
			}
		},
		{
			"from": [2.001, 9.25736, -2.24264],
			"to": [15.001, 31.75736, -2.24264],
			"rotation": {"angle": 45, "axis": "x", "origin": [16.001, 25.75736, -2.24264]},
			"faces": {
				"north": {"uv": [0, 0, 16, 15], "texture": "#3"},
				"east": {"uv": [0, 0, 0, 16], "texture": "#missing"},
				"south": {"uv": [16, 0, 0, 15], "texture": "#3"},
				"west": {"uv": [0, 0, 0, 16], "texture": "#missing"},
				"up": {"uv": [0, 0, 0, 13], "rotation": 270, "texture": "#missing"},
				"down": {"uv": [0, 0, 0, 13], "rotation": 90, "texture": "#missing"}
			}
		},
		{
			"from": [15, 13, -14],
			"to": [15, 14, 0.8],
			"rotation": {"angle": 0, "axis": "y", "origin": [15, 30.10051, 0]},
			"faces": {
				"north": {"uv": [0, 0, 0, 16], "texture": "#missing"},
				"east": {"uv": [0, 15, 16, 16], "texture": "#2"},
				"south": {"uv": [0, 0, 0, 16], "texture": "#missing"},
				"west": {"uv": [16, 15, 0, 16], "texture": "#2"},
				"up": {"uv": [0, 0, 0, 14.8], "texture": "#missing"},
				"down": {"uv": [0, 0, 0, 14.8], "texture": "#missing"}
			}
		},
		{
			"from": [2, 12.9, -13.901],
			"to": [15, 14.1, -13.901],
			"rotation": {"angle": 0, "axis": "y", "origin": [1.8, 30.00051, -14.101]},
			"faces": {
				"north": {"uv": [16, 15, 0, 16], "texture": "#3"},
				"east": {"uv": [0, 0, 0, 16], "texture": "#missing"},
				"south": {"uv": [0, 15, 16, 16], "texture": "#2"},
				"west": {"uv": [0, 0, 0, 16], "texture": "#missing"},
				"up": {"uv": [0, 0, 0, 14.8], "rotation": 90, "texture": "#missing"},
				"down": {"uv": [0, 0, 0, 14.8], "rotation": 270, "texture": "#missing"}
			}
		},
		{
			"from": [2, 13, -14],
			"to": [2, 14, 0.8],
			"rotation": {"angle": 0, "axis": "y", "origin": [2, 30.10051, 0]},
			"faces": {
				"north": {"uv": [0, 0, 0, 16], "texture": "#missing"},
				"east": {"uv": [0, 15, 16, 16], "texture": "#2"},
				"south": {"uv": [0, 0, 0, 16], "texture": "#missing"},
				"west": {"uv": [16, 15, 0, 16], "texture": "#2"},
				"up": {"uv": [0, 0, 0, 14.8], "texture": "#missing"},
				"down": {"uv": [0, 0, 0, 14.8], "texture": "#missing"}
			}
		},
		{
			"from": [30, 14, -14],
			"to": [30, 30, 0.8],
			"rotation": {"angle": 0, "axis": "y", "origin": [30, 30.10051, 0]},
			"faces": {
				"north": {"uv": [0, 0, 0, 16], "texture": "#missing"},
				"east": {"uv": [0, 0, 16, 16], "texture": "#2"},
				"south": {"uv": [0, 0, 0, 16], "texture": "#missing"},
				"west": {"uv": [16, 0, 0, 16], "texture": "#2"},
				"up": {"uv": [0, 0, 0, 14.8], "texture": "#missing"},
				"down": {"uv": [0, 0, 0, 14.8], "texture": "#missing"}
			}
		},
		{
			"from": [17.001, 9.25736, -2.24264],
			"to": [30.001, 31.75736, -2.24264],
			"rotation": {"angle": 45, "axis": "x", "origin": [31.001, 25.75736, -2.24264]},
			"faces": {
				"north": {"uv": [0, 0, 16, 15], "texture": "#3"},
				"east": {"uv": [0, 0, 0, 16], "texture": "#missing"},
				"south": {"uv": [0, 0, 16, 15], "texture": "#3"},
				"west": {"uv": [0, 0, 0, 16], "texture": "#missing"},
				"up": {"uv": [0, 0, 0, 13], "rotation": 270, "texture": "#missing"},
				"down": {"uv": [0, 0, 0, 13], "rotation": 90, "texture": "#missing"}
			}
		},
		{
			"from": [17, 14, -14],
			"to": [17, 30, 0.8],
			"rotation": {"angle": 0, "axis": "y", "origin": [17, 28, 0]},
			"faces": {
				"north": {"uv": [0, 0, 0, 16], "texture": "#missing"},
				"east": {"uv": [0, 0, 15.8, 16], "texture": "#2"},
				"south": {"uv": [0, 0, 0, 16], "texture": "#missing"},
				"west": {"uv": [16, 0, 0, 16], "texture": "#2"},
				"up": {"uv": [0, 0, 0, 14.8], "texture": "#missing"},
				"down": {"uv": [0, 0, 0, 14.8], "texture": "#missing"}
			}
		},
		{
			"from": [17, 13, -14],
			"to": [17, 14, 0.8],
			"rotation": {"angle": 0, "axis": "y", "origin": [17, 30.10051, 0]},
			"faces": {
				"north": {"uv": [0, 0, 0, 16], "texture": "#missing"},
				"east": {"uv": [0, 15, 16, 16], "texture": "#2"},
				"south": {"uv": [0, 0, 0, 16], "texture": "#missing"},
				"west": {"uv": [16, 15, 0, 16], "texture": "#2"},
				"up": {"uv": [0, 0, 0, 14.8], "texture": "#missing"},
				"down": {"uv": [0, 0, 0, 14.8], "texture": "#missing"}
			}
		},
		{
			"from": [17, 12.9, -13.901],
			"to": [30, 14.1, -13.901],
			"rotation": {"angle": 0, "axis": "y", "origin": [16.8, 30.00051, -14.101]},
			"faces": {
				"north": {"uv": [16, 15, 0, 16], "texture": "#3"},
				"east": {"uv": [0, 0, 0, 16], "texture": "#missing"},
				"south": {"uv": [0, 15, 16, 16], "texture": "#2"},
				"west": {"uv": [0, 0, 0, 16], "texture": "#missing"},
				"up": {"uv": [0, 0, 0, 14.8], "rotation": 90, "texture": "#missing"},
				"down": {"uv": [0, 0, 0, 14.8], "rotation": 270, "texture": "#missing"}
			}
		},
		{
			"from": [30, 13, -14],
			"to": [30, 14, 0.8],
			"rotation": {"angle": 0, "axis": "y", "origin": [30, 30.10051, 0]},
			"faces": {
				"north": {"uv": [0, 0, 0, 16], "texture": "#missing"},
				"east": {"uv": [0, 15, 16, 16], "texture": "#2"},
				"south": {"uv": [0, 0, 0, 16], "texture": "#missing"},
				"west": {"uv": [16, 15, 0, 16], "texture": "#2"},
				"up": {"uv": [0, 0, 0, 14.8], "texture": "#missing"},
				"down": {"uv": [0, 0, 0, 14.8], "texture": "#missing"}
			}
		},
		{
			"from": [2, 14, 1],
			"to": [15, 16, 2],
			"rotation": {"angle": 0, "axis": "y", "origin": [13, 14, 0]},
			"faces": {
				"north": {"uv": [0, 0, 13, 2], "texture": "#4"},
				"east": {"uv": [0, 0, 1, 2], "texture": "#4"},
				"south": {"uv": [0, 0, 13, 2], "texture": "#4"},
				"west": {"uv": [0, 0, 1, 2], "texture": "#4"},
				"up": {"uv": [0, 0, 13, 1], "texture": "#4"},
				"down": {"uv": [0, 0, 13, 1], "texture": "#4"}
			}
		},
		{
			"from": [17, 14, 1],
			"to": [30, 16, 2],
			"rotation": {"angle": 0, "axis": "y", "origin": [28, 14, 0]},
			"faces": {
				"north": {"uv": [0, 0, 13, 2], "texture": "#4"},
				"east": {"uv": [0, 0, 1, 2], "texture": "#4"},
				"south": {"uv": [0, 0, 13, 2], "texture": "#4"},
				"west": {"uv": [0, 0, 1, 2], "texture": "#4"},
				"up": {"uv": [0, 0, 13, 1], "texture": "#4"},
				"down": {"uv": [0, 0, 13, 1], "texture": "#4"}
			}
		},
		{
			"from": [2, 2, 1.5],
			"to": [15, 14, 1.5],
			"rotation": {"angle": 0, "axis": "y", "origin": [0, 0, -0.5]},
			"faces": {
				"north": {"uv": [0, 0, 13, 12], "texture": "#5"},
				"east": {"uv": [0, 0, 0, 12], "texture": "#5"},
				"south": {"uv": [0, 0, 13, 12], "texture": "#5"},
				"west": {"uv": [0, 0, 0, 12], "texture": "#5"},
				"up": {"uv": [0, 0, 13, 0], "texture": "#5"},
				"down": {"uv": [0, 0, 13, 0], "texture": "#5"}
			}
		},
		{
			"from": [2, 0, 1],
			"to": [15, 2, 2],
			"faces": {
				"north": {"uv": [0, 0, 13, 2], "texture": "#0"},
				"east": {"uv": [0, 0, 1, 2], "texture": "#0"},
				"south": {"uv": [0, 0, 13, 2], "texture": "#0"},
				"west": {"uv": [0, 0, 1, 2], "texture": "#0"},
				"up": {"uv": [0, 0, 13, 1], "texture": "#0"},
				"down": {"uv": [0, 0, 13, 1], "texture": "#0"}
			}
		},
		{
			"from": [17, 0, 1],
			"to": [30, 2, 2],
			"rotation": {"angle": 0, "axis": "y", "origin": [15, 0, 0]},
			"faces": {
				"north": {"uv": [0, 0, 13, 2], "texture": "#0"},
				"east": {"uv": [0, 0, 1, 2], "texture": "#0"},
				"south": {"uv": [0, 0, 13, 2], "texture": "#0"},
				"west": {"uv": [0, 0, 1, 2], "texture": "#0"},
				"up": {"uv": [0, 0, 13, 1], "texture": "#0"},
				"down": {"uv": [0, 0, 13, 1], "texture": "#0"}
			}
		},
		{
			"from": [2, 16, 1.5],
			"to": [15, 29.5, 1.5],
			"rotation": {"angle": 0, "axis": "y", "origin": [0, 14, -0.5]},
			"faces": {
				"north": {"uv": [0, 0, 13, 13.5], "texture": "#5"},
				"east": {"uv": [0, 0, 0, 13.5], "texture": "#5"},
				"south": {"uv": [0, 0, 13, 13.5], "texture": "#5"},
				"west": {"uv": [0, 0, 0, 13.5], "texture": "#5"},
				"up": {"uv": [0, 0, 13, 0], "texture": "#5"},
				"down": {"uv": [0, 0, 13, 0], "texture": "#5"}
			}
		},
		{
			"from": [17, 16, 1.5],
			"to": [30, 29.5, 1.5],
			"rotation": {"angle": 0, "axis": "y", "origin": [15, 14, -0.5]},
			"faces": {
				"north": {"uv": [0, 0, 13, 13.5], "texture": "#5"},
				"east": {"uv": [0, 0, 0, 13.5], "texture": "#5"},
				"south": {"uv": [0, 0, 13, 13.5], "texture": "#5"},
				"west": {"uv": [0, 0, 0, 13.5], "texture": "#5"},
				"up": {"uv": [0, 0, 13, 0], "texture": "#5"},
				"down": {"uv": [0, 0, 13, 0], "texture": "#5"}
			}
		},
		{
			"from": [17, 2, 1.5],
			"to": [30, 14, 1.5],
			"rotation": {"angle": 0, "axis": "y", "origin": [15, 0, -0.5]},
			"faces": {
				"north": {"uv": [0, 0, 13, 12], "texture": "#5"},
				"east": {"uv": [0, 0, 0, 12], "texture": "#5"},
				"south": {"uv": [0, 0, 13, 12], "texture": "#5"},
				"west": {"uv": [0, 0, 0, 12], "texture": "#5"},
				"up": {"uv": [0, 0, 13, 0], "texture": "#5"},
				"down": {"uv": [0, 0, 13, 0], "texture": "#5"}
			}
		}
	],
	"display": {
		"head": {
			"translation": [-7.75, 0, 25.5],
			"scale": [1.6, 1.6, 1.6]
		}
	}
}