{
	"credit": "Made with Blockbench",
	"textures": {
		"0": "item/texture",
		"1": "item/vitregrise",
		"2": "item/cut_sandstonemodif",
		"particle": "item/texture"
	},
	"elements": [
		{
			"from": [-13, -15, 0],
			"to": [29, -13, 1],
			"rotation": {"angle": 0, "axis": "y", "origin": [0, -15, 0]},
			"faces": {
				"north": {"uv": [0, 0, 16, 2], "texture": "#2"},
				"east": {"uv": [0, 0, 1, 2], "texture": "#2"},
				"south": {"uv": [0, 0, 16, 2], "texture": "#2"},
				"west": {"uv": [0, 0, 1, 2], "texture": "#2"},
				"up": {"uv": [0, 0, 16, 1], "texture": "#2"},
				"down": {"uv": [0, 0, 16, 1], "texture": "#2"}
			}
		},
		{
			"from": [-13, -16, 1],
			"to": [29, -13, 5],
			"rotation": {"angle": 0, "axis": "y", "origin": [0, -16, 1]},
			"faces": {
				"north": {"uv": [0, 0, 16, 3], "texture": "#2"},
				"east": {"uv": [0, 0, 4, 3], "texture": "#2"},
				"south": {"uv": [0, 0, 16, 3], "texture": "#2"},
				"west": {"uv": [0, 0, 4, 3], "texture": "#2"},
				"up": {"uv": [0, 0, 16, 4], "texture": "#2"},
				"down": {"uv": [0, 0, 16, 4], "texture": "#2"}
			}
		},
		{
			"from": [26, -13, 0],
			"to": [27, 16, 1],
			"rotation": {"angle": 0, "axis": "y", "origin": [-3, -15, 0]},
			"faces": {
				"north": {"uv": [0, 0, 1, 16], "texture": "#2"},
				"east": {"uv": [0, 0, 1, 16], "texture": "#2"},
				"south": {"uv": [0, 0, 1, 16], "texture": "#2"},
				"west": {"uv": [0, 0, 1, 16], "texture": "#2"},
				"up": {"uv": [0, 0, 1, 1], "texture": "#2"},
				"down": {"uv": [0, 0, 1, 1], "texture": "#2"}
			}
		},
		{
			"from": [26, -13, 2],
			"to": [27, 16, 3],
			"rotation": {"angle": 0, "axis": "y", "origin": [-3, -15, 2]},
			"faces": {
				"north": {"uv": [0, 0, 1, 16], "texture": "#2"},
				"east": {"uv": [0, 0, 1, 16], "texture": "#2"},
				"south": {"uv": [0, 0, 1, 16], "texture": "#2"},
				"west": {"uv": [0, 0, 1, 16], "texture": "#2"},
				"up": {"uv": [0, 0, 1, 1], "texture": "#2"},
				"down": {"uv": [0, 0, 1, 1], "texture": "#2"}
			}
		},
		{
			"from": [27, -13, 1],
			"to": [28, 16, 2],
			"rotation": {"angle": 0, "axis": "y", "origin": [-2, -15, 1]},
			"faces": {
				"north": {"uv": [0, 0, 1, 16], "texture": "#2"},
				"east": {"uv": [0, 0, 1, 16], "texture": "#2"},
				"south": {"uv": [0, 0, 1, 16], "texture": "#2"},
				"west": {"uv": [0, 0, 1, 16], "texture": "#2"},
				"up": {"uv": [0, 0, 1, 1], "texture": "#2"},
				"down": {"uv": [0, 0, 1, 1], "texture": "#2"}
			}
		},
		{
			"from": [25, -13, 1],
			"to": [26, 16, 2],
			"rotation": {"angle": 0, "axis": "y", "origin": [-4, -15, 1]},
			"faces": {
				"north": {"uv": [0, 0, 1, 16], "texture": "#2"},
				"east": {"uv": [0, 0, 1, 16], "texture": "#2"},
				"south": {"uv": [0, 0, 1, 16], "texture": "#2"},
				"west": {"uv": [0, 0, 1, 16], "texture": "#2"},
				"up": {"uv": [0, 0, 1, 1], "texture": "#2"},
				"down": {"uv": [0, 0, 1, 1], "texture": "#2"}
			}
		},
		{
			"from": [17, -13, 1],
			"to": [18, 16, 2],
			"rotation": {"angle": 0, "axis": "y", "origin": [-12, -15, 1]},
			"faces": {
				"north": {"uv": [0, 0, 1, 16], "texture": "#2"},
				"east": {"uv": [0, 0, 1, 16], "texture": "#2"},
				"south": {"uv": [0, 0, 1, 16], "texture": "#2"},
				"west": {"uv": [0, 0, 1, 16], "texture": "#2"},
				"up": {"uv": [0, 0, 1, 1], "texture": "#2"},
				"down": {"uv": [0, 0, 1, 1], "texture": "#2"}
			}
		},
		{
			"from": [18, -13, 2],
			"to": [19, 16, 3],
			"rotation": {"angle": 0, "axis": "y", "origin": [-11, -15, 2]},
			"faces": {
				"north": {"uv": [0, 0, 1, 16], "texture": "#2"},
				"east": {"uv": [0, 0, 1, 16], "texture": "#2"},
				"south": {"uv": [0, 0, 1, 16], "texture": "#2"},
				"west": {"uv": [0, 0, 1, 16], "texture": "#2"},
				"up": {"uv": [0, 0, 1, 1], "texture": "#2"},
				"down": {"uv": [0, 0, 1, 1], "texture": "#2"}
			}
		},
		{
			"from": [18, -13, 0],
			"to": [19, 16, 1],
			"rotation": {"angle": 0, "axis": "y", "origin": [-11, -15, 0]},
			"faces": {
				"north": {"uv": [0, 0, 1, 16], "texture": "#2"},
				"east": {"uv": [0, 0, 1, 16], "texture": "#2"},
				"south": {"uv": [0, 0, 1, 16], "texture": "#2"},
				"west": {"uv": [0, 0, 1, 16], "texture": "#2"},
				"up": {"uv": [0, 0, 1, 1], "texture": "#2"},
				"down": {"uv": [0, 0, 1, 1], "texture": "#2"}
			}
		},
		{
			"from": [19, -13, 1],
			"to": [20, 16, 2],
			"rotation": {"angle": 0, "axis": "y", "origin": [-10, -15, 1]},
			"faces": {
				"north": {"uv": [0, 0, 1, 16], "texture": "#2"},
				"east": {"uv": [0, 0, 1, 16], "texture": "#2"},
				"south": {"uv": [0, 0, 1, 16], "texture": "#2"},
				"west": {"uv": [0, 0, 1, 16], "texture": "#2"},
				"up": {"uv": [0, 0, 1, 1], "texture": "#2"},
				"down": {"uv": [0, 0, 1, 1], "texture": "#2"}
			}
		},
		{
			"from": [-3, -13, 0],
			"to": [-2, 16, 1],
			"rotation": {"angle": 0, "axis": "y", "origin": [-32, -15, 0]},
			"faces": {
				"north": {"uv": [0, 0, 1, 16], "texture": "#2"},
				"east": {"uv": [0, 0, 1, 16], "texture": "#2"},
				"south": {"uv": [0, 0, 1, 16], "texture": "#2"},
				"west": {"uv": [0, 0, 1, 16], "texture": "#2"},
				"up": {"uv": [0, 0, 1, 1], "texture": "#2"},
				"down": {"uv": [0, 0, 1, 1], "texture": "#2"}
			}
		},
		{
			"from": [-3, -13, 2],
			"to": [-2, 16, 3],
			"rotation": {"angle": 0, "axis": "y", "origin": [-32, -15, 2]},
			"faces": {
				"north": {"uv": [0, 0, 1, 16], "texture": "#2"},
				"east": {"uv": [0, 0, 1, 16], "texture": "#2"},
				"south": {"uv": [0, 0, 1, 16], "texture": "#2"},
				"west": {"uv": [0, 0, 1, 16], "texture": "#2"},
				"up": {"uv": [0, 0, 1, 1], "texture": "#2"},
				"down": {"uv": [0, 0, 1, 1], "texture": "#2"}
			}
		},
		{
			"from": [-2, -13, 1],
			"to": [-1, 16, 2],
			"rotation": {"angle": 0, "axis": "y", "origin": [-31, -15, 1]},
			"faces": {
				"north": {"uv": [0, 0, 1, 16], "texture": "#2"},
				"east": {"uv": [0, 0, 1, 16], "texture": "#2"},
				"south": {"uv": [0, 0, 1, 16], "texture": "#2"},
				"west": {"uv": [0, 0, 1, 16], "texture": "#2"},
				"up": {"uv": [0, 0, 1, 1], "texture": "#2"},
				"down": {"uv": [0, 0, 1, 1], "texture": "#2"}
			}
		},
		{
			"from": [-4, -13, 1],
			"to": [-3, 16, 2],
			"rotation": {"angle": 0, "axis": "y", "origin": [-33, -15, 1]},
			"faces": {
				"north": {"uv": [0, 0, 1, 16], "texture": "#2"},
				"east": {"uv": [0, 0, 1, 16], "texture": "#2"},
				"south": {"uv": [0, 0, 1, 16], "texture": "#2"},
				"west": {"uv": [0, 0, 1, 16], "texture": "#2"},
				"up": {"uv": [0, 0, 1, 1], "texture": "#2"},
				"down": {"uv": [0, 0, 1, 1], "texture": "#2"}
			}
		},
		{
			"from": [-12, -13, 1],
			"to": [-11, 16, 2],
			"rotation": {"angle": 0, "axis": "y", "origin": [-41, -15, 1]},
			"faces": {
				"north": {"uv": [0, 0, 1, 16], "texture": "#2"},
				"east": {"uv": [0, 0, 1, 16], "texture": "#2"},
				"south": {"uv": [0, 0, 1, 16], "texture": "#2"},
				"west": {"uv": [0, 0, 1, 16], "texture": "#2"},
				"up": {"uv": [0, 0, 1, 1], "texture": "#2"},
				"down": {"uv": [0, 0, 1, 1], "texture": "#2"}
			}
		},
		{
			"from": [-11, -13, 2],
			"to": [-10, 16, 3],
			"rotation": {"angle": 0, "axis": "y", "origin": [-40, -15, 2]},
			"faces": {
				"north": {"uv": [0, 0, 1, 16], "texture": "#2"},
				"east": {"uv": [0, 0, 1, 16], "texture": "#2"},
				"south": {"uv": [0, 0, 1, 16], "texture": "#2"},
				"west": {"uv": [0, 0, 1, 16], "texture": "#2"},
				"up": {"uv": [0, 0, 1, 1], "texture": "#2"},
				"down": {"uv": [0, 0, 1, 1], "texture": "#2"}
			}
		},
		{
			"from": [-11, -13, 0],
			"to": [-10, 16, 1],
			"rotation": {"angle": 0, "axis": "y", "origin": [-40, -15, 0]},
			"faces": {
				"north": {"uv": [0, 0, 1, 16], "texture": "#2"},
				"east": {"uv": [0, 0, 1, 16], "texture": "#2"},
				"south": {"uv": [0, 0, 1, 16], "texture": "#2"},
				"west": {"uv": [0, 0, 1, 16], "texture": "#2"},
				"up": {"uv": [0, 0, 1, 1], "texture": "#2"},
				"down": {"uv": [0, 0, 1, 1], "texture": "#2"}
			}
		},
		{
			"from": [-10, -13, 1],
			"to": [-9, 16, 2],
			"rotation": {"angle": 0, "axis": "y", "origin": [-39, -15, 1]},
			"faces": {
				"north": {"uv": [0, 0, 1, 16], "texture": "#2"},
				"east": {"uv": [0, 0, 1, 16], "texture": "#2"},
				"south": {"uv": [0, 0, 1, 16], "texture": "#2"},
				"west": {"uv": [0, 0, 1, 16], "texture": "#2"},
				"up": {"uv": [0, 0, 1, 1], "texture": "#2"},
				"down": {"uv": [0, 0, 1, 1], "texture": "#2"}
			}
		},
		{
			"from": [-13, 16, 1],
			"to": [29, 19, 5],
			"rotation": {"angle": 0, "axis": "y", "origin": [0, 16, 1]},
			"faces": {
				"north": {"uv": [0, 0, 16, 3], "texture": "#2"},
				"east": {"uv": [0, 0, 4, 3], "texture": "#2"},
				"south": {"uv": [0, 0, 16, 3], "texture": "#2"},
				"west": {"uv": [0, 0, 4, 3], "texture": "#2"},
				"up": {"uv": [0, 0, 16, 4], "texture": "#2"},
				"down": {"uv": [0, 0, 16, 4], "texture": "#2"}
			}
		},
		{
			"from": [-13, 17, 0],
			"to": [29, 19, 1],
			"rotation": {"angle": 0, "axis": "y", "origin": [0, 17, 0]},
			"faces": {
				"north": {"uv": [0, 0, 16, 2], "texture": "#2"},
				"east": {"uv": [0, 0, 1, 2], "texture": "#2"},
				"south": {"uv": [0, 0, 16, 2], "texture": "#2"},
				"west": {"uv": [0, 0, 1, 2], "texture": "#2"},
				"up": {"uv": [0, 0, 16, 1], "texture": "#2"},
				"down": {"uv": [0, 0, 16, 1], "texture": "#2"}
			}
		},
		{
			"from": [-2, 19, 2],
			"to": [-1, 22, 5],
			"rotation": {"angle": 0, "axis": "y", "origin": [-2, 19, 2]},
			"faces": {
				"north": {"uv": [0, 0, 1, 3], "texture": "#2"},
				"east": {"uv": [0, 0, 3, 3], "texture": "#2"},
				"south": {"uv": [0, 0, 1, 3], "texture": "#2"},
				"west": {"uv": [0, 0, 3, 3], "texture": "#2"},
				"up": {"uv": [0, 0, 1, 3], "texture": "#2"},
				"down": {"uv": [0, 0, 1, 3], "texture": "#2"}
			}
		},
		{
			"from": [17, 19, 2],
			"to": [18, 22, 5],
			"rotation": {"angle": 0, "axis": "y", "origin": [17, 19, 2]},
			"faces": {
				"north": {"uv": [0, 0, 1, 3], "texture": "#2"},
				"east": {"uv": [0, 0, 3, 3], "texture": "#2"},
				"south": {"uv": [0, 0, 1, 3], "texture": "#2"},
				"west": {"uv": [0, 0, 3, 3], "texture": "#2"},
				"up": {"uv": [0, 0, 1, 3], "texture": "#2"},
				"down": {"uv": [0, 0, 1, 3], "texture": "#2"}
			}
		},
		{
			"from": [16, 22, 2],
			"to": [17, 24, 5],
			"rotation": {"angle": 0, "axis": "y", "origin": [16, 22, 2]},
			"faces": {
				"north": {"uv": [0, 0, 1, 2], "texture": "#2"},
				"east": {"uv": [0, 0, 3, 2], "texture": "#2"},
				"south": {"uv": [0, 0, 1, 2], "texture": "#2"},
				"west": {"uv": [0, 0, 3, 2], "texture": "#2"},
				"up": {"uv": [0, 0, 1, 3], "texture": "#2"},
				"down": {"uv": [0, 0, 1, 3], "texture": "#2"}
			}
		},
		{
			"from": [-1, 22, 2],
			"to": [0, 24, 5],
			"rotation": {"angle": 0, "axis": "y", "origin": [-1, 22, 2]},
			"faces": {
				"north": {"uv": [0, 0, 1, 2], "texture": "#2"},
				"east": {"uv": [0, 0, 3, 2], "texture": "#2"},
				"south": {"uv": [0, 0, 1, 2], "texture": "#2"},
				"west": {"uv": [0, 0, 3, 2], "texture": "#2"},
				"up": {"uv": [0, 0, 1, 3], "texture": "#2"},
				"down": {"uv": [0, 0, 1, 3], "texture": "#2"}
			}
		},
		{
			"from": [15, 24, 2],
			"to": [16, 25, 5],
			"rotation": {"angle": 0, "axis": "y", "origin": [15, 23, 2]},
			"faces": {
				"north": {"uv": [0, 0, 1, 1], "texture": "#2"},
				"east": {"uv": [0, 0, 3, 1], "texture": "#2"},
				"south": {"uv": [0, 0, 1, 1], "texture": "#2"},
				"west": {"uv": [0, 0, 3, 1], "texture": "#2"},
				"up": {"uv": [0, 0, 1, 3], "texture": "#2"},
				"down": {"uv": [0, 0, 1, 3], "texture": "#2"}
			}
		},
		{
			"from": [0, 24, 2],
			"to": [1, 25, 5],
			"rotation": {"angle": 0, "axis": "y", "origin": [-1, 23, 2]},
			"faces": {
				"north": {"uv": [0, 0, 1, 1], "texture": "#2"},
				"east": {"uv": [0, 0, 3, 1], "texture": "#2"},
				"south": {"uv": [0, 0, 1, 1], "texture": "#2"},
				"west": {"uv": [0, 0, 3, 1], "texture": "#2"},
				"up": {"uv": [0, 0, 1, 3], "texture": "#2"},
				"down": {"uv": [0, 0, 1, 3], "texture": "#2"}
			}
		},
		{
			"from": [1, 25, 2],
			"to": [3, 26, 5],
			"rotation": {"angle": 0, "axis": "y", "origin": [0, 24, 2]},
			"faces": {
				"north": {"uv": [0, 0, 2, 1], "texture": "#2"},
				"east": {"uv": [0, 0, 3, 1], "texture": "#2"},
				"south": {"uv": [0, 0, 2, 1], "texture": "#2"},
				"west": {"uv": [0, 0, 3, 1], "texture": "#2"},
				"up": {"uv": [0, 0, 2, 3], "texture": "#2"},
				"down": {"uv": [0, 0, 2, 3], "texture": "#2"}
			}
		},
		{
			"from": [13, 25, 2],
			"to": [15, 26, 5],
			"rotation": {"angle": 0, "axis": "y", "origin": [12, 24, 2]},
			"faces": {
				"north": {"uv": [0, 0, 2, 1], "texture": "#2"},
				"east": {"uv": [0, 0, 3, 1], "texture": "#2"},
				"south": {"uv": [0, 0, 2, 1], "texture": "#2"},
				"west": {"uv": [0, 0, 3, 1], "texture": "#2"},
				"up": {"uv": [0, 0, 2, 3], "texture": "#2"},
				"down": {"uv": [0, 0, 2, 3], "texture": "#2"}
			}
		},
		{
			"from": [10, 26, 2],
			"to": [13, 27, 5],
			"rotation": {"angle": 0, "axis": "y", "origin": [10, 25, 2]},
			"faces": {
				"north": {"uv": [0, 0, 3, 1], "texture": "#2"},
				"east": {"uv": [0, 0, 3, 1], "texture": "#2"},
				"south": {"uv": [0, 0, 3, 1], "texture": "#2"},
				"west": {"uv": [0, 0, 3, 1], "texture": "#2"},
				"up": {"uv": [0, 0, 3, 3], "texture": "#2"},
				"down": {"uv": [0, 0, 3, 3], "texture": "#2"}
			}
		},
		{
			"from": [3, 26, 2],
			"to": [6, 27, 5],
			"rotation": {"angle": 0, "axis": "y", "origin": [3, 25, 2]},
			"faces": {
				"north": {"uv": [0, 0, 3, 1], "texture": "#2"},
				"east": {"uv": [0, 0, 3, 1], "texture": "#2"},
				"south": {"uv": [0, 0, 3, 1], "texture": "#2"},
				"west": {"uv": [0, 0, 3, 1], "texture": "#2"},
				"up": {"uv": [0, 0, 3, 3], "texture": "#2"},
				"down": {"uv": [0, 0, 3, 3], "texture": "#2"}
			}
		},
		{
			"from": [6, 27, 2],
			"to": [10, 28, 5],
			"rotation": {"angle": 0, "axis": "y", "origin": [7, 26, 2]},
			"faces": {
				"north": {"uv": [0, 0, 4, 1], "texture": "#2"},
				"east": {"uv": [0, 0, 3, 1], "texture": "#2"},
				"south": {"uv": [0, 0, 4, 1], "texture": "#2"},
				"west": {"uv": [0, 0, 3, 1], "texture": "#2"},
				"up": {"uv": [0, 0, 4, 3], "texture": "#2"},
				"down": {"uv": [0, 0, 4, 3], "texture": "#2"}
			}
		},
		{
			"from": [7.8, 19, 2.2],
			"to": [8.2, 27, 5],
			"rotation": {"angle": 0, "axis": "y", "origin": [7, 25, 2]},
			"faces": {
				"north": {"uv": [0, 0, 0.4, 8], "texture": "#0"},
				"east": {"uv": [0, 0, 2.8, 8], "texture": "#0"},
				"south": {"uv": [0, 0, 0.4, 8], "texture": "#0"},
				"west": {"uv": [0, 0, 2.8, 8], "texture": "#0"},
				"up": {"uv": [0, 0, 0.4, 2.8], "texture": "#0"},
				"down": {"uv": [0, 0, 0.4, 2.8], "texture": "#0"}
			}
		},
		{
			"from": [5.5648, 18.23713, 2.2],
			"to": [5.9648, 26.23713, 5],
			"rotation": {"angle": 22.5, "axis": "z", "origin": [4.7648, 24.23713, 2]},
			"faces": {
				"north": {"uv": [0, 0, 0.4, 8], "texture": "#0"},
				"east": {"uv": [0, 0, 2.8, 8], "texture": "#0"},
				"south": {"uv": [0, 0, 0.4, 8], "texture": "#0"},
				"west": {"uv": [0, 0, 2.8, 8], "texture": "#0"},
				"up": {"uv": [0, 0, 0.4, 2.8], "texture": "#0"},
				"down": {"uv": [0, 0, 0.4, 2.8], "texture": "#0"}
			}
		},
		{
			"from": [3.79167, 16.67696, 2.2],
			"to": [4.19167, 25.67696, 5],
			"rotation": {"angle": 45, "axis": "z", "origin": [2.99167, 22.67696, 2]},
			"faces": {
				"north": {"uv": [0, 0, 0.4, 9], "texture": "#0"},
				"east": {"uv": [0, 0, 2.8, 9], "texture": "#0"},
				"south": {"uv": [0, 0, 0.4, 9], "texture": "#0"},
				"west": {"uv": [0, 0, 2.8, 9], "texture": "#0"},
				"up": {"uv": [0, 0, 0.4, 2.8], "texture": "#0"},
				"down": {"uv": [0, 0, 0.4, 2.8], "texture": "#0"}
			}
		},
		{
			"from": [-1.04942, 21.357, 2.2],
			"to": [7.95058, 21.757, 5],
			"rotation": {"angle": -22.5, "axis": "z", "origin": [1.95058, 20.557, 2]},
			"faces": {
				"north": {"uv": [0, 0, 0.4, 9], "rotation": 90, "texture": "#0"},
				"east": {"uv": [0, 0, 0.4, 2.8], "rotation": 270, "texture": "#0"},
				"south": {"uv": [0, 0, 0.4, 9], "rotation": 270, "texture": "#0"},
				"west": {"uv": [0, 0, 0.4, 2.8], "rotation": 270, "texture": "#0"},
				"up": {"uv": [0, 0, 2.8, 9], "rotation": 270, "texture": "#0"},
				"down": {"uv": [0, 0, 2.8, 9], "rotation": 270, "texture": "#0"}
			}
		},
		{
			"from": [10.157, 18.84942, 2.2],
			"to": [10.557, 26.84942, 5],
			"rotation": {"angle": -22.5, "axis": "z", "origin": [9.357, 24.84942, 2]},
			"faces": {
				"north": {"uv": [0, 0, 0.4, 8], "texture": "#0"},
				"east": {"uv": [0, 0, 2.8, 8], "texture": "#0"},
				"south": {"uv": [0, 0, 0.4, 8], "texture": "#0"},
				"west": {"uv": [0, 0, 2.8, 8], "texture": "#0"},
				"up": {"uv": [0, 0, 0.4, 2.8], "texture": "#0"},
				"down": {"uv": [0, 0, 0.4, 2.8], "texture": "#0"}
			}
		},
		{
			"from": [12.27696, 17.80833, 2.2],
			"to": [12.67696, 26.80833, 5],
			"rotation": {"angle": -45, "axis": "z", "origin": [11.47696, 23.80833, 2]},
			"faces": {
				"north": {"uv": [0, 0, 0.4, 9], "texture": "#0"},
				"east": {"uv": [0, 0, 2.8, 9], "texture": "#0"},
				"south": {"uv": [0, 0, 0.4, 9], "texture": "#0"},
				"west": {"uv": [0, 0, 2.8, 9], "texture": "#0"},
				"up": {"uv": [0, 0, 0.4, 2.8], "texture": "#0"},
				"down": {"uv": [0, 0, 0.4, 2.8], "texture": "#0"}
			}
		},
		{
			"from": [7.03713, 20.8352, 2.2],
			"to": [16.03713, 21.2352, 5],
			"rotation": {"angle": 22.5, "axis": "z", "origin": [13.03713, 22.0352, 2]},
			"faces": {
				"north": {"uv": [0, 0, 0.4, 9], "rotation": 270, "texture": "#0"},
				"east": {"uv": [0, 0, 0.4, 2.8], "rotation": 90, "texture": "#0"},
				"south": {"uv": [0, 0, 0.4, 9], "rotation": 90, "texture": "#0"},
				"west": {"uv": [0, 0, 0.4, 2.8], "rotation": 90, "texture": "#0"},
				"up": {"uv": [0, 0, 2.8, 9], "rotation": 90, "texture": "#0"},
				"down": {"uv": [0, 0, 2.8, 9], "rotation": 90, "texture": "#0"}
			}
		},
		{
			"from": [-1, 19, 2.7],
			"to": [17, 24, 2.7],
			"rotation": {"angle": 0, "axis": "y", "origin": [-1, 19, 2.7]},
			"faces": {
				"north": {"uv": [0, 0, 16, 5], "texture": "#1"},
				"east": {"uv": [0, 0, 0, 5], "texture": "#1"},
				"south": {"uv": [0, 0, 16, 5], "texture": "#1"},
				"west": {"uv": [0, 0, 0, 5], "texture": "#1"},
				"up": {"uv": [0, 0, 16, 0], "texture": "#1"},
				"down": {"uv": [0, 0, 16, 0], "texture": "#1"}
			}
		},
		{
			"from": [1, 24, 2.7],
			"to": [15, 26, 2.7],
			"rotation": {"angle": 0, "axis": "y", "origin": [-1, 21, 2.7]},
			"faces": {
				"north": {"uv": [0, 0, 14, 2], "texture": "#1"},
				"east": {"uv": [0, 0, 0, 2], "texture": "#1"},
				"south": {"uv": [0, 0, 14, 2], "texture": "#1"},
				"west": {"uv": [0, 0, 0, 2], "texture": "#1"},
				"up": {"uv": [0, 0, 14, 0], "texture": "#1"},
				"down": {"uv": [0, 0, 14, 0], "texture": "#1"}
			}
		},
		{
			"from": [6, 26, 2.7],
			"to": [10, 27, 2.7],
			"rotation": {"angle": 0, "axis": "y", "origin": [-1, 22, 2.7]},
			"faces": {
				"north": {"uv": [0, 0, 4, 1], "texture": "#1"},
				"east": {"uv": [0, 0, 0, 1], "texture": "#1"},
				"south": {"uv": [0, 0, 4, 1], "texture": "#1"},
				"west": {"uv": [0, 0, 0, 1], "texture": "#1"},
				"up": {"uv": [0, 0, 4, 0], "texture": "#1"},
				"down": {"uv": [0, 0, 4, 0], "texture": "#1"}
			}
		},
		{
			"from": [24, -13, 4],
			"to": [25, 16, 5],
			"rotation": {"angle": 0, "axis": "y", "origin": [23, -12, 4]},
			"faces": {
				"north": {"uv": [0, 0, 1, 16], "texture": "#0"},
				"east": {"uv": [0, 0, 1, 16], "texture": "#0"},
				"south": {"uv": [0, 0, 1, 16], "texture": "#0"},
				"west": {"uv": [0, 0, 1, 16], "texture": "#0"},
				"up": {"uv": [0, 0, 1, 1], "texture": "#0"},
				"down": {"uv": [0, 0, 1, 1], "texture": "#0"}
			}
		},
		{
			"from": [20, -13, 4],
			"to": [21, 16, 5],
			"rotation": {"angle": 0, "axis": "y", "origin": [19, -12, 4]},
			"faces": {
				"north": {"uv": [0, 0, 1, 16], "texture": "#0"},
				"east": {"uv": [0, 0, 1, 16], "texture": "#0"},
				"south": {"uv": [0, 0, 1, 16], "texture": "#0"},
				"west": {"uv": [0, 0, 1, 16], "texture": "#0"},
				"up": {"uv": [0, 0, 1, 1], "texture": "#0"},
				"down": {"uv": [0, 0, 1, 1], "texture": "#0"}
			}
		},
		{
			"from": [11.8, -13, 4],
			"to": [12.8, 16, 5],
			"rotation": {"angle": 0, "axis": "y", "origin": [10.8, -12, 4]},
			"faces": {
				"north": {"uv": [0, 0, 1, 16], "texture": "#0"},
				"east": {"uv": [0, 0, 1, 16], "texture": "#0"},
				"south": {"uv": [0, 0, 1, 16], "texture": "#0"},
				"west": {"uv": [0, 0, 1, 16], "texture": "#0"},
				"up": {"uv": [0, 0, 1, 1], "texture": "#0"},
				"down": {"uv": [0, 0, 1, 1], "texture": "#0"}
			}
		},
		{
			"from": [16, -13, 4],
			"to": [17, 16, 5],
			"rotation": {"angle": 0, "axis": "y", "origin": [15, -12, 4]},
			"faces": {
				"north": {"uv": [0, 0, 1, 16], "texture": "#0"},
				"east": {"uv": [0, 0, 1, 16], "texture": "#0"},
				"south": {"uv": [0, 0, 1, 16], "texture": "#0"},
				"west": {"uv": [0, 0, 1, 16], "texture": "#0"},
				"up": {"uv": [0, 0, 1, 1], "texture": "#0"},
				"down": {"uv": [0, 0, 1, 1], "texture": "#0"}
			}
		},
		{
			"from": [3.4, -13, 4],
			"to": [4.4, 16, 5],
			"rotation": {"angle": 0, "axis": "y", "origin": [2.4, -12, 4]},
			"faces": {
				"north": {"uv": [0, 0, 1, 16], "texture": "#0"},
				"east": {"uv": [0, 0, 1, 16], "texture": "#0"},
				"south": {"uv": [0, 0, 1, 16], "texture": "#0"},
				"west": {"uv": [0, 0, 1, 16], "texture": "#0"},
				"up": {"uv": [0, 0, 1, 1], "texture": "#0"},
				"down": {"uv": [0, 0, 1, 1], "texture": "#0"}
			}
		},
		{
			"from": [7.6, -13, 4],
			"to": [8.6, 16, 5],
			"rotation": {"angle": 0, "axis": "y", "origin": [6.6, -12, 4]},
			"faces": {
				"north": {"uv": [0, 0, 1, 16], "texture": "#0"},
				"east": {"uv": [0, 0, 1, 16], "texture": "#0"},
				"south": {"uv": [0, 0, 1, 16], "texture": "#0"},
				"west": {"uv": [0, 0, 1, 16], "texture": "#0"},
				"up": {"uv": [0, 0, 1, 1], "texture": "#0"},
				"down": {"uv": [0, 0, 1, 1], "texture": "#0"}
			}
		},
		{
			"from": [-1, -13, 4],
			"to": [0, 16, 5],
			"rotation": {"angle": 0, "axis": "y", "origin": [-2, -12, 4]},
			"faces": {
				"north": {"uv": [0, 0, 1, 16], "texture": "#0"},
				"east": {"uv": [0, 0, 1, 16], "texture": "#0"},
				"south": {"uv": [0, 0, 1, 16], "texture": "#0"},
				"west": {"uv": [0, 0, 1, 16], "texture": "#0"},
				"up": {"uv": [0, 0, 1, 1], "texture": "#0"},
				"down": {"uv": [0, 0, 1, 1], "texture": "#0"}
			}
		},
		{
			"from": [-9, -13, 4],
			"to": [-8, 16, 5],
			"rotation": {"angle": 0, "axis": "y", "origin": [-10, -12, 4]},
			"faces": {
				"north": {"uv": [0, 0, 1, 16], "texture": "#0"},
				"east": {"uv": [0, 0, 1, 16], "texture": "#0"},
				"south": {"uv": [0, 0, 1, 16], "texture": "#0"},
				"west": {"uv": [0, 0, 1, 16], "texture": "#0"},
				"up": {"uv": [0, 0, 1, 1], "texture": "#0"},
				"down": {"uv": [0, 0, 1, 1], "texture": "#0"}
			}
		},
		{
			"from": [-5, -13, 4],
			"to": [-4, 16, 5],
			"rotation": {"angle": 0, "axis": "y", "origin": [-6, -12, 4]},
			"faces": {
				"north": {"uv": [0, 0, 1, 16], "texture": "#0"},
				"east": {"uv": [0, 0, 1, 16], "texture": "#0"},
				"south": {"uv": [0, 0, 1, 16], "texture": "#0"},
				"west": {"uv": [0, 0, 1, 16], "texture": "#0"},
				"up": {"uv": [0, 0, 1, 1], "texture": "#0"},
				"down": {"uv": [0, 0, 1, 1], "texture": "#0"}
			}
		},
		{
			"from": [-8, -13, 4.2],
			"to": [25, -12, 5],
			"rotation": {"angle": 0, "axis": "y", "origin": [0, -13, 4]},
			"faces": {
				"north": {"uv": [0, 0, 16, 1], "texture": "#0"},
				"east": {"uv": [0, 0, 0.8, 1], "texture": "#0"},
				"south": {"uv": [0, 0, 16, 1], "texture": "#0"},
				"west": {"uv": [0, 0, 0.8, 1], "texture": "#0"},
				"up": {"uv": [0, 0, 16, 0.8], "texture": "#0"},
				"down": {"uv": [0, 0, 16, 0.8], "texture": "#0"}
			}
		},
		{
			"from": [-8, 15, 4.2],
			"to": [25, 16, 5],
			"rotation": {"angle": 0, "axis": "y", "origin": [0, 15, 4]},
			"faces": {
				"north": {"uv": [0, 0, 16, 1], "texture": "#0"},
				"east": {"uv": [0, 0, 0.8, 1], "texture": "#0"},
				"south": {"uv": [0, 0, 16, 1], "texture": "#0"},
				"west": {"uv": [0, 0, 0.8, 1], "texture": "#0"},
				"up": {"uv": [0, 0, 16, 0.8], "texture": "#0"},
				"down": {"uv": [0, 0, 16, 0.8], "texture": "#0"}
			}
		},
		{
			"from": [-8, 1, 4.2],
			"to": [24, 2, 5],
			"rotation": {"angle": 0, "axis": "y", "origin": [0, 1, 4]},
			"faces": {
				"north": {"uv": [0, 0, 16, 1], "texture": "#0"},
				"east": {"uv": [0, 0, 0.8, 1], "texture": "#0"},
				"south": {"uv": [0, 0, 16, 1], "texture": "#0"},
				"west": {"uv": [0, 0, 0.8, 1], "texture": "#0"},
				"up": {"uv": [0, 0, 16, 0.8], "texture": "#0"},
				"down": {"uv": [0, 0, 16, 0.8], "texture": "#0"}
			}
		},
		{
			"from": [17, -13, 4],
			"to": [20, 16, 5],
			"rotation": {"angle": 0, "axis": "y", "origin": [18, 0, 3]},
			"faces": {
				"north": {"uv": [0, 0, 3, 16], "texture": "#2"},
				"east": {"uv": [0, 0, 1, 16], "texture": "#2"},
				"south": {"uv": [0, 0, 3, 16], "texture": "#2"},
				"west": {"uv": [0, 0, 1, 16], "texture": "#2"},
				"up": {"uv": [0, 0, 3, 1], "texture": "#2"},
				"down": {"uv": [0, 0, 3, 1], "texture": "#2"}
			}
		},
		{
			"from": [-4, -13, 4],
			"to": [-1, 16, 5],
			"rotation": {"angle": 0, "axis": "y", "origin": [-3, 0, 3]},
			"faces": {
				"north": {"uv": [0, 0, 3, 16], "texture": "#2"},
				"east": {"uv": [0, 0, 1, 16], "texture": "#2"},
				"south": {"uv": [0, 0, 3, 16], "texture": "#2"},
				"west": {"uv": [0, 0, 1, 16], "texture": "#2"},
				"up": {"uv": [0, 0, 3, 1], "texture": "#2"},
				"down": {"uv": [0, 0, 3, 1], "texture": "#2"}
			}
		},
		{
			"from": [25, -13, 4],
			"to": [27, 16, 5],
			"rotation": {"angle": 0, "axis": "y", "origin": [26, 0, 3]},
			"faces": {
				"north": {"uv": [0, 0, 2, 16], "texture": "#2"},
				"east": {"uv": [0, 0, 1, 16], "texture": "#2"},
				"south": {"uv": [0, 0, 2, 16], "texture": "#2"},
				"west": {"uv": [0, 0, 1, 16], "texture": "#2"},
				"up": {"uv": [0, 0, 2, 1], "texture": "#2"},
				"down": {"uv": [0, 0, 2, 1], "texture": "#2"}
			}
		},
		{
			"from": [-11, -13, 4],
			"to": [-9, 16, 5],
			"rotation": {"angle": 0, "axis": "y", "origin": [-10, 0, 3]},
			"faces": {
				"north": {"uv": [0, 0, 2, 16], "texture": "#2"},
				"east": {"uv": [0, 0, 1, 16], "texture": "#2"},
				"south": {"uv": [0, 0, 2, 16], "texture": "#2"},
				"west": {"uv": [0, 0, 1, 16], "texture": "#2"},
				"up": {"uv": [0, 0, 2, 1], "texture": "#2"},
				"down": {"uv": [0, 0, 2, 1], "texture": "#2"}
			}
		},
		{
			"from": [-8, -12, 4.4],
			"to": [24, 15, 4.6],
			"rotation": {"angle": 0, "axis": "y", "origin": [0, 2, 4]},
			"faces": {
				"north": {"uv": [0, 0, 16, 16], "texture": "#1"},
				"east": {"uv": [0, 0, 0.2, 16], "texture": "#1"},
				"south": {"uv": [0, 0, 16, 16], "texture": "#1"},
				"west": {"uv": [0, 0, 0.2, 16], "texture": "#1"},
				"up": {"uv": [0, 0, 16, 0.2], "texture": "#1"},
				"down": {"uv": [0, 0, 16, 0.2], "texture": "#1"}
			}
		}
	],
	"display": {
		"head": {
			"translation": [0, -15.75, 19.75],
			"scale": [1.7, 1.7, 1.7]
		}
	}
}