{
	"credit": "Made with Blockbench",
	"textures": {
		"0": "item/jungle_planks",
		"1": "item/vitregrise ",
		"particle": "item/jungle_planks"
	},
	"elements": [
		{
			"from": [1.1, 0, 0],
			"to": [15, 2, 2],
			"faces": {
				"north": {"uv": [0, 0, 13.9, 2], "texture": "#0"},
				"east": {"uv": [0, 0, 2, 2], "texture": "#0"},
				"south": {"uv": [0, 0, 13.9, 2], "texture": "#0"},
				"west": {"uv": [0, 0, 2, 2], "texture": "#0"},
				"up": {"uv": [0, 0, 13.9, 2], "texture": "#0"},
				"down": {"uv": [0, 0, 13.9, 2], "texture": "#0"}
			}
		},
		{
			"from": [0.1, 0, 0],
			"to": [1.1, 25, 2],
			"rotation": {"angle": 0, "axis": "y", "origin": [0.1, -5, 0]},
			"faces": {
				"north": {"uv": [0, 0, 1, 16], "texture": "#0"},
				"east": {"uv": [0, 0, 2, 16], "texture": "#0"},
				"south": {"uv": [0, 0, 1, 16], "texture": "#0"},
				"west": {"uv": [0, 0, 2, 16], "texture": "#0"},
				"up": {"uv": [0, 0, 1, 2], "texture": "#0"},
				"down": {"uv": [0, 0, 1, 2], "texture": "#0"}
			}
		},
		{
			"from": [15, 0, 0],
			"to": [16, 25, 2],
			"rotation": {"angle": 0, "axis": "y", "origin": [14, -5, 0]},
			"faces": {
				"north": {"uv": [0, 0, 1, 16], "texture": "#0"},
				"east": {"uv": [0, 0, 2, 16], "texture": "#0"},
				"south": {"uv": [0, 0, 1, 16], "texture": "#0"},
				"west": {"uv": [0, 0, 2, 16], "texture": "#0"},
				"up": {"uv": [0, 0, 1, 2], "texture": "#0"},
				"down": {"uv": [0, 0, 1, 2], "texture": "#0"}
			}
		},
		{
			"from": [4.1, 29, 0],
			"to": [12, 30.5, 2],
			"rotation": {"angle": 0, "axis": "y", "origin": [0, 28, 0]},
			"faces": {
				"north": {"uv": [0, 0, 7.9, 1.5], "texture": "#0"},
				"east": {"uv": [0, 0, 2, 1.5], "texture": "#0"},
				"south": {"uv": [0, 0, 7.9, 1.5], "texture": "#0"},
				"west": {"uv": [0, 0, 2, 1.5], "texture": "#0"},
				"up": {"uv": [0, 0, 7.9, 2], "texture": "#0"},
				"down": {"uv": [0, 0, 7.9, 2], "texture": "#0"}
			}
		},
		{
			"from": [2.1, 28, 0],
			"to": [4.1, 29, 2],
			"rotation": {"angle": 0, "axis": "y", "origin": [-0.9, 28, 0]},
			"faces": {
				"north": {"uv": [0, 0, 2, 1], "texture": "#0"},
				"east": {"uv": [0, 0, 2, 1], "texture": "#0"},
				"south": {"uv": [0, 0, 2, 1], "texture": "#0"},
				"west": {"uv": [0, 0, 2, 1], "texture": "#0"},
				"up": {"uv": [0, 0, 2, 2], "texture": "#0"},
				"down": {"uv": [0, 0, 2, 2], "texture": "#0"}
			}
		},
		{
			"from": [1.1, 27, 0],
			"to": [2.1, 28, 2],
			"rotation": {"angle": 0, "axis": "y", "origin": [-2.9, 27, 0]},
			"faces": {
				"north": {"uv": [0, 0, 1, 1], "texture": "#0"},
				"east": {"uv": [0, 0, 2, 1], "texture": "#0"},
				"south": {"uv": [0, 0, 1, 1], "texture": "#0"},
				"west": {"uv": [0, 0, 2, 1], "texture": "#0"},
				"up": {"uv": [0, 0, 1, 2], "texture": "#0"},
				"down": {"uv": [0, 0, 1, 2], "texture": "#0"}
			}
		},
		{
			"from": [0.1, 25, 0],
			"to": [1.1, 27, 2],
			"rotation": {"angle": 0, "axis": "y", "origin": [-3.9, 26, 0]},
			"faces": {
				"north": {"uv": [0, 0, 1, 2], "texture": "#0"},
				"east": {"uv": [0, 0, 2, 2], "texture": "#0"},
				"south": {"uv": [0, 0, 1, 2], "texture": "#0"},
				"west": {"uv": [0, 0, 2, 2], "texture": "#0"},
				"up": {"uv": [0, 0, 1, 2], "texture": "#0"},
				"down": {"uv": [0, 0, 1, 2], "texture": "#0"}
			}
		},
		{
			"from": [15, 25, 0],
			"to": [16, 27, 2],
			"rotation": {"angle": 0, "axis": "y", "origin": [11, 26, 0]},
			"faces": {
				"north": {"uv": [0, 0, 1, 2], "texture": "#0"},
				"east": {"uv": [0, 0, 2, 2], "texture": "#0"},
				"south": {"uv": [0, 0, 1, 2], "texture": "#0"},
				"west": {"uv": [0, 0, 2, 2], "texture": "#0"},
				"up": {"uv": [0, 0, 1, 2], "texture": "#0"},
				"down": {"uv": [0, 0, 1, 2], "texture": "#0"}
			}
		},
		{
			"from": [12, 28, 0],
			"to": [14, 29, 2],
			"rotation": {"angle": 0, "axis": "y", "origin": [9, 28, 0]},
			"faces": {
				"north": {"uv": [0, 0, 2, 1], "texture": "#0"},
				"east": {"uv": [0, 0, 2, 1], "texture": "#0"},
				"south": {"uv": [0, 0, 2, 1], "texture": "#0"},
				"west": {"uv": [0, 0, 2, 1], "texture": "#0"},
				"up": {"uv": [0, 0, 2, 2], "texture": "#0"},
				"down": {"uv": [0, 0, 2, 2], "texture": "#0"}
			}
		},
		{
			"from": [14, 27, 0],
			"to": [15, 28, 2],
			"rotation": {"angle": 0, "axis": "y", "origin": [10, 27, 0]},
			"faces": {
				"north": {"uv": [0, 0, 1, 1], "texture": "#0"},
				"east": {"uv": [0, 0, 2, 1], "texture": "#0"},
				"south": {"uv": [0, 0, 1, 1], "texture": "#0"},
				"west": {"uv": [0, 0, 2, 1], "texture": "#0"},
				"up": {"uv": [0, 0, 1, 2], "texture": "#0"},
				"down": {"uv": [0, 0, 1, 2], "texture": "#0"}
			}
		},
		{
			"from": [7.3, 2, 0],
			"to": [8.8, 29, 2],
			"rotation": {"angle": 0, "axis": "y", "origin": [0, 28, 0]},
			"faces": {
				"north": {"uv": [0, 0, 1.5, 16], "texture": "#0"},
				"east": {"uv": [0, 0, 2, 16], "texture": "#0"},
				"south": {"uv": [0, 0, 1.5, 16], "texture": "#0"},
				"west": {"uv": [0, 0, 2, 16], "texture": "#0"},
				"up": {"uv": [0, 0, 1.5, 2], "texture": "#0"},
				"down": {"uv": [0, 0, 1.5, 2], "texture": "#0"}
			}
		},
		{
			"from": [14.5, 25, 0],
			"to": [15, 27, 2],
			"rotation": {"angle": 0, "axis": "y", "origin": [10.5, 23, 0]},
			"faces": {
				"north": {"uv": [0, 0, 0.5, 2], "texture": "#0"},
				"east": {"uv": [0, 0, 2, 2], "texture": "#0"},
				"south": {"uv": [0, 0, 0.5, 2], "texture": "#0"},
				"west": {"uv": [0, 0, 2, 2], "texture": "#0"},
				"up": {"uv": [0, 0, 0.5, 2], "texture": "#0"},
				"down": {"uv": [0, 0, 0.5, 2], "texture": "#0"}
			}
		},
		{
			"from": [13.5, 25.5, 0],
			"to": [14.5, 27, 2],
			"rotation": {"angle": 0, "axis": "y", "origin": [10.5, 23.5, 0]},
			"faces": {
				"north": {"uv": [0, 0, 1, 1.5], "texture": "#0"},
				"east": {"uv": [0, 0, 2, 1.5], "texture": "#0"},
				"south": {"uv": [0, 0, 1, 1.5], "texture": "#0"},
				"west": {"uv": [0, 0, 2, 1.5], "texture": "#0"},
				"up": {"uv": [0, 0, 1, 2], "texture": "#0"},
				"down": {"uv": [0, 0, 1, 2], "texture": "#0"}
			}
		},
		{
			"from": [10.3, 26, 0],
			"to": [13.5, 28, 2],
			"rotation": {"angle": 0, "axis": "y", "origin": [9.5, 24, 0]},
			"faces": {
				"north": {"uv": [0, 0, 3.2, 2], "texture": "#0"},
				"east": {"uv": [0, 0, 2, 2], "texture": "#0"},
				"south": {"uv": [0, 0, 3.2, 2], "texture": "#0"},
				"west": {"uv": [0, 0, 2, 2], "texture": "#0"},
				"up": {"uv": [0, 0, 3.2, 2], "texture": "#0"},
				"down": {"uv": [0, 0, 3.2, 2], "texture": "#0"}
			}
		},
		{
			"from": [8.8, 25, 0],
			"to": [9.3, 29, 2],
			"rotation": {"angle": 0, "axis": "y", "origin": [4.8, 23, 0]},
			"faces": {
				"north": {"uv": [0, 0, 0.5, 4], "texture": "#0"},
				"east": {"uv": [0, 0, 2, 4], "texture": "#0"},
				"south": {"uv": [0, 0, 0.5, 4], "texture": "#0"},
				"west": {"uv": [0, 0, 2, 4], "texture": "#0"},
				"up": {"uv": [0, 0, 0.5, 2], "texture": "#0"},
				"down": {"uv": [0, 0, 0.5, 2], "texture": "#0"}
			}
		},
		{
			"from": [9.3, 25.5, 0],
			"to": [10.3, 29, 2],
			"rotation": {"angle": 0, "axis": "y", "origin": [6.3, 23.5, 0]},
			"faces": {
				"north": {"uv": [0, 0, 1, 3.5], "texture": "#0"},
				"east": {"uv": [0, 0, 2, 3.5], "texture": "#0"},
				"south": {"uv": [0, 0, 1, 3.5], "texture": "#0"},
				"west": {"uv": [0, 0, 2, 3.5], "texture": "#0"},
				"up": {"uv": [0, 0, 1, 2], "texture": "#0"},
				"down": {"uv": [0, 0, 1, 2], "texture": "#0"}
			}
		},
		{
			"from": [10.3, 28, 0],
			"to": [12, 29, 2],
			"rotation": {"angle": 0, "axis": "y", "origin": [9.5, 24, 0]},
			"faces": {
				"north": {"uv": [0, 0, 1.7, 1], "texture": "#0"},
				"east": {"uv": [0, 0, 2, 1], "texture": "#0"},
				"south": {"uv": [0, 0, 1.7, 1], "texture": "#0"},
				"west": {"uv": [0, 0, 2, 1], "texture": "#0"},
				"up": {"uv": [0, 0, 1.7, 2], "texture": "#0"},
				"down": {"uv": [0, 0, 1.7, 2], "texture": "#0"}
			}
		},
		{
			"from": [13.5, 27, 0],
			"to": [14, 28, 2],
			"rotation": {"angle": 0, "axis": "y", "origin": [10.5, 23.5, 0]},
			"faces": {
				"north": {"uv": [0, 0, 0.5, 1], "texture": "#0"},
				"east": {"uv": [0, 0, 2, 1], "texture": "#0"},
				"south": {"uv": [0, 0, 0.5, 1], "texture": "#0"},
				"west": {"uv": [0, 0, 2, 1], "texture": "#0"},
				"up": {"uv": [0, 0, 0.5, 2], "texture": "#0"},
				"down": {"uv": [0, 0, 0.5, 2], "texture": "#0"}
			}
		},
		{
			"from": [6.8, 25, 0],
			"to": [7.3, 29, 2],
			"rotation": {"angle": 0, "axis": "y", "origin": [2.8, 23, 0]},
			"faces": {
				"north": {"uv": [0, 0, 0.5, 4], "texture": "#0"},
				"east": {"uv": [0, 0, 2, 4], "texture": "#0"},
				"south": {"uv": [0, 0, 0.5, 4], "texture": "#0"},
				"west": {"uv": [0, 0, 2, 4], "texture": "#0"},
				"up": {"uv": [0, 0, 0.5, 2], "texture": "#0"},
				"down": {"uv": [0, 0, 0.5, 2], "texture": "#0"}
			}
		},
		{
			"from": [5.8, 25.5, 0],
			"to": [6.8, 29, 2],
			"rotation": {"angle": 0, "axis": "y", "origin": [2.8, 23.5, 0]},
			"faces": {
				"north": {"uv": [0, 0, 1, 3.5], "texture": "#0"},
				"east": {"uv": [0, 0, 2, 3.5], "texture": "#0"},
				"south": {"uv": [0, 0, 1, 3.5], "texture": "#0"},
				"west": {"uv": [0, 0, 2, 3.5], "texture": "#0"},
				"up": {"uv": [0, 0, 1, 2], "texture": "#0"},
				"down": {"uv": [0, 0, 1, 2], "texture": "#0"}
			}
		},
		{
			"from": [2.6, 26, 0],
			"to": [5.8, 28, 2],
			"rotation": {"angle": 0, "axis": "y", "origin": [1.8, 24, 0]},
			"faces": {
				"north": {"uv": [0, 0, 3.2, 2], "texture": "#0"},
				"east": {"uv": [0, 0, 2, 2], "texture": "#0"},
				"south": {"uv": [0, 0, 3.2, 2], "texture": "#0"},
				"west": {"uv": [0, 0, 2, 2], "texture": "#0"},
				"up": {"uv": [0, 0, 3.2, 2], "texture": "#0"},
				"down": {"uv": [0, 0, 3.2, 2], "texture": "#0"}
			}
		},
		{
			"from": [1.6, 25.5, 0],
			"to": [2.6, 27, 2],
			"rotation": {"angle": 0, "axis": "y", "origin": [-1.4, 23.5, 0]},
			"faces": {
				"north": {"uv": [0, 0, 1, 1.5], "texture": "#0"},
				"east": {"uv": [0, 0, 2, 1.5], "texture": "#0"},
				"south": {"uv": [0, 0, 1, 1.5], "texture": "#0"},
				"west": {"uv": [0, 0, 2, 1.5], "texture": "#0"},
				"up": {"uv": [0, 0, 1, 2], "texture": "#0"},
				"down": {"uv": [0, 0, 1, 2], "texture": "#0"}
			}
		},
		{
			"from": [1.1, 25, 0],
			"to": [1.6, 27, 2],
			"rotation": {"angle": 0, "axis": "y", "origin": [-2.9, 23, 0]},
			"faces": {
				"north": {"uv": [0, 0, 0.5, 2], "texture": "#0"},
				"east": {"uv": [0, 0, 2, 2], "texture": "#0"},
				"south": {"uv": [0, 0, 0.5, 2], "texture": "#0"},
				"west": {"uv": [0, 0, 2, 2], "texture": "#0"},
				"up": {"uv": [0, 0, 0.5, 2], "texture": "#0"},
				"down": {"uv": [0, 0, 0.5, 2], "texture": "#0"}
			}
		},
		{
			"from": [4.1, 28, 0],
			"to": [5.8, 29, 2],
			"rotation": {"angle": 0, "axis": "y", "origin": [3.3, 24, 0]},
			"faces": {
				"north": {"uv": [0, 0, 1.7, 1], "texture": "#0"},
				"east": {"uv": [0, 0, 2, 1], "texture": "#0"},
				"south": {"uv": [0, 0, 1.7, 1], "texture": "#0"},
				"west": {"uv": [0, 0, 2, 1], "texture": "#0"},
				"up": {"uv": [0, 0, 1.7, 2], "texture": "#0"},
				"down": {"uv": [0, 0, 1.7, 2], "texture": "#0"}
			}
		},
		{
			"from": [2.1, 27, 0],
			"to": [2.6, 28, 2],
			"rotation": {"angle": 0, "axis": "y", "origin": [-0.9, 23.5, 0]},
			"faces": {
				"north": {"uv": [0, 0, 0.5, 1], "texture": "#0"},
				"east": {"uv": [0, 0, 2, 1], "texture": "#0"},
				"south": {"uv": [0, 0, 0.5, 1], "texture": "#0"},
				"west": {"uv": [0, 0, 2, 1], "texture": "#0"},
				"up": {"uv": [0, 0, 0.5, 2], "texture": "#0"},
				"down": {"uv": [0, 0, 0.5, 2], "texture": "#0"}
			}
		},
		{
			"from": [1.1, 15, 0],
			"to": [15, 16, 2],
			"rotation": {"angle": 0, "axis": "y", "origin": [0, 28, 0]},
			"faces": {
				"north": {"uv": [0, 0, 13.9, 1], "texture": "#0"},
				"east": {"uv": [0, 0, 2, 1], "texture": "#0"},
				"south": {"uv": [0, 0, 13.9, 1], "texture": "#0"},
				"west": {"uv": [0, 0, 2, 1], "texture": "#0"},
				"up": {"uv": [0, 0, 13.9, 2], "texture": "#0"},
				"down": {"uv": [0, 0, 13.9, 2], "texture": "#0"}
			}
		},
		{
			"from": [1.1, 2, 1],
			"to": [7.3, 15, 2],
			"faces": {
				"north": {"uv": [0, 0, 6.2, 13], "texture": "#1"},
				"east": {"uv": [0, 0, 1, 13], "texture": "#1"},
				"south": {"uv": [0, 0, 6.2, 13], "texture": "#1"},
				"west": {"uv": [0, 0, 1, 13], "texture": "#1"},
				"up": {"uv": [0, 0, 6.2, 1], "texture": "#1"},
				"down": {"uv": [0, 0, 6.2, 1], "texture": "#1"}
			}
		},
		{
			"from": [8.8, 2, 1],
			"to": [15, 15, 2],
			"rotation": {"angle": 0, "axis": "y", "origin": [7.7, 0, 0]},
			"faces": {
				"north": {"uv": [0, 0, 6.2, 13], "texture": "#1"},
				"east": {"uv": [0, 0, 1, 13], "texture": "#1"},
				"south": {"uv": [0, 0, 6.2, 13], "texture": "#1"},
				"west": {"uv": [0, 0, 1, 13], "texture": "#1"},
				"up": {"uv": [0, 0, 6.2, 1], "texture": "#1"},
				"down": {"uv": [0, 0, 6.2, 1], "texture": "#1"}
			}
		},
		{
			"from": [8.8, 16, 1],
			"to": [15, 25, 2],
			"rotation": {"angle": 0, "axis": "y", "origin": [7.7, 10, 0]},
			"faces": {
				"north": {"uv": [0, 0, 6.2, 9], "texture": "#1"},
				"east": {"uv": [0, 0, 1, 9], "texture": "#1"},
				"south": {"uv": [0, 0, 6.2, 9], "texture": "#1"},
				"west": {"uv": [0, 0, 1, 9], "texture": "#1"},
				"up": {"uv": [0, 0, 6.2, 1], "texture": "#1"},
				"down": {"uv": [0, 0, 6.2, 1], "texture": "#1"}
			}
		},
		{
			"from": [1.1, 16, 1],
			"to": [7.3, 25, 2],
			"rotation": {"angle": 0, "axis": "y", "origin": [0, 10, 0]},
			"faces": {
				"north": {"uv": [0, 0, 6.2, 9], "texture": "#1"},
				"east": {"uv": [0, 0, 1, 9], "texture": "#1"},
				"south": {"uv": [0, 0, 6.2, 9], "texture": "#1"},
				"west": {"uv": [0, 0, 1, 9], "texture": "#1"},
				"up": {"uv": [0, 0, 6.2, 1], "texture": "#1"},
				"down": {"uv": [0, 0, 6.2, 1], "texture": "#1"}
			}
		},
		{
			"from": [9.3, 25, 1],
			"to": [14.5, 25.5, 2],
			"rotation": {"angle": 0, "axis": "y", "origin": [7.7, 10, 0]},
			"faces": {
				"north": {"uv": [0, 0, 5.2, 0.5], "texture": "#1"},
				"east": {"uv": [0, 0, 1, 0.5], "texture": "#1"},
				"south": {"uv": [0, 0, 5.2, 0.5], "texture": "#1"},
				"west": {"uv": [0, 0, 1, 0.5], "texture": "#1"},
				"up": {"uv": [0, 0, 5.2, 1], "texture": "#1"},
				"down": {"uv": [0, 0, 5.2, 1], "texture": "#1"}
			}
		},
		{
			"from": [10.2, 25.5, 1],
			"to": [13.5, 26, 2],
			"rotation": {"angle": 0, "axis": "y", "origin": [7.7, 10.5, 0]},
			"faces": {
				"north": {"uv": [0, 0, 3.3, 0.5], "texture": "#1"},
				"east": {"uv": [0, 0, 1, 0.5], "texture": "#1"},
				"south": {"uv": [0, 0, 3.3, 0.5], "texture": "#1"},
				"west": {"uv": [0, 0, 1, 0.5], "texture": "#1"},
				"up": {"uv": [0, 0, 3.3, 1], "texture": "#1"},
				"down": {"uv": [0, 0, 3.3, 1], "texture": "#1"}
			}
		},
		{
			"from": [2.5, 25.5, 1],
			"to": [5.8, 26, 2],
			"rotation": {"angle": 0, "axis": "y", "origin": [0, 10.5, 0]},
			"faces": {
				"north": {"uv": [0, 0, 3.3, 0.5], "texture": "#1"},
				"east": {"uv": [0, 0, 1, 0.5], "texture": "#1"},
				"south": {"uv": [0, 0, 3.3, 0.5], "texture": "#1"},
				"west": {"uv": [0, 0, 1, 0.5], "texture": "#1"},
				"up": {"uv": [0, 0, 3.3, 1], "texture": "#1"},
				"down": {"uv": [0, 0, 3.3, 1], "texture": "#1"}
			}
		},
		{
			"from": [1.6, 25, 1],
			"to": [6.8, 25.5, 2],
			"rotation": {"angle": 0, "axis": "y", "origin": [0, 10, 0]},
			"faces": {
				"north": {"uv": [0, 0, 5.2, 0.5], "texture": "#1"},
				"east": {"uv": [0, 0, 1, 0.5], "texture": "#1"},
				"south": {"uv": [0, 0, 5.2, 0.5], "texture": "#1"},
				"west": {"uv": [0, 0, 1, 0.5], "texture": "#1"},
				"up": {"uv": [0, 0, 5.2, 1], "texture": "#1"},
				"down": {"uv": [0, 0, 5.2, 1], "texture": "#1"}
			}
		}
	],
	"display": {
		"thirdperson_righthand": {
			"translation": [0, 0, 5.25]
		},
		"head": {
			"translation": [0, -33.5, 19.25],
			"scale": [1.5, 1.5, 1.5]
		}
	}
}