{
	"credit": "Made with Blockbench",
	"textures": {
		"0": "item/oak_planksredbande",
		"1": "item/jungle_planks",
		"4": "item/spruce_planks",
		"5": "item/grisvitre",
		"particle": "item/oak_planksredbande"
	},
	"elements": [
		{
			"from": [15, 0, 0.8],
			"to": [17, 32, 2],
			"rotation": {"angle": 0, "axis": "y", "origin": [15, 30, 0]},
			"faces": {
				"north": {"uv": [0, 0, 5, 16], "texture": "#0"},
				"east": {"uv": [0, 0, 0.2, 16], "texture": "#0"},
				"south": {"uv": [5, 0, 7, 16], "texture": "#0"},
				"west": {"uv": [12, 0, 13.2, 16], "texture": "#0"},
				"up": {"uv": [0, 0, 2, 1.2], "texture": "#0"},
				"down": {"uv": [0, 0, 2, 1.2], "texture": "#0"}
			}
		},
		{
			"from": [0, 0, 0.8],
			"to": [2, 32, 2],
			"rotation": {"angle": 0, "axis": "y", "origin": [0, 30, 0]},
			"faces": {
				"north": {"uv": [0, 0, 5, 16], "texture": "#0"},
				"east": {"uv": [14, 0, 15.2, 16], "texture": "#0"},
				"south": {"uv": [5, 0, 7, 16], "texture": "#0"},
				"west": {"uv": [14.8, 0, 16, 16], "texture": "#0"},
				"up": {"uv": [0, 0, 2, 1.2], "texture": "#0"},
				"down": {"uv": [0, 0, 2, 1.2], "texture": "#0"}
			}
		},
		{
			"from": [0, 30, -0.3],
			"to": [2, 32, 0],
			"rotation": {"angle": 0, "axis": "y", "origin": [0, 30, -0.3]},
			"faces": {
				"north": {"uv": [0, 0, 2, 2], "texture": "#1"},
				"east": {"uv": [0, 0, 0.3, 2], "texture": "#1"},
				"south": {"uv": [0, 0, 2, 2], "texture": "#1"},
				"west": {"uv": [0, 0, 0.3, 2], "texture": "#1"},
				"up": {"uv": [0, 0, 2, 0.3], "texture": "#1"},
				"down": {"uv": [0, 0, 2, 0.3], "texture": "#1"}
			}
		},
		{
			"from": [0.4, 30.4, -0.5],
			"to": [1.6, 31.6, -0.3],
			"rotation": {"angle": 0, "axis": "y", "origin": [0, 30, -0.3]},
			"faces": {
				"north": {"uv": [0, 0, 1.2, 1.2], "texture": "#1"},
				"east": {"uv": [0, 0, 0.2, 1.2], "texture": "#1"},
				"south": {"uv": [0, 0, 1.2, 1.2], "texture": "#1"},
				"west": {"uv": [0, 0, 0.2, 1.2], "texture": "#1"},
				"up": {"uv": [0, 0, 1.2, 0.2], "texture": "#1"},
				"down": {"uv": [0, 0, 1.2, 0.2], "texture": "#1"}
			}
		},
		{
			"from": [15.4, 30.4, -0.5],
			"to": [16.6, 31.6, -0.3],
			"rotation": {"angle": 0, "axis": "y", "origin": [15, 30, -0.3]},
			"faces": {
				"north": {"uv": [0, 0, 1.2, 1.2], "texture": "#1"},
				"east": {"uv": [0, 0, 0.2, 1.2], "texture": "#1"},
				"south": {"uv": [0, 0, 1.2, 1.2], "texture": "#1"},
				"west": {"uv": [0, 0, 0.2, 1.2], "texture": "#1"},
				"up": {"uv": [0, 0, 1.2, 0.2], "texture": "#1"},
				"down": {"uv": [0, 0, 1.2, 0.2], "texture": "#1"}
			}
		},
		{
			"from": [15, 30, -0.3],
			"to": [17, 32, 0],
			"rotation": {"angle": 0, "axis": "y", "origin": [15, 30, -0.3]},
			"faces": {
				"north": {"uv": [0, 0, 2, 2], "texture": "#1"},
				"east": {"uv": [0, 0, 0.3, 2], "texture": "#1"},
				"south": {"uv": [0, 0, 2, 2], "texture": "#1"},
				"west": {"uv": [0, 0, 0.3, 2], "texture": "#1"},
				"up": {"uv": [0, 0, 2, 0.3], "texture": "#1"},
				"down": {"uv": [0, 0, 2, 0.3], "texture": "#1"}
			}
		},
		{
			"from": [0, 1.1, -0.6],
			"to": [2, 4.1, 0.4],
			"rotation": {"angle": 45, "axis": "x", "origin": [0, 2.1, -0.6]},
			"faces": {
				"north": {"uv": [0, 0, 2, 3], "texture": "#0"},
				"east": {"uv": [0, 0, 1, 3], "texture": "#0"},
				"south": {"uv": [0, 0, 2, 3], "texture": "#0"},
				"west": {"uv": [0, 0, 1, 3], "texture": "#0"},
				"up": {"uv": [0, 0, 2, 1], "texture": "#0"},
				"down": {"uv": [0, 0, 2, 1], "texture": "#0"}
			}
		},
		{
			"from": [0, 0, 0],
			"to": [17, 2, 0.8],
			"rotation": {"angle": 0, "axis": "y", "origin": [0, 0, -0.2]},
			"faces": {
				"north": {"uv": [0, 0, 16, 2], "texture": "#0"},
				"east": {"uv": [0, 0, 0.8, 2], "texture": "#0"},
				"south": {"uv": [0, 0, 16, 2], "texture": "#0"},
				"west": {"uv": [0, 0, 0.8, 2], "texture": "#0"},
				"up": {"uv": [0, 0, 16, 0.8], "texture": "#0"},
				"down": {"uv": [0, 0, 16, 0.8], "texture": "#0"}
			}
		},
		{
			"from": [0, 0, -1.3],
			"to": [2, 1.4, 0],
			"rotation": {"angle": 0, "axis": "y", "origin": [0, 0, -0.2]},
			"faces": {
				"north": {"uv": [0, 0, 2, 1.4], "texture": "#0"},
				"east": {"uv": [0, 0, 1.3, 1.4], "texture": "#0"},
				"south": {"uv": [0, 0, 2, 1.4], "texture": "#0"},
				"west": {"uv": [0, 0, 1.3, 1.4], "texture": "#0"},
				"up": {"uv": [0, 0, 2, 1.3], "texture": "#0"},
				"down": {"uv": [0, 0, 2, 1.3], "texture": "#0"}
			}
		},
		{
			"from": [15, 1.1, -0.6],
			"to": [17, 4.1, 0.4],
			"rotation": {"angle": 45, "axis": "x", "origin": [15, 2.1, -0.6]},
			"faces": {
				"north": {"uv": [0, 0, 2, 3], "texture": "#0"},
				"east": {"uv": [0, 0, 1, 3], "texture": "#0"},
				"south": {"uv": [0, 0, 2, 3], "texture": "#0"},
				"west": {"uv": [0, 0, 1, 3], "texture": "#0"},
				"up": {"uv": [0, 0, 2, 1], "texture": "#0"},
				"down": {"uv": [0, 0, 2, 1], "texture": "#0"}
			}
		},
		{
			"from": [15, 0, -1.3],
			"to": [17, 1.4, 0],
			"rotation": {"angle": 0, "axis": "y", "origin": [15, 0, -0.2]},
			"faces": {
				"north": {"uv": [0, 0, 2, 1.4], "texture": "#0"},
				"east": {"uv": [0, 0, 1.3, 1.4], "texture": "#0"},
				"south": {"uv": [0, 0, 2, 1.4], "texture": "#0"},
				"west": {"uv": [0, 0, 1.3, 1.4], "texture": "#0"},
				"up": {"uv": [0, 0, 2, 1.3], "texture": "#0"},
				"down": {"uv": [0, 0, 2, 1.3], "texture": "#0"}
			}
		},
		{
			"from": [15.2, 0.2, -1.4],
			"to": [16.8, 1.2, -1.2],
			"rotation": {"angle": 0, "axis": "y", "origin": [15, 0, -2.2]},
			"faces": {
				"north": {"uv": [0, 0, 1.6, 1], "texture": "#1"},
				"east": {"uv": [0, 0, 0.2, 1], "texture": "#1"},
				"south": {"uv": [0, 0, 1.6, 1], "texture": "#1"},
				"west": {"uv": [0, 0, 0.2, 1], "texture": "#1"},
				"up": {"uv": [0, 0, 1.6, 0.2], "texture": "#1"},
				"down": {"uv": [0, 0, 1.6, 0.2], "texture": "#1"}
			}
		},
		{
			"from": [15.4, 0.4, -1.5],
			"to": [16.6, 1, -1.4],
			"rotation": {"angle": 0, "axis": "y", "origin": [15, 0, -2.2]},
			"faces": {
				"north": {"uv": [0, 0, 1.2, 0.6], "texture": "#1"},
				"east": {"uv": [0, 0, 0.1, 0.6], "texture": "#1"},
				"south": {"uv": [0, 0, 1.2, 0.6], "texture": "#1"},
				"west": {"uv": [0, 0, 0.1, 0.6], "texture": "#1"},
				"up": {"uv": [0, 0, 1.2, 0.1], "texture": "#1"},
				"down": {"uv": [0, 0, 1.2, 0.1], "texture": "#1"}
			}
		},
		{
			"from": [0.4, 0.4, -1.5],
			"to": [1.6, 1, -1.4],
			"rotation": {"angle": 0, "axis": "y", "origin": [0, 0, -2.2]},
			"faces": {
				"north": {"uv": [0, 0, 1.2, 0.6], "texture": "#1"},
				"east": {"uv": [0, 0, 0.1, 0.6], "texture": "#1"},
				"south": {"uv": [0, 0, 1.2, 0.6], "texture": "#1"},
				"west": {"uv": [0, 0, 0.1, 0.6], "texture": "#1"},
				"up": {"uv": [0, 0, 1.2, 0.1], "texture": "#1"},
				"down": {"uv": [0, 0, 1.2, 0.1], "texture": "#1"}
			}
		},
		{
			"from": [0.2, 0.2, -1.4],
			"to": [1.8, 1.2, -1.2],
			"rotation": {"angle": 0, "axis": "y", "origin": [0, 0, -2.2]},
			"faces": {
				"north": {"uv": [0, 0, 1.6, 1], "texture": "#1"},
				"east": {"uv": [0, 0, 0.2, 1], "texture": "#1"},
				"south": {"uv": [0, 0, 1.6, 1], "texture": "#1"},
				"west": {"uv": [0, 0, 0.2, 1], "texture": "#1"},
				"up": {"uv": [0, 0, 1.6, 0.2], "texture": "#1"},
				"down": {"uv": [0, 0, 1.6, 0.2], "texture": "#1"}
			}
		},
		{
			"from": [2, 30, 0],
			"to": [15, 32, 2],
			"rotation": {"angle": 0, "axis": "y", "origin": [0, 30, 0]},
			"faces": {
				"north": {"uv": [4, 14, 16, 16], "texture": "#0"},
				"east": {"uv": [0, 0, 2, 2], "texture": "#0"},
				"south": {"uv": [0, 0, 13, 2], "texture": "#0"},
				"west": {"uv": [0, 0, 2, 2], "texture": "#0"},
				"up": {"uv": [0, 0, 13, 2], "texture": "#0"},
				"down": {"uv": [0, 0, 13, 2], "texture": "#0"}
			}
		},
		{
			"from": [15, 26, 0],
			"to": [17, 28, 0.8],
			"rotation": {"angle": -22.5, "axis": "x", "origin": [15, 28, 0]},
			"faces": {
				"north": {"uv": [0, 5, 5, 7], "texture": "#0"},
				"east": {"uv": [0, 0, 0.8, 2], "texture": "#0"},
				"south": {"uv": [0, 0, 2, 2], "texture": "#0"},
				"west": {"uv": [0, 0, 0.8, 2], "texture": "#0"},
				"up": {"uv": [0, 0, 2, 0.8], "texture": "#0"},
				"down": {"uv": [0, 0, 2, 0.8], "texture": "#0"}
			}
		},
		{
			"from": [15, 28, 0],
			"to": [17, 32, 0.8],
			"rotation": {"angle": 0, "axis": "y", "origin": [15, 30, 0]},
			"faces": {
				"north": {"uv": [0, 5, 5, 9], "texture": "#0"},
				"east": {"uv": [0, 0, 0.8, 4], "texture": "#0"},
				"south": {"uv": [0, 0, 2, 4], "texture": "#0"},
				"west": {"uv": [0, 0, 0.8, 4], "texture": "#0"},
				"up": {"uv": [0, 0, 2, 0.8], "texture": "#0"},
				"down": {"uv": [0, 0, 2, 0.8], "texture": "#0"}
			}
		},
		{
			"from": [0, 26, 0],
			"to": [2, 28, 0.8],
			"rotation": {"angle": -22.5, "axis": "x", "origin": [0, 28, 0]},
			"faces": {
				"north": {"uv": [0, 4, 5, 6], "texture": "#0"},
				"east": {"uv": [0, 0, 0.8, 2], "texture": "#0"},
				"south": {"uv": [0, 0, 2, 2], "texture": "#0"},
				"west": {"uv": [0, 0, 0.8, 2], "texture": "#0"},
				"up": {"uv": [0, 0, 2, 0.8], "texture": "#0"},
				"down": {"uv": [0, 0, 2, 0.8], "texture": "#0"}
			}
		},
		{
			"from": [0, 28, 0],
			"to": [2, 32, 0.8],
			"rotation": {"angle": 0, "axis": "y", "origin": [0, 30, 0]},
			"faces": {
				"north": {"uv": [0, 4, 5, 8], "texture": "#0"},
				"east": {"uv": [0, 0, 0.8, 4], "texture": "#0"},
				"south": {"uv": [0, 0, 2, 4], "texture": "#0"},
				"west": {"uv": [0, 0, 0.8, 4], "texture": "#0"},
				"up": {"uv": [0, 0, 2, 0.8], "texture": "#0"},
				"down": {"uv": [0, 0, 2, 0.8], "texture": "#0"}
			}
		},
		{
			"from": [2, 14, 0.8],
			"to": [15, 16, 1.8],
			"rotation": {"angle": 0, "axis": "y", "origin": [13, 14, -0.2]},
			"faces": {
				"north": {"uv": [0, 0, 13, 2], "texture": "#4"},
				"east": {"uv": [0, 0, 1, 2], "texture": "#4"},
				"south": {"uv": [0, 0, 13, 2], "texture": "#4"},
				"west": {"uv": [0, 0, 1, 2], "texture": "#4"},
				"up": {"uv": [0, 0, 13, 1], "texture": "#4"},
				"down": {"uv": [0, 0, 13, 1], "texture": "#4"}
			}
		},
		{
			"from": [2, 2, 1.5],
			"to": [15, 14, 1.5],
			"rotation": {"angle": 0, "axis": "y", "origin": [0, 0, -0.5]},
			"faces": {
				"north": {"uv": [0, 0, 13, 12], "texture": "#5"},
				"east": {"uv": [0, 0, 0, 12], "texture": "#5"},
				"south": {"uv": [0, 0, 13, 12], "texture": "#5"},
				"west": {"uv": [0, 0, 0, 12], "texture": "#5"},
				"up": {"uv": [0, 0, 13, 0], "texture": "#5"},
				"down": {"uv": [0, 0, 13, 0], "texture": "#5"}
			}
		},
		{
			"from": [2, 0, 1],
			"to": [15, 2, 2],
			"faces": {
				"north": {"uv": [0, 0, 13, 2], "texture": "#0"},
				"east": {"uv": [0, 0, 1, 2], "texture": "#0"},
				"south": {"uv": [0, 0, 13, 2], "texture": "#0"},
				"west": {"uv": [0, 0, 1, 2], "texture": "#0"},
				"up": {"uv": [0, 0, 13, 1], "texture": "#0"},
				"down": {"uv": [0, 0, 13, 1], "texture": "#0"}
			}
		},
		{
			"from": [2, 16, 0.8],
			"to": [15, 30.5, 0.8],
			"rotation": {"angle": 0, "axis": "y", "origin": [0, 14, -1.2]},
			"faces": {
				"north": {"uv": [0, 0, 13, 13.5], "texture": "#5"},
				"east": {"uv": [0, 0, 0, 13.5], "texture": "#5"},
				"south": {"uv": [0, 0, 13, 13.5], "texture": "#5"},
				"west": {"uv": [0, 0, 0, 13.5], "texture": "#5"},
				"up": {"uv": [0, 0, 13, 0], "texture": "#5"},
				"down": {"uv": [0, 0, 13, 0], "texture": "#5"}
			}
		}
	],
	"display": {
		"head": {
			"translation": [-7.75, 0, 25.5],
			"scale": [1.6, 1.6, 1.6]
		}
	}
}