{
	"credit": "Made with Blockbench",
	"textures": {
		"0": "item/blanc",
		"1": "item/grisclaire2",
		"2": "item/texture",
		"3": "item/grisvitre",
		"particle": "item/blanc"
	},
	"elements": [
		{
			"from": [0, 0, 0],
			"to": [16, 2, 2],
			"faces": {
				"north": {"uv": [0, 0, 16, 2], "texture": "#0"},
				"east": {"uv": [0, 0, 2, 2], "texture": "#0"},
				"south": {"uv": [0, 0, 16, 2], "texture": "#0"},
				"west": {"uv": [0, 0, 2, 2], "texture": "#0"},
				"up": {"uv": [0, 0, 16, 2], "texture": "#0"},
				"down": {"uv": [0, 0, 16, 2], "texture": "#0"}
			}
		},
		{
			"from": [14, 2, 0],
			"to": [16, 24, 2],
			"faces": {
				"north": {"uv": [0, 0, 2, 16], "texture": "#0"},
				"east": {"uv": [0, 0, 2, 16], "texture": "#0"},
				"south": {"uv": [0, 0, 2, 16], "texture": "#0"},
				"west": {"uv": [0, 0, 2, 16], "texture": "#0"},
				"up": {"uv": [0, 0, 2, 2], "texture": "#0"},
				"down": {"uv": [0, 0, 2, 2], "texture": "#0"}
			}
		},
		{
			"from": [0, 24, -0.9],
			"to": [16, 26, 2],
			"rotation": {"angle": 0, "axis": "y", "origin": [0, 24, 0]},
			"faces": {
				"north": {"uv": [0, 0, 16, 2], "texture": "#0"},
				"east": {"uv": [0, 0, 2.9, 2], "texture": "#0"},
				"south": {"uv": [0, 0, 16, 2], "texture": "#0"},
				"west": {"uv": [0, 0, 2.9, 2], "texture": "#0"},
				"up": {"uv": [0, 0, 16, 2.9], "texture": "#0"},
				"down": {"uv": [0, 0, 16, 2.9], "texture": "#0"}
			}
		},
		{
			"from": [0, 2, 0],
			"to": [2, 24, 2],
			"rotation": {"angle": 0, "axis": "y", "origin": [-14, 0, 0]},
			"faces": {
				"north": {"uv": [0, 0, 2, 16], "texture": "#0"},
				"east": {"uv": [0, 0, 2, 16], "texture": "#0"},
				"south": {"uv": [0, 0, 2, 16], "texture": "#0"},
				"west": {"uv": [0, 0, 2, 16], "texture": "#0"},
				"up": {"uv": [0, 0, 2, 2], "texture": "#0"},
				"down": {"uv": [0, 0, 2, 2], "texture": "#0"}
			}
		},
		{
			"from": [14, 19.1, -0.3],
			"to": [16, 24, 0],
			"faces": {
				"north": {"uv": [0, 0, 2, 4.9], "texture": "#1"},
				"east": {"uv": [0, 0, 0.3, 4.9], "texture": "#0"},
				"south": {"uv": [0, 0, 2, 4.9], "texture": "#0"},
				"west": {"uv": [0, 0, 0.3, 4.9], "texture": "#0"},
				"up": {"uv": [0, 0, 2, 0.3], "texture": "#0"},
				"down": {"uv": [0, 0, 2, 0.3], "texture": "#0"}
			}
		},
		{
			"from": [14, 19.4, -0.6],
			"to": [16, 24, -0.3],
			"rotation": {"angle": 0, "axis": "y", "origin": [0, 0.3, -0.3]},
			"faces": {
				"north": {"uv": [0, 0, 2, 4.6], "texture": "#1"},
				"east": {"uv": [0, 0, 0.3, 4.6], "texture": "#0"},
				"south": {"uv": [0, 0, 2, 4.6], "texture": "#0"},
				"west": {"uv": [0, 0, 0.3, 4.6], "texture": "#0"},
				"up": {"uv": [0, 0, 2, 0.3], "texture": "#0"},
				"down": {"uv": [0, 0, 2, 0.3], "texture": "#0"}
			}
		},
		{
			"from": [14, 19.7, -0.9],
			"to": [16, 24, -0.6],
			"rotation": {"angle": 0, "axis": "y", "origin": [0, 0.6, -0.6]},
			"faces": {
				"north": {"uv": [0, 0, 2, 4.3], "texture": "#0"},
				"east": {"uv": [0, 0, 0.3, 4.3], "texture": "#0"},
				"south": {"uv": [0, 0, 2, 4.3], "texture": "#0"},
				"west": {"uv": [0, 0, 0.3, 4.3], "texture": "#0"},
				"up": {"uv": [0, 0, 2, 0.3], "texture": "#0"},
				"down": {"uv": [0, 0, 2, 0.3], "texture": "#1"}
			}
		},
		{
			"from": [0, 19.7, -0.9],
			"to": [2, 24, -0.6],
			"rotation": {"angle": 0, "axis": "y", "origin": [-14, 0.6, -0.6]},
			"faces": {
				"north": {"uv": [0, 0, 2, 4.3], "texture": "#0"},
				"east": {"uv": [0, 0, 0.3, 4.3], "texture": "#0"},
				"south": {"uv": [0, 0, 2, 4.3], "texture": "#0"},
				"west": {"uv": [0, 0, 0.3, 4.3], "texture": "#0"},
				"up": {"uv": [0, 0, 2, 0.3], "texture": "#0"},
				"down": {"uv": [0, 0, 2, 0.3], "texture": "#1"}
			}
		},
		{
			"from": [0, 19.4, -0.6],
			"to": [2, 24, -0.3],
			"rotation": {"angle": 0, "axis": "y", "origin": [-14, 0.3, -0.3]},
			"faces": {
				"north": {"uv": [0, 0, 2, 4.6], "texture": "#1"},
				"east": {"uv": [0, 0, 0.3, 4.6], "texture": "#0"},
				"south": {"uv": [0, 0, 2, 4.6], "texture": "#0"},
				"west": {"uv": [0, 0, 0.3, 4.6], "texture": "#0"},
				"up": {"uv": [0, 0, 2, 0.3], "texture": "#0"},
				"down": {"uv": [0, 0, 2, 0.3], "texture": "#0"}
			}
		},
		{
			"from": [0, 19.1, -0.3],
			"to": [2, 24, 0],
			"rotation": {"angle": 0, "axis": "y", "origin": [-14, 0, 0]},
			"faces": {
				"north": {"uv": [0, 0, 2, 4.9], "texture": "#1"},
				"east": {"uv": [0, 0, 0.3, 4.9], "texture": "#0"},
				"south": {"uv": [0, 0, 2, 4.9], "texture": "#0"},
				"west": {"uv": [0, 0, 0.3, 4.9], "texture": "#0"},
				"up": {"uv": [0, 0, 2, 0.3], "texture": "#0"},
				"down": {"uv": [0, 0, 2, 0.3], "texture": "#0"}
			}
		},
		{
			"from": [0, 25, -1.4],
			"to": [16, 26, -0.9],
			"rotation": {"angle": 0, "axis": "y", "origin": [0, 24, 0]},
			"faces": {
				"north": {"uv": [0, 0, 16, 1], "texture": "#1"},
				"east": {"uv": [0, 0, 0.5, 1], "texture": "#1"},
				"south": {"uv": [0, 0, 16, 1], "texture": "#1"},
				"west": {"uv": [0, 0, 0.5, 1], "texture": "#1"},
				"up": {"uv": [0, 0, 16, 0.5], "texture": "#1"},
				"down": {"uv": [0, 0, 16, 0.5], "texture": "#1"}
			}
		},
		{
			"from": [15.9, 25, -1.4],
			"to": [16.5, 26, 2],
			"rotation": {"angle": 0, "axis": "y", "origin": [16.5, 24, 1]},
			"faces": {
				"north": {"uv": [0, 0, 0.6, 1], "texture": "#1"},
				"east": {"uv": [0, 0, 3.4, 1], "texture": "#1"},
				"south": {"uv": [0, 0, 0.6, 1], "texture": "#1"},
				"west": {"uv": [0, 0, 3.4, 1], "texture": "#1"},
				"up": {"uv": [0, 0, 0.6, 3.4], "texture": "#1"},
				"down": {"uv": [0, 0, 0.6, 3.4], "texture": "#1"}
			}
		},
		{
			"from": [-0.6, 25, -1.4],
			"to": [0, 26, 2],
			"rotation": {"angle": 0, "axis": "y", "origin": [0, 24, 1]},
			"faces": {
				"north": {"uv": [0, 0, 0.6, 1], "texture": "#1"},
				"east": {"uv": [0, 0, 3.4, 1], "texture": "#1"},
				"south": {"uv": [0, 0, 0.6, 1], "texture": "#1"},
				"west": {"uv": [0, 0, 3.4, 1], "texture": "#1"},
				"up": {"uv": [0, 0, 0.6, 3.4], "texture": "#1"},
				"down": {"uv": [0, 0, 0.6, 3.4], "texture": "#1"}
			}
		},
		{
			"from": [7.45256, 30, -0.9],
			"to": [16.95256, 32, 2],
			"rotation": {"angle": -22.5, "axis": "z", "origin": [0.95256, 30.27518, 0]},
			"faces": {
				"north": {"uv": [0, 0, 9.5, 2], "texture": "#0"},
				"east": {"uv": [0, 0, 2.9, 2], "texture": "#0"},
				"south": {"uv": [0, 0, 9.5, 2], "texture": "#0"},
				"west": {"uv": [0, 0, 2.9, 2], "texture": "#0"},
				"up": {"uv": [0, 0, 9.5, 2.9], "texture": "#0"},
				"down": {"uv": [0, 0, 9.5, 2.9], "texture": "#0"}
			}
		},
		{
			"from": [0.16537, 24.15224, -0.9],
			"to": [9.06537, 26.15224, 2],
			"rotation": {"angle": 22.5, "axis": "z", "origin": [0.16537, 24.15224, 0]},
			"faces": {
				"north": {"uv": [0, 0, 8.9, 2], "texture": "#0"},
				"east": {"uv": [0, 0, 2.9, 2], "texture": "#0"},
				"south": {"uv": [0, 0, 8.9, 2], "texture": "#0"},
				"west": {"uv": [0, 0, 2.9, 2], "texture": "#0"},
				"up": {"uv": [0, 0, 8.9, 2.9], "texture": "#0"},
				"down": {"uv": [0, 0, 8.9, 2.9], "texture": "#0"}
			}
		},
		{
			"from": [4.5, 26, -0.9],
			"to": [10.7, 27.2, 2],
			"rotation": {"angle": 0, "axis": "y", "origin": [0, 24, 0]},
			"faces": {
				"north": {"uv": [0, 0, 6.2, 1.2], "texture": "#0"},
				"east": {"uv": [0, 0, 2.9, 1.2], "texture": "#0"},
				"south": {"uv": [0, 0, 6.2, 1.2], "texture": "#0"},
				"west": {"uv": [0, 0, 2.9, 1.2], "texture": "#0"},
				"up": {"uv": [0, 0, 6.2, 2.9], "texture": "#0"},
				"down": {"uv": [0, 0, 6.2, 2.9], "texture": "#0"}
			}
		},
		{
			"from": [7.45256, 31.6, -1.4],
			"to": [16.35256, 32, -0.9],
			"rotation": {"angle": -22.5, "axis": "z", "origin": [0.95256, 30.27518, 0]},
			"faces": {
				"north": {"uv": [0, 0, 8.9, 0.4], "texture": "#1"},
				"east": {"uv": [0, 0, 0.5, 0.4], "texture": "#1"},
				"south": {"uv": [0, 0, 8.9, 0.4], "texture": "#1"},
				"west": {"uv": [0, 0, 0.5, 0.4], "texture": "#1"},
				"up": {"uv": [0, 0, 8.9, 0.5], "texture": "#1"},
				"down": {"uv": [0, 0, 8.9, 0.5], "texture": "#1"}
			}
		},
		{
			"from": [0.55016, 23.21923, -1.4],
			"to": [9.45016, 23.61923, -0.9],
			"rotation": {"angle": 22.5, "axis": "z", "origin": [-5.94984, 21.89441, 0]},
			"faces": {
				"north": {"uv": [0, 0, 8.9, 0.4], "texture": "#1"},
				"east": {"uv": [0, 0, 0.5, 0.4], "texture": "#1"},
				"south": {"uv": [0, 0, 8.9, 0.4], "texture": "#1"},
				"west": {"uv": [0, 0, 0.5, 0.4], "texture": "#1"},
				"up": {"uv": [0, 0, 8.9, 0.5], "texture": "#1"},
				"down": {"uv": [0, 0, 8.9, 0.5], "texture": "#1"}
			}
		},
		{
			"from": [10, 22, 1],
			"to": [13, 23, 2],
			"rotation": {"angle": 0, "axis": "y", "origin": [12, 21, 0]},
			"faces": {
				"north": {"uv": [0, 0, 3, 1], "texture": "#2"},
				"east": {"uv": [0, 0, 1, 1], "texture": "#2"},
				"south": {"uv": [0, 0, 3, 1], "texture": "#2"},
				"west": {"uv": [0, 0, 1, 1], "texture": "#2"},
				"up": {"uv": [0, 0, 3, 1], "texture": "#2"},
				"down": {"uv": [0, 0, 3, 1], "texture": "#2"}
			}
		},
		{
			"from": [6, 23, 1],
			"to": [10, 24, 2],
			"rotation": {"angle": 0, "axis": "y", "origin": [9, 22, 0]},
			"faces": {
				"north": {"uv": [0, 0, 4, 1], "texture": "#2"},
				"east": {"uv": [0, 0, 1, 1], "texture": "#2"},
				"south": {"uv": [0, 0, 4, 1], "texture": "#2"},
				"west": {"uv": [0, 0, 1, 1], "texture": "#2"},
				"up": {"uv": [0, 0, 4, 1], "texture": "#2"},
				"down": {"uv": [0, 0, 4, 1], "texture": "#2"}
			}
		},
		{
			"from": [3, 22, 1],
			"to": [6, 23, 2],
			"rotation": {"angle": 0, "axis": "y", "origin": [5, 21, 0]},
			"faces": {
				"north": {"uv": [0, 0, 3, 1], "texture": "#2"},
				"east": {"uv": [0, 0, 1, 1], "texture": "#2"},
				"south": {"uv": [0, 0, 3, 1], "texture": "#2"},
				"west": {"uv": [0, 0, 1, 1], "texture": "#2"},
				"up": {"uv": [0, 0, 3, 1], "texture": "#2"},
				"down": {"uv": [0, 0, 3, 1], "texture": "#2"}
			}
		},
		{
			"from": [2, 2, 1],
			"to": [3, 22, 2],
			"rotation": {"angle": 0, "axis": "y", "origin": [4, 20, 0]},
			"faces": {
				"north": {"uv": [0, 0, 1, 16], "texture": "#2"},
				"east": {"uv": [0, 0, 1, 16], "texture": "#2"},
				"south": {"uv": [0, 0, 1, 16], "texture": "#2"},
				"west": {"uv": [0, 0, 1, 16], "texture": "#2"},
				"up": {"uv": [0, 0, 1, 1], "texture": "#2"},
				"down": {"uv": [0, 0, 1, 1], "texture": "#2"}
			}
		},
		{
			"from": [13, 2, 1],
			"to": [14, 22, 2],
			"rotation": {"angle": 0, "axis": "y", "origin": [15, 20, 0]},
			"faces": {
				"north": {"uv": [0, 0, 1, 16], "texture": "#2"},
				"east": {"uv": [0, 0, 1, 16], "texture": "#2"},
				"south": {"uv": [0, 0, 1, 16], "texture": "#2"},
				"west": {"uv": [0, 0, 1, 16], "texture": "#2"},
				"up": {"uv": [0, 0, 1, 1], "texture": "#2"},
				"down": {"uv": [0, 0, 1, 1], "texture": "#2"}
			}
		},
		{
			"from": [10, 23, 1],
			"to": [14, 24, 2],
			"rotation": {"angle": 0, "axis": "y", "origin": [10, 22, 0]},
			"faces": {
				"north": {"uv": [0, 0, 4, 1], "texture": "#0"},
				"east": {"uv": [0, 0, 1, 1], "texture": "#0"},
				"south": {"uv": [0, 0, 4, 1], "texture": "#0"},
				"west": {"uv": [0, 0, 1, 1], "texture": "#0"},
				"up": {"uv": [0, 0, 4, 1], "texture": "#0"},
				"down": {"uv": [0, 0, 4, 1], "texture": "#0"}
			}
		},
		{
			"from": [13, 22, 1],
			"to": [14, 23, 2],
			"rotation": {"angle": 0, "axis": "y", "origin": [10, 21, 0]},
			"faces": {
				"north": {"uv": [0, 0, 1, 1], "texture": "#0"},
				"east": {"uv": [0, 0, 1, 1], "texture": "#0"},
				"south": {"uv": [0, 0, 1, 1], "texture": "#0"},
				"west": {"uv": [0, 0, 1, 1], "texture": "#0"},
				"up": {"uv": [0, 0, 1, 1], "texture": "#0"},
				"down": {"uv": [0, 0, 1, 1], "texture": "#0"}
			}
		},
		{
			"from": [2, 22, 1],
			"to": [3, 23, 2],
			"rotation": {"angle": 0, "axis": "y", "origin": [-1, 21, 0]},
			"faces": {
				"north": {"uv": [0, 0, 1, 1], "texture": "#0"},
				"east": {"uv": [0, 0, 1, 1], "texture": "#0"},
				"south": {"uv": [0, 0, 1, 1], "texture": "#0"},
				"west": {"uv": [0, 0, 1, 1], "texture": "#0"},
				"up": {"uv": [0, 0, 1, 1], "texture": "#0"},
				"down": {"uv": [0, 0, 1, 1], "texture": "#0"}
			}
		},
		{
			"from": [2, 23, 1],
			"to": [6, 24, 2],
			"rotation": {"angle": 0, "axis": "y", "origin": [2, 22, 0]},
			"faces": {
				"north": {"uv": [0, 0, 4, 1], "texture": "#0"},
				"east": {"uv": [0, 0, 1, 1], "texture": "#0"},
				"south": {"uv": [0, 0, 4, 1], "texture": "#0"},
				"west": {"uv": [0, 0, 1, 1], "texture": "#0"},
				"up": {"uv": [0, 0, 4, 1], "texture": "#0"},
				"down": {"uv": [0, 0, 4, 1], "texture": "#0"}
			}
		},
		{
			"from": [3, 12, 1],
			"to": [13, 13, 2],
			"rotation": {"angle": 0, "axis": "y", "origin": [12, 11, 0]},
			"faces": {
				"north": {"uv": [0, 0, 10, 1], "texture": "#2"},
				"east": {"uv": [0, 0, 1, 1], "texture": "#2"},
				"south": {"uv": [0, 0, 10, 1], "texture": "#2"},
				"west": {"uv": [0, 0, 1, 1], "texture": "#2"},
				"up": {"uv": [0, 0, 10, 1], "texture": "#2"},
				"down": {"uv": [0, 0, 10, 1], "texture": "#2"}
			}
		},
		{
			"from": [3, 2, 1],
			"to": [13, 3, 2],
			"rotation": {"angle": 0, "axis": "y", "origin": [12, 1, 0]},
			"faces": {
				"north": {"uv": [0, 0, 10, 1], "texture": "#2"},
				"east": {"uv": [0, 0, 1, 1], "texture": "#2"},
				"south": {"uv": [0, 0, 10, 1], "texture": "#2"},
				"west": {"uv": [0, 0, 1, 1], "texture": "#2"},
				"up": {"uv": [0, 0, 10, 1], "texture": "#2"},
				"down": {"uv": [0, 0, 10, 1], "texture": "#2"}
			}
		},
		{
			"from": [3, 3, 1.6],
			"to": [13, 12, 2],
			"rotation": {"angle": 0, "axis": "y", "origin": [7, 3, 0]},
			"faces": {
				"north": {"uv": [0, 0, 10, 9], "texture": "#3"},
				"east": {"uv": [0, 0, 0.4, 9], "texture": "#3"},
				"south": {"uv": [0, 0, 10, 9], "texture": "#3"},
				"west": {"uv": [0, 0, 0.4, 9], "texture": "#3"},
				"up": {"uv": [0, 0, 10, 0.4], "texture": "#3"},
				"down": {"uv": [0, 0, 10, 0.4], "texture": "#3"}
			}
		},
		{
			"from": [3, 13, 1.6],
			"to": [13, 22, 2],
			"rotation": {"angle": 0, "axis": "y", "origin": [7, 13, 0]},
			"faces": {
				"north": {"uv": [0, 0, 10, 9], "texture": "#3"},
				"east": {"uv": [0, 0, 0.4, 9], "texture": "#3"},
				"south": {"uv": [0, 0, 10, 9], "texture": "#3"},
				"west": {"uv": [0, 0, 0.4, 9], "texture": "#3"},
				"up": {"uv": [0, 0, 10, 0.4], "texture": "#3"},
				"down": {"uv": [0, 0, 10, 0.4], "texture": "#3"}
			}
		},
		{
			"from": [6, 22, 1.6],
			"to": [10, 23, 2],
			"rotation": {"angle": 0, "axis": "y", "origin": [7, 13, 0]},
			"faces": {
				"north": {"uv": [0, 0, 4, 1], "texture": "#3"},
				"east": {"uv": [0, 0, 0.4, 1], "texture": "#3"},
				"south": {"uv": [0, 0, 4, 1], "texture": "#3"},
				"west": {"uv": [0, 0, 0.4, 1], "texture": "#3"},
				"up": {"uv": [0, 0, 4, 0.4], "texture": "#3"},
				"down": {"uv": [0, 0, 4, 0.4], "texture": "#3"}
			}
		}
	],
	"display": {
		"head": {
			"translation": [0, -33.25, 24.75],
			"scale": [1.5, 1.5, 1.5]
		}
	}
}