{
	"credit": "Made with Blockbench",
	"textures": {
		"0": "item/grisvitre",
		"1": "item/oak_planksredbande",
		"particle": "item/grisvitre"
	},
	"elements": [
		{
			"from": [0.1, 0, 0],
			"to": [15.8, 1, 1],
			"faces": {
				"north": {"uv": [0, 0, 15.7, 1], "texture": "#1"},
				"east": {"uv": [0, 0, 1, 1], "texture": "#1"},
				"south": {"uv": [0, 0, 15.7, 1], "texture": "#1"},
				"west": {"uv": [0, 0, 1, 1], "texture": "#1"},
				"up": {"uv": [0, 0, 15.7, 1], "texture": "#1"},
				"down": {"uv": [0, 0, 15.7, 1], "texture": "#1"}
			}
		},
		{
			"from": [15, 1, 0],
			"to": [15.8, 16, 1],
			"faces": {
				"north": {"uv": [8, 1, 9, 16], "texture": "#1"},
				"east": {"uv": [7, 0, 8, 15], "texture": "#1"},
				"south": {"uv": [13, 0, 14, 15], "texture": "#1"},
				"west": {"uv": [15, 1, 16, 16], "texture": "#1"},
				"up": {"uv": [0, 0, 1, 1], "texture": "#1"},
				"down": {"uv": [0, 0, 1, 1], "texture": "#1"}
			}
		},
		{
			"from": [0.1, 1, 0],
			"to": [1, 16, 1],
			"rotation": {"angle": 0, "axis": "y", "origin": [-15, 0, 0]},
			"faces": {
				"north": {"uv": [8, 1, 9, 16], "texture": "#1"},
				"east": {"uv": [11, 0, 12, 15], "texture": "#1"},
				"south": {"uv": [13, 1, 14, 16], "texture": "#1"},
				"west": {"uv": [7, 0, 6, 15], "texture": "#1"},
				"up": {"uv": [0, 0, 1, 1], "texture": "#1"},
				"down": {"uv": [0, 0, 1, 1], "texture": "#1"}
			}
		},
		{
			"from": [0.1, 16, -1],
			"to": [1, 32, 1],
			"rotation": {"angle": 0, "axis": "y", "origin": [-15, 15, 0]},
			"faces": {
				"north": {"uv": [13, 0, 14, 16], "texture": "#1"},
				"east": {"uv": [6, 0, 8, 16], "texture": "#1"},
				"south": {"uv": [0, 0, 1, 16], "texture": "#1"},
				"west": {"uv": [10, 0, 12, 16], "texture": "#1"},
				"up": {"uv": [0, 0, 1, 2], "texture": "#1"},
				"down": {"uv": [0, 0, 1, 2], "texture": "#1"}
			}
		},
		{
			"from": [15, 16, -1],
			"to": [15.8, 32, 1],
			"rotation": {"angle": 0, "axis": "y", "origin": [0, 15, 0]},
			"faces": {
				"north": {"uv": [7, 0, 8, 16], "texture": "#1"},
				"east": {"uv": [10, 0, 12, 16], "texture": "#1"},
				"south": {"uv": [9, 0, 10, 16], "texture": "#1"},
				"west": {"uv": [8, 0, 10, 16], "texture": "#1"},
				"up": {"uv": [0, 0, 1, 2], "texture": "#1"},
				"down": {"uv": [0, 0, 1, 2], "texture": "#1"}
			}
		},
		{
			"from": [1, 16, -1],
			"to": [15, 17, 0.2],
			"rotation": {"angle": 0, "axis": "y", "origin": [0, 16, -1]},
			"faces": {
				"north": {"uv": [0, 0, 14, 1], "texture": "#1"},
				"east": {"uv": [0, 0, 1.2, 1], "texture": "#1"},
				"south": {"uv": [0, 0, 14, 1], "texture": "#1"},
				"west": {"uv": [0, 0, 1.2, 1], "texture": "#1"},
				"up": {"uv": [0, 0, 14, 1.2], "texture": "#1"},
				"down": {"uv": [0, 0, 14, 1.2], "texture": "#1"}
			}
		},
		{
			"from": [1, 31, -1],
			"to": [15, 32, 1],
			"rotation": {"angle": 0, "axis": "y", "origin": [0, 31, -1]},
			"faces": {
				"north": {"uv": [0, 0, 14, 1], "texture": "#1"},
				"east": {"uv": [0, 0, 2, 1], "texture": "#1"},
				"south": {"uv": [0, 0, 14, 1], "texture": "#1"},
				"west": {"uv": [0, 0, 2, 1], "texture": "#1"},
				"up": {"uv": [0, 0, 14, 2], "texture": "#1"},
				"down": {"uv": [0, 0, 14, 2], "texture": "#1"}
			}
		},
		{
			"from": [1, 1, 0.2],
			"to": [15, 16, 0.2],
			"rotation": {"angle": 0, "axis": "y", "origin": [0, 0, 0.2]},
			"faces": {
				"north": {"uv": [0, 0, 14, 15], "texture": "#0"},
				"east": {"uv": [0, 0, 0, 15], "texture": "#0"},
				"south": {"uv": [0, 0, 14, 15], "texture": "#0"},
				"west": {"uv": [0, 0, 0, 15], "texture": "#0"},
				"up": {"uv": [0, 0, 14, 0], "texture": "#0"},
				"down": {"uv": [0, 0, 14, 0], "texture": "#0"}
			}
		},
		{
			"from": [1, 17, -0.8],
			"to": [15, 31, -0.8],
			"rotation": {"angle": 0, "axis": "y", "origin": [0, 15, -0.8]},
			"faces": {
				"north": {"uv": [0, 0, 14, 14], "texture": "#0"},
				"east": {"uv": [0, 0, 0, 14], "texture": "#0"},
				"south": {"uv": [0, 0, 14, 14], "texture": "#0"},
				"west": {"uv": [0, 0, 0, 14], "texture": "#0"},
				"up": {"uv": [0, 0, 14, 0], "texture": "#0"},
				"down": {"uv": [0, 0, 14, 0], "texture": "#0"}
			}
		}
	],
	"display": {
		"head": {
			"translation": [0, 0, 28.5],
			"scale": [1.6, 1.6, 1.6]
		}
	}
}