{
	"credit": "Made with Blockbench",
	"textures": {
		"0": "item/bricks",
		"1": "item/texturefenetreabris",
		"2": "item/cut_sandstonemodif",
		"3": "item/grisvitre",
		"particle": "item/bricks"
	},
	"elements": [
		{
			"from": [13, 0, 0],
			"to": [15, 2, 16],
			"rotation": {"angle": 0, "axis": "y", "origin": [14, 0, 0]},
			"faces": {
				"north": {"uv": [0, 0, 2, 2], "texture": "#0"},
				"east": {"uv": [0, 0, 16, 2], "texture": "#0"},
				"south": {"uv": [0, 0, 2, 2], "texture": "#0"},
				"west": {"uv": [0, 0, 16, 2], "texture": "#0"},
				"up": {"uv": [0, 0, 2, 16], "texture": "#0"},
				"down": {"uv": [0, 0, 2, 16], "texture": "#0"}
			}
		},
		{
			"from": [13, 2, 0],
			"to": [14, 3, 16],
			"rotation": {"angle": 0, "axis": "y", "origin": [12, 1, 0]},
			"faces": {
				"north": {"uv": [0, 0, 1, 1], "texture": "#2"},
				"east": {"uv": [0, 0, 16, 1], "texture": "#2"},
				"south": {"uv": [0, 0, 1, 1], "texture": "#2"},
				"west": {"uv": [0, 0, 16, 1], "texture": "#2"},
				"up": {"uv": [0, 0, 1, 16], "texture": "#2"},
				"down": {"uv": [0, 0, 1, 16], "texture": "#2"}
			}
		},
		{
			"from": [13, 3, 0],
			"to": [14, 17, 1],
			"rotation": {"angle": 0, "axis": "y", "origin": [12, 3, 0]},
			"faces": {
				"north": {"uv": [0, 0, 1, 14], "texture": "#2"},
				"east": {"uv": [0, 0, 1, 14], "texture": "#2"},
				"south": {"uv": [0, 0, 1, 14], "texture": "#2"},
				"west": {"uv": [0, 0, 1, 14], "texture": "#2"},
				"up": {"uv": [0, 0, 1, 1], "texture": "#2"},
				"down": {"uv": [0, 0, 1, 1], "texture": "#2"}
			}
		},
		{
			"from": [13, 3, 15],
			"to": [14, 17, 16],
			"rotation": {"angle": 0, "axis": "y", "origin": [12, 3, 15]},
			"faces": {
				"north": {"uv": [0, 0, 1, 14], "texture": "#2"},
				"east": {"uv": [0, 0, 1, 14], "texture": "#2"},
				"south": {"uv": [0, 0, 1, 14], "texture": "#2"},
				"west": {"uv": [0, 0, 1, 14], "texture": "#2"},
				"up": {"uv": [0, 0, 1, 1], "texture": "#2"},
				"down": {"uv": [0, 0, 1, 1], "texture": "#2"}
			}
		},
		{
			"from": [13, 31, 0],
			"to": [15, 32, 16],
			"rotation": {"angle": 0, "axis": "y", "origin": [13, 30, 0]},
			"faces": {
				"north": {"uv": [0, 0, 2, 1], "texture": "#2"},
				"east": {"uv": [0, 0, 16, 1], "texture": "#2"},
				"south": {"uv": [0, 0, 2, 1], "texture": "#2"},
				"west": {"uv": [0, 0, 16, 1], "texture": "#2"},
				"up": {"uv": [0, 0, 2, 16], "texture": "#2"},
				"down": {"uv": [0, 0, 2, 16], "texture": "#2"}
			}
		},
		{
			"from": [13, 17, 15],
			"to": [15, 31, 16],
			"rotation": {"angle": 0, "axis": "y", "origin": [13, 17, 15]},
			"faces": {
				"north": {"uv": [0, 0, 2, 14], "texture": "#2"},
				"east": {"uv": [0, 0, 1, 14], "texture": "#2"},
				"south": {"uv": [0, 0, 2, 14], "texture": "#2"},
				"west": {"uv": [0, 0, 1, 14], "texture": "#2"},
				"up": {"uv": [0, 0, 2, 1], "texture": "#2"},
				"down": {"uv": [0, 0, 2, 1], "texture": "#2"}
			}
		},
		{
			"from": [13, 17, 0],
			"to": [15, 31, 1],
			"rotation": {"angle": 0, "axis": "y", "origin": [13, 17, 0]},
			"faces": {
				"north": {"uv": [0, 0, 2, 14], "texture": "#2"},
				"east": {"uv": [0, 0, 1, 14], "texture": "#2"},
				"south": {"uv": [0, 0, 2, 14], "texture": "#2"},
				"west": {"uv": [0, 0, 1, 14], "texture": "#2"},
				"up": {"uv": [0, 0, 2, 1], "texture": "#2"},
				"down": {"uv": [0, 0, 2, 1], "texture": "#2"}
			}
		},
		{
			"from": [13, 17, 1],
			"to": [15, 18, 15],
			"rotation": {"angle": 0, "axis": "y", "origin": [13, 16, 0]},
			"faces": {
				"north": {"uv": [0, 0, 2, 1], "texture": "#2"},
				"east": {"uv": [0, 0, 14, 1], "texture": "#2"},
				"south": {"uv": [0, 0, 2, 1], "texture": "#2"},
				"west": {"uv": [0, 0, 14, 1], "texture": "#2"},
				"up": {"uv": [0, 0, 2, 14], "texture": "#2"},
				"down": {"uv": [0, 0, 2, 14], "texture": "#2"}
			}
		},
		{
			"from": [15, 17, 0],
			"to": [29.4, 31.4, 0],
			"rotation": {"angle": 0, "axis": "y", "origin": [15, 29.4, 0]},
			"faces": {
				"north": {"uv": [0, 0, 14.4, 14.4], "texture": "#1"},
				"east": {"uv": [0, 0, 0, 14.4], "texture": "#missing"},
				"south": {"uv": [14.4, 0, 0, 14.4], "texture": "#1"},
				"west": {"uv": [0, 0, 0, 14.4], "texture": "#missing"},
				"up": {"uv": [0, 0, 14.4, 0], "texture": "#missing"},
				"down": {"uv": [0, 0, 14.4, 0], "texture": "#missing"}
			}
		},
		{
			"from": [16.4, 11.6, 0],
			"to": [16.4, 32, 15.9],
			"rotation": {"angle": 45, "axis": "z", "origin": [16.4, 30, 0]},
			"faces": {
				"north": {"uv": [0, 0, 0, 16], "texture": "#missing"},
				"east": {"uv": [0, 14, 15.9, 15], "texture": "#1"},
				"south": {"uv": [0, 0, 0, 16], "texture": "#missing"},
				"west": {"uv": [0, 14, 15.9, 15], "texture": "#1"},
				"up": {"uv": [0, 0, 15.9, 0], "rotation": 90, "texture": "#missing"},
				"down": {"uv": [0, 0, 15.9, 0], "rotation": 270, "texture": "#missing"}
			}
		},
		{
			"from": [15, 17, 16],
			"to": [29.4, 31.4, 16],
			"rotation": {"angle": 0, "axis": "y", "origin": [15, 29.4, 16]},
			"faces": {
				"north": {"uv": [0, 0, 14.4, 14.4], "texture": "#1"},
				"east": {"uv": [0, 0, 0, 14.4], "texture": "#missing"},
				"south": {"uv": [14.4, 0, 0, 14.4], "texture": "#1"},
				"west": {"uv": [0, 0, 0, 14.4], "texture": "#missing"},
				"up": {"uv": [0, 0, 14.4, 0], "texture": "#missing"},
				"down": {"uv": [0, 0, 14.4, 0], "texture": "#missing"}
			}
		},
		{
			"from": [13, 3, 1],
			"to": [14, 17, 15],
			"rotation": {"angle": 0, "axis": "y", "origin": [13, 3, 1]},
			"faces": {
				"north": {"uv": [0, 0, 1, 14], "texture": "#3"},
				"east": {"uv": [0, 0, 14, 14], "texture": "#3"},
				"south": {"uv": [0, 0, 1, 14], "texture": "#3"},
				"west": {"uv": [0, 0, 14, 14], "texture": "#3"},
				"up": {"uv": [0, 0, 1, 14], "texture": "#3"},
				"down": {"uv": [0, 0, 1, 14], "texture": "#3"}
			}
		},
		{
			"from": [14, 18, 1],
			"to": [15, 31, 15],
			"rotation": {"angle": 0, "axis": "y", "origin": [14, 17, 1]},
			"faces": {
				"north": {"uv": [0, 0, 1, 13], "texture": "#3"},
				"east": {"uv": [0, 0, 14, 13], "texture": "#3"},
				"south": {"uv": [0, 0, 1, 13], "texture": "#3"},
				"west": {"uv": [0, 0, 14, 13], "texture": "#3"},
				"up": {"uv": [0, 0, 1, 14], "texture": "#3"},
				"down": {"uv": [0, 0, 1, 14], "texture": "#3"}
			}
		}
	],
	"display": {
		"head": {
			"rotation": [-180, 90, -180],
			"translation": [0, 0, 33.75],
			"scale": [1.6, 1.6, 1.6]
		}
	}
}