{
	"credit": "Made with Blockbench",
	"textures": {
		"0": "item/bricks",
		"1": "item/texturefenetreabrisblanc",
		"2": "item/cut_sandstonemodif",
		"3": "item/grisvitre",
		"particle": "item/bricks"
	},
	"elements": [
		{
			"from": [13, -3, 0],
			"to": [15, -1, 16],
			"rotation": {"angle": 0, "axis": "y", "origin": [14, -3, 0]},
			"faces": {
				"north": {"uv": [0, 0, 2, 2], "texture": "#0"},
				"east": {"uv": [0, 0, 16, 2], "texture": "#0"},
				"south": {"uv": [0, 0, 2, 2], "texture": "#0"},
				"west": {"uv": [0, 0, 16, 2], "texture": "#0"},
				"up": {"uv": [0, 0, 2, 16], "texture": "#0"},
				"down": {"uv": [0, 0, 2, 16], "texture": "#0"}
			}
		},
		{
			"from": [13, -1, 1],
			"to": [14, 0, 15],
			"rotation": {"angle": 0, "axis": "y", "origin": [12, -2, 0]},
			"faces": {
				"north": {"uv": [0, 0, 1, 1], "texture": "#2"},
				"east": {"uv": [0, 0, 16, 1], "texture": "#2"},
				"south": {"uv": [0, 0, 1, 1], "texture": "#2"},
				"west": {"uv": [0, 0, 16, 1], "texture": "#2"},
				"up": {"uv": [0, 0, 1, 16], "texture": "#2"},
				"down": {"uv": [0, 0, 1, 16], "texture": "#2"}
			}
		},
		{
			"from": [13, 0, 1],
			"to": [14, 14, 2],
			"rotation": {"angle": 0, "axis": "y", "origin": [12, 0, 1]},
			"faces": {
				"north": {"uv": [0, 0, 1, 14], "texture": "#2"},
				"east": {"uv": [0, 0, 1, 14], "texture": "#2"},
				"south": {"uv": [0, 0, 1, 14], "texture": "#2"},
				"west": {"uv": [0, 0, 1, 14], "texture": "#2"},
				"up": {"uv": [0, 0, 1, 1], "texture": "#2"},
				"down": {"uv": [0, 0, 1, 1], "texture": "#2"}
			}
		},
		{
			"from": [13, 0, 14],
			"to": [14, 14, 15],
			"rotation": {"angle": 0, "axis": "y", "origin": [12, 0, 14]},
			"faces": {
				"north": {"uv": [0, 0, 1, 14], "texture": "#2"},
				"east": {"uv": [0, 0, 1, 14], "texture": "#2"},
				"south": {"uv": [0, 0, 1, 14], "texture": "#2"},
				"west": {"uv": [0, 0, 1, 14], "texture": "#2"},
				"up": {"uv": [0, 0, 1, 1], "texture": "#2"},
				"down": {"uv": [0, 0, 1, 1], "texture": "#2"}
			}
		},
		{
			"from": [13, 28, 1],
			"to": [15, 29, 15],
			"rotation": {"angle": 0, "axis": "y", "origin": [13, 27, 0]},
			"faces": {
				"north": {"uv": [0, 0, 2, 1], "texture": "#2"},
				"east": {"uv": [0, 0, 16, 1], "texture": "#2"},
				"south": {"uv": [0, 0, 2, 1], "texture": "#2"},
				"west": {"uv": [0, 0, 16, 1], "texture": "#2"},
				"up": {"uv": [0, 0, 2, 16], "texture": "#2"},
				"down": {"uv": [0, 0, 2, 16], "texture": "#2"}
			}
		},
		{
			"from": [13, 14, 14],
			"to": [15, 28, 15],
			"rotation": {"angle": 0, "axis": "y", "origin": [13, 14, 14]},
			"faces": {
				"north": {"uv": [0, 0, 2, 14], "texture": "#2"},
				"east": {"uv": [0, 0, 1, 14], "texture": "#2"},
				"south": {"uv": [0, 0, 2, 14], "texture": "#2"},
				"west": {"uv": [0, 0, 1, 14], "texture": "#2"},
				"up": {"uv": [0, 0, 2, 1], "texture": "#2"},
				"down": {"uv": [0, 0, 2, 1], "texture": "#2"}
			}
		},
		{
			"from": [13, 14, 1],
			"to": [15, 28, 2],
			"rotation": {"angle": 0, "axis": "y", "origin": [13, 14, 1]},
			"faces": {
				"north": {"uv": [0, 0, 2, 14], "texture": "#2"},
				"east": {"uv": [0, 0, 1, 14], "texture": "#2"},
				"south": {"uv": [0, 0, 2, 14], "texture": "#2"},
				"west": {"uv": [0, 0, 1, 14], "texture": "#2"},
				"up": {"uv": [0, 0, 2, 1], "texture": "#2"},
				"down": {"uv": [0, 0, 2, 1], "texture": "#2"}
			}
		},
		{
			"from": [13, 14, 2],
			"to": [15, 15, 14],
			"rotation": {"angle": 0, "axis": "y", "origin": [13, 13, 0]},
			"faces": {
				"north": {"uv": [0, 0, 2, 1], "texture": "#2"},
				"east": {"uv": [0, 0, 14, 1], "texture": "#2"},
				"south": {"uv": [0, 0, 2, 1], "texture": "#2"},
				"west": {"uv": [0, 0, 14, 1], "texture": "#2"},
				"up": {"uv": [0, 0, 2, 14], "texture": "#2"},
				"down": {"uv": [0, 0, 2, 14], "texture": "#2"}
			}
		},
		{
			"from": [15, 14, 1],
			"to": [29.4, 28.4, 1],
			"rotation": {"angle": 0, "axis": "y", "origin": [15, 26.4, 1]},
			"faces": {
				"north": {"uv": [0, 0, 14.4, 14.4], "texture": "#1"},
				"east": {"uv": [0, 0, 0, 14.4], "texture": "#missing"},
				"south": {"uv": [14.4, 0, 0, 14.4], "texture": "#1"},
				"west": {"uv": [0, 0, 0, 14.4], "texture": "#missing"},
				"up": {"uv": [0, 0, 14.4, 0], "texture": "#missing"},
				"down": {"uv": [0, 0, 14.4, 0], "texture": "#missing"}
			}
		},
		{
			"from": [16.4, 8.6, 1],
			"to": [16.4, 29, 14.9],
			"rotation": {"angle": 45, "axis": "z", "origin": [16.4, 27, 0]},
			"faces": {
				"north": {"uv": [0, 0, 0, 16], "texture": "#missing"},
				"east": {"uv": [0, 14, 15.9, 15], "texture": "#1"},
				"south": {"uv": [0, 0, 0, 16], "texture": "#missing"},
				"west": {"uv": [0, 14, 15.9, 15], "texture": "#1"},
				"up": {"uv": [0, 0, 15.9, 0], "rotation": 90, "texture": "#missing"},
				"down": {"uv": [0, 0, 15.9, 0], "rotation": 270, "texture": "#missing"}
			}
		},
		{
			"from": [15, 14, 17],
			"to": [29.4, 28.4, 17],
			"rotation": {"angle": 0, "axis": "y", "origin": [15, 26.4, 17]},
			"faces": {
				"north": {"uv": [0, 0, 14.4, 14.4], "texture": "#1"},
				"east": {"uv": [0, 0, 0, 14.4], "texture": "#missing"},
				"south": {"uv": [14.4, 0, 0, 14.4], "texture": "#1"},
				"west": {"uv": [0, 0, 0, 14.4], "texture": "#missing"},
				"up": {"uv": [0, 0, 14.4, 0], "texture": "#missing"},
				"down": {"uv": [0, 0, 14.4, 0], "texture": "#missing"}
			}
		},
		{
			"from": [13, 0, 2],
			"to": [14, 14, 14],
			"rotation": {"angle": 0, "axis": "y", "origin": [13, 0, 1]},
			"faces": {
				"north": {"uv": [0, 0, 1, 14], "texture": "#3"},
				"east": {"uv": [0, 0, 14, 14], "texture": "#3"},
				"south": {"uv": [0, 0, 1, 14], "texture": "#3"},
				"west": {"uv": [0, 0, 14, 14], "texture": "#3"},
				"up": {"uv": [0, 0, 1, 14], "texture": "#3"},
				"down": {"uv": [0, 0, 1, 14], "texture": "#3"}
			}
		},
		{
			"from": [14, 15, 2],
			"to": [15, 28, 14],
			"rotation": {"angle": 0, "axis": "y", "origin": [14, 14, 1]},
			"faces": {
				"north": {"uv": [0, 0, 1, 13], "texture": "#3"},
				"east": {"uv": [0, 0, 14, 13], "texture": "#3"},
				"south": {"uv": [0, 0, 1, 13], "texture": "#3"},
				"west": {"uv": [0, 0, 14, 13], "texture": "#3"},
				"up": {"uv": [0, 0, 1, 14], "texture": "#3"},
				"down": {"uv": [0, 0, 1, 14], "texture": "#3"}
			}
		},
		{
			"from": [13, 0, 30],
			"to": [14, 14, 31],
			"rotation": {"angle": 0, "axis": "y", "origin": [12, 0, 30]},
			"faces": {
				"north": {"uv": [0, 0, 1, 14], "texture": "#2"},
				"east": {"uv": [0, 0, 1, 14], "texture": "#2"},
				"south": {"uv": [0, 0, 1, 14], "texture": "#2"},
				"west": {"uv": [0, 0, 1, 14], "texture": "#2"},
				"up": {"uv": [0, 0, 1, 1], "texture": "#2"},
				"down": {"uv": [0, 0, 1, 1], "texture": "#2"}
			}
		},
		{
			"from": [13, -1, 17],
			"to": [14, 0, 31],
			"rotation": {"angle": 0, "axis": "y", "origin": [12, -2, 16]},
			"faces": {
				"north": {"uv": [0, 0, 1, 1], "texture": "#2"},
				"east": {"uv": [0, 0, 16, 1], "texture": "#2"},
				"south": {"uv": [0, 0, 1, 1], "texture": "#2"},
				"west": {"uv": [0, 0, 16, 1], "texture": "#2"},
				"up": {"uv": [0, 0, 1, 16], "texture": "#2"},
				"down": {"uv": [0, 0, 1, 16], "texture": "#2"}
			}
		},
		{
			"from": [13, 0, 17],
			"to": [14, 14, 18],
			"rotation": {"angle": 0, "axis": "y", "origin": [12, 0, 17]},
			"faces": {
				"north": {"uv": [0, 0, 1, 14], "texture": "#2"},
				"east": {"uv": [0, 0, 1, 14], "texture": "#2"},
				"south": {"uv": [0, 0, 1, 14], "texture": "#2"},
				"west": {"uv": [0, 0, 1, 14], "texture": "#2"},
				"up": {"uv": [0, 0, 1, 1], "texture": "#2"},
				"down": {"uv": [0, 0, 1, 1], "texture": "#2"}
			}
		},
		{
			"from": [13, 14, 18],
			"to": [15, 15, 30],
			"rotation": {"angle": 0, "axis": "y", "origin": [13, 13, 16]},
			"faces": {
				"north": {"uv": [0, 0, 2, 1], "texture": "#2"},
				"east": {"uv": [0, 0, 14, 1], "texture": "#2"},
				"south": {"uv": [0, 0, 2, 1], "texture": "#2"},
				"west": {"uv": [0, 0, 14, 1], "texture": "#2"},
				"up": {"uv": [0, 0, 2, 14], "texture": "#2"},
				"down": {"uv": [0, 0, 2, 14], "texture": "#2"}
			}
		},
		{
			"from": [13, 14, 17],
			"to": [15, 28, 18],
			"rotation": {"angle": 0, "axis": "y", "origin": [13, 14, 17]},
			"faces": {
				"north": {"uv": [0, 0, 2, 14], "texture": "#2"},
				"east": {"uv": [0, 0, 1, 14], "texture": "#2"},
				"south": {"uv": [0, 0, 2, 14], "texture": "#2"},
				"west": {"uv": [0, 0, 1, 14], "texture": "#2"},
				"up": {"uv": [0, 0, 2, 1], "texture": "#2"},
				"down": {"uv": [0, 0, 2, 1], "texture": "#2"}
			}
		},
		{
			"from": [13, 14, 30],
			"to": [15, 28, 31],
			"rotation": {"angle": 0, "axis": "y", "origin": [13, 14, 30]},
			"faces": {
				"north": {"uv": [0, 0, 2, 14], "texture": "#2"},
				"east": {"uv": [0, 0, 1, 14], "texture": "#2"},
				"south": {"uv": [0, 0, 2, 14], "texture": "#2"},
				"west": {"uv": [0, 0, 1, 14], "texture": "#2"},
				"up": {"uv": [0, 0, 2, 1], "texture": "#2"},
				"down": {"uv": [0, 0, 2, 1], "texture": "#2"}
			}
		},
		{
			"from": [13, 28, 17],
			"to": [15, 29, 31],
			"rotation": {"angle": 0, "axis": "y", "origin": [13, 27, 16]},
			"faces": {
				"north": {"uv": [0, 0, 2, 1], "texture": "#2"},
				"east": {"uv": [0, 0, 16, 1], "texture": "#2"},
				"south": {"uv": [0, 0, 2, 1], "texture": "#2"},
				"west": {"uv": [0, 0, 16, 1], "texture": "#2"},
				"up": {"uv": [0, 0, 2, 16], "texture": "#2"},
				"down": {"uv": [0, 0, 2, 16], "texture": "#2"}
			}
		},
		{
			"from": [16.4, 8.6, 17],
			"to": [16.4, 29, 30.9],
			"rotation": {"angle": 45, "axis": "z", "origin": [16.4, 27, 16]},
			"faces": {
				"north": {"uv": [0, 0, 0, 16], "texture": "#missing"},
				"east": {"uv": [0, 14, 15.9, 15], "texture": "#1"},
				"south": {"uv": [0, 0, 0, 16], "texture": "#missing"},
				"west": {"uv": [0, 14, 15.9, 15], "texture": "#1"},
				"up": {"uv": [0, 0, 15.9, 0], "rotation": 90, "texture": "#missing"},
				"down": {"uv": [0, 0, 15.9, 0], "rotation": 270, "texture": "#missing"}
			}
		},
		{
			"from": [15, 14, 15],
			"to": [29.4, 28.4, 15],
			"rotation": {"angle": 0, "axis": "y", "origin": [15, 26.4, 15]},
			"faces": {
				"north": {"uv": [0, 0, 14.4, 14.4], "texture": "#1"},
				"east": {"uv": [0, 0, 0, 14.4], "texture": "#missing"},
				"south": {"uv": [14.4, 0, 0, 14.4], "texture": "#1"},
				"west": {"uv": [0, 0, 0, 14.4], "texture": "#missing"},
				"up": {"uv": [0, 0, 14.4, 0], "texture": "#missing"},
				"down": {"uv": [0, 0, 14.4, 0], "texture": "#missing"}
			}
		},
		{
			"from": [15, 14, 31],
			"to": [29.4, 28.4, 31],
			"rotation": {"angle": 0, "axis": "y", "origin": [15, 26.4, 31]},
			"faces": {
				"north": {"uv": [0, 0, 14.4, 14.4], "texture": "#1"},
				"east": {"uv": [0, 0, 0, 14.4], "texture": "#missing"},
				"south": {"uv": [14.4, 0, 0, 14.4], "texture": "#1"},
				"west": {"uv": [0, 0, 0, 14.4], "texture": "#missing"},
				"up": {"uv": [0, 0, 14.4, 0], "texture": "#missing"},
				"down": {"uv": [0, 0, 14.4, 0], "texture": "#missing"}
			}
		},
		{
			"from": [14, 15, 18],
			"to": [15, 28, 30],
			"rotation": {"angle": 0, "axis": "y", "origin": [14, 14, 17]},
			"faces": {
				"north": {"uv": [0, 0, 1, 13], "texture": "#3"},
				"east": {"uv": [0, 0, 14, 13], "texture": "#3"},
				"south": {"uv": [0, 0, 1, 13], "texture": "#3"},
				"west": {"uv": [0, 0, 14, 13], "texture": "#3"},
				"up": {"uv": [0, 0, 1, 14], "texture": "#3"},
				"down": {"uv": [0, 0, 1, 14], "texture": "#3"}
			}
		},
		{
			"from": [13, 0, 18],
			"to": [14, 14, 30],
			"rotation": {"angle": 0, "axis": "y", "origin": [13, 0, 17]},
			"faces": {
				"north": {"uv": [0, 0, 1, 14], "texture": "#3"},
				"east": {"uv": [0, 0, 14, 14], "texture": "#3"},
				"south": {"uv": [0, 0, 1, 14], "texture": "#3"},
				"west": {"uv": [0, 0, 14, 14], "texture": "#3"},
				"up": {"uv": [0, 0, 1, 14], "texture": "#3"},
				"down": {"uv": [0, 0, 1, 14], "texture": "#3"}
			}
		},
		{
			"from": [13, -3, 16],
			"to": [15, -1, 32],
			"rotation": {"angle": 0, "axis": "y", "origin": [14, -3, 16]},
			"faces": {
				"north": {"uv": [0, 0, 2, 2], "texture": "#0"},
				"east": {"uv": [0, 0, 16, 2], "texture": "#0"},
				"south": {"uv": [0, 0, 2, 2], "texture": "#0"},
				"west": {"uv": [0, 0, 16, 2], "texture": "#0"},
				"up": {"uv": [0, 0, 2, 16], "texture": "#0"},
				"down": {"uv": [0, 0, 2, 16], "texture": "#0"}
			}
		},
		{
			"from": [13, -1, 31],
			"to": [15, 19, 32],
			"rotation": {"angle": 0, "axis": "y", "origin": [13, -1, 30]},
			"faces": {
				"north": {"uv": [0, 0, 2, 16], "texture": "#0"},
				"east": {"uv": [0, 0, 1, 16], "texture": "#0"},
				"south": {"uv": [0, 0, 2, 16], "texture": "#0"},
				"west": {"uv": [0, 0, 1, 16], "texture": "#0"},
				"up": {"uv": [0, 0, 2, 1], "texture": "#0"},
				"down": {"uv": [0, 0, 2, 1], "texture": "#0"}
			}
		},
		{
			"from": [13, -1, 0],
			"to": [15, 19, 1],
			"rotation": {"angle": 0, "axis": "y", "origin": [13, -1, -1]},
			"faces": {
				"north": {"uv": [0, 0, 2, 16], "texture": "#0"},
				"east": {"uv": [0, 0, 1, 16], "texture": "#0"},
				"south": {"uv": [0, 0, 2, 16], "texture": "#0"},
				"west": {"uv": [0, 0, 1, 16], "texture": "#0"},
				"up": {"uv": [0, 0, 2, 1], "texture": "#0"},
				"down": {"uv": [0, 0, 2, 1], "texture": "#0"}
			}
		},
		{
			"from": [13, -1, 15],
			"to": [15, 19, 17],
			"rotation": {"angle": 0, "axis": "y", "origin": [13, -1, 15]},
			"faces": {
				"north": {"uv": [0, 0, 2, 16], "texture": "#0"},
				"east": {"uv": [0, 0, 2, 16], "texture": "#0"},
				"south": {"uv": [0, 0, 2, 16], "texture": "#0"},
				"west": {"uv": [0, 0, 2, 16], "texture": "#0"},
				"up": {"uv": [0, 0, 2, 2], "texture": "#0"},
				"down": {"uv": [0, 0, 2, 2], "texture": "#0"}
			}
		},
		{
			"from": [13, 19, 0],
			"to": [15, 31, 1],
			"rotation": {"angle": 0, "axis": "y", "origin": [13, 19, 0]},
			"faces": {
				"north": {"uv": [0, 0, 2, 12], "texture": "#2"},
				"east": {"uv": [0, 0, 1, 12], "texture": "#2"},
				"south": {"uv": [0, 0, 2, 12], "texture": "#2"},
				"west": {"uv": [0, 0, 1, 12], "texture": "#2"},
				"up": {"uv": [0, 0, 2, 1], "texture": "#2"},
				"down": {"uv": [0, 0, 2, 1], "texture": "#2"}
			}
		},
		{
			"from": [13, 19, 31],
			"to": [15, 31, 32],
			"rotation": {"angle": 0, "axis": "y", "origin": [13, 19, 31]},
			"faces": {
				"north": {"uv": [0, 0, 2, 12], "texture": "#2"},
				"east": {"uv": [0, 0, 1, 12], "texture": "#2"},
				"south": {"uv": [0, 0, 2, 12], "texture": "#2"},
				"west": {"uv": [0, 0, 1, 12], "texture": "#2"},
				"up": {"uv": [0, 0, 2, 1], "texture": "#2"},
				"down": {"uv": [0, 0, 2, 1], "texture": "#2"}
			}
		},
		{
			"from": [13, 19, 15],
			"to": [15.3, 31, 17],
			"rotation": {"angle": 0, "axis": "y", "origin": [13, 19, 16]},
			"faces": {
				"north": {"uv": [0, 0, 2.3, 12], "texture": "#2"},
				"east": {"uv": [0, 0, 2, 12], "texture": "#2"},
				"south": {"uv": [0, 0, 2.3, 12], "texture": "#2"},
				"west": {"uv": [0, 0, 2, 12], "texture": "#2"},
				"up": {"uv": [0, 0, 2.3, 2], "texture": "#2"},
				"down": {"uv": [0, 0, 2.3, 2], "texture": "#2"}
			}
		},
		{
			"from": [13, 29, 17],
			"to": [15, 31, 31],
			"rotation": {"angle": 0, "axis": "y", "origin": [13, 19, 31]},
			"faces": {
				"north": {"uv": [0, 0, 2, 2], "texture": "#2"},
				"east": {"uv": [0, 0, 14, 2], "texture": "#2"},
				"south": {"uv": [0, 0, 2, 2], "texture": "#2"},
				"west": {"uv": [0, 0, 14, 2], "texture": "#2"},
				"up": {"uv": [0, 0, 2, 14], "texture": "#2"},
				"down": {"uv": [0, 0, 2, 14], "texture": "#2"}
			}
		},
		{
			"from": [13, 29, 1],
			"to": [15, 31, 15],
			"rotation": {"angle": 0, "axis": "y", "origin": [13, 19, 15]},
			"faces": {
				"north": {"uv": [0, 0, 2, 2], "texture": "#2"},
				"east": {"uv": [0, 0, 14, 2], "texture": "#2"},
				"south": {"uv": [0, 0, 2, 2], "texture": "#2"},
				"west": {"uv": [0, 0, 14, 2], "texture": "#2"},
				"up": {"uv": [0, 0, 2, 14], "texture": "#2"},
				"down": {"uv": [0, 0, 2, 14], "texture": "#2"}
			}
		}
	],
	"display": {
		"head": {
			"rotation": [-180, 90, -180],
			"translation": [0, 0, 33.75],
			"scale": [1.6, 1.6, 1.6]
		}
	}
}