{
	"credit": "Made with Blockbench",
	"textures": {
		"0": "item/vitregrise",
		"1": "item/abrifenetre",
		"2": "item/cut_sandstonemodif",
		"3": "item/texture",
		"4": "item/vert_fonce",
		"particle": "item/vitregrise"
	},
	"elements": [
		{
			"from": [4, -15, 0],
			"to": [12, -14, 2],
			"rotation": {"angle": 0, "axis": "y", "origin": [3, -16, 0]},
			"faces": {
				"north": {"uv": [0, 0, 8, 1], "texture": "#3"},
				"east": {"uv": [0, 0, 2, 1], "texture": "#3"},
				"south": {"uv": [0, 0, 8, 1], "texture": "#3"},
				"west": {"uv": [0, 0, 2, 1], "texture": "#3"},
				"up": {"uv": [0, 0, 8, 2], "texture": "#3"},
				"down": {"uv": [0, 0, 8, 2], "texture": "#3"}
			}
		},
		{
			"from": [4, -16, 1],
			"to": [12, -15, 2.5],
			"rotation": {"angle": 0, "axis": "y", "origin": [0, -15, 0]},
			"faces": {
				"north": {"uv": [0, 0, 8, 1], "texture": "#3"},
				"east": {"uv": [0, 0, 1.5, 1], "texture": "#3"},
				"south": {"uv": [0, 0, 8, 1], "texture": "#3"},
				"west": {"uv": [0, 0, 1.5, 1], "texture": "#3"},
				"up": {"uv": [0, 0, 8, 1.5], "texture": "#3"},
				"down": {"uv": [0, 0, 8, 1.5], "texture": "#3"}
			}
		},
		{
			"from": [4.8, -14, 1],
			"to": [11.2, -13, 2],
			"rotation": {"angle": 0, "axis": "y", "origin": [6, -14, 0]},
			"faces": {
				"north": {"uv": [0, 0, 6.4, 1], "texture": "#4"},
				"east": {"uv": [0, 0, 1, 1], "texture": "#4"},
				"south": {"uv": [0, 0, 6.4, 1], "texture": "#4"},
				"west": {"uv": [0, 0, 1, 1], "texture": "#4"},
				"up": {"uv": [0, 0, 6.4, 1], "texture": "#4"},
				"down": {"uv": [0, 0, 6.4, 1], "texture": "#4"}
			}
		},
		{
			"from": [10.8, -13, 1],
			"to": [11.2, -11, 1.9],
			"rotation": {"angle": 0, "axis": "y", "origin": [6, -14, 0]},
			"faces": {
				"north": {"uv": [0, 0, 0.4, 2], "texture": "#4"},
				"east": {"uv": [0, 0, 0.9, 2], "texture": "#4"},
				"south": {"uv": [0, 0, 0.4, 2], "texture": "#4"},
				"west": {"uv": [0, 0, 0.9, 2], "texture": "#4"},
				"up": {"uv": [0, 0, 0.4, 0.9], "texture": "#4"},
				"down": {"uv": [0, 0, 0.4, 0.9], "texture": "#4"}
			}
		},
		{
			"from": [4.8, -13, 1],
			"to": [5.2, -11, 1.9],
			"rotation": {"angle": 0, "axis": "y", "origin": [0, -14, 0]},
			"faces": {
				"north": {"uv": [0, 0, 0.4, 2], "texture": "#4"},
				"east": {"uv": [0, 0, 0.9, 2], "texture": "#4"},
				"south": {"uv": [0, 0, 0.4, 2], "texture": "#4"},
				"west": {"uv": [0, 0, 0.9, 2], "texture": "#4"},
				"up": {"uv": [0, 0, 0.4, 0.9], "texture": "#4"},
				"down": {"uv": [0, 0, 0.4, 0.9], "texture": "#4"}
			}
		},
		{
			"from": [4.8, -11, 1],
			"to": [5.2, 0, 1.9],
			"rotation": {"angle": 0, "axis": "y", "origin": [0, -8, 0]},
			"faces": {
				"north": {"uv": [0, 0, 0.4, 11], "texture": "#2"},
				"east": {"uv": [0, 0, 0.9, 11], "texture": "#2"},
				"south": {"uv": [0, 0, 0.4, 11], "texture": "#2"},
				"west": {"uv": [0, 0, 0.9, 11], "texture": "#2"},
				"up": {"uv": [0, 0, 0.4, 0.9], "texture": "#2"},
				"down": {"uv": [0, 0, 0.4, 0.9], "texture": "#2"}
			}
		},
		{
			"from": [10.8, -11, 1],
			"to": [11.2, 0, 1.9],
			"rotation": {"angle": 0, "axis": "y", "origin": [6, -8, 0]},
			"faces": {
				"north": {"uv": [0, 0, 0.4, 11], "texture": "#2"},
				"east": {"uv": [0, 0, 0.9, 11], "texture": "#2"},
				"south": {"uv": [0, 0, 0.4, 11], "texture": "#2"},
				"west": {"uv": [0, 0, 0.9, 11], "texture": "#2"},
				"up": {"uv": [0, 0, 0.4, 0.9], "texture": "#2"},
				"down": {"uv": [0, 0, 0.4, 0.9], "texture": "#2"}
			}
		},
		{
			"from": [10.8, 0, 1],
			"to": [11.2, 4, 1.9],
			"rotation": {"angle": 0, "axis": "y", "origin": [6, -1, 0]},
			"faces": {
				"north": {"uv": [0, 0, 0.4, 4], "texture": "#4"},
				"east": {"uv": [0, 0, 0.9, 4], "texture": "#4"},
				"south": {"uv": [0, 0, 0.4, 4], "texture": "#4"},
				"west": {"uv": [0, 0, 0.9, 4], "texture": "#4"},
				"up": {"uv": [0, 0, 0.4, 0.9], "texture": "#4"},
				"down": {"uv": [0, 0, 0.4, 0.9], "texture": "#4"}
			}
		},
		{
			"from": [5.2, 2, 1],
			"to": [10.8, 2.5, 1.9],
			"rotation": {"angle": 0, "axis": "y", "origin": [6, 2, 0]},
			"faces": {
				"north": {"uv": [0, 0, 5.6, 0.5], "texture": "#4"},
				"east": {"uv": [0, 0, 0.9, 0.5], "texture": "#4"},
				"south": {"uv": [0, 0, 5.6, 0.5], "texture": "#4"},
				"west": {"uv": [0, 0, 0.9, 0.5], "texture": "#4"},
				"up": {"uv": [0, 0, 5.6, 0.9], "texture": "#4"},
				"down": {"uv": [0, 0, 5.6, 0.9], "texture": "#4"}
			}
		},
		{
			"from": [4.8, 0, 1],
			"to": [5.2, 4, 1.9],
			"rotation": {"angle": 0, "axis": "y", "origin": [0, -1, 0]},
			"faces": {
				"north": {"uv": [0, 0, 0.4, 4], "texture": "#4"},
				"east": {"uv": [0, 0, 0.9, 4], "texture": "#4"},
				"south": {"uv": [0, 0, 0.4, 4], "texture": "#4"},
				"west": {"uv": [0, 0, 0.9, 4], "texture": "#4"},
				"up": {"uv": [0, 0, 0.4, 0.9], "texture": "#4"},
				"down": {"uv": [0, 0, 0.4, 0.9], "texture": "#4"}
			}
		},
		{
			"from": [5.2, -12.5, 1],
			"to": [5.7, 2, 1.5],
			"rotation": {"angle": 0, "axis": "y", "origin": [5, -10, 0]},
			"faces": {
				"north": {"uv": [0, 0, 0.5, 14.5], "texture": "#1"},
				"east": {"uv": [0, 0, 0.5, 14.5], "texture": "#1"},
				"south": {"uv": [0, 0, 0.5, 14.5], "texture": "#1"},
				"west": {"uv": [0, 0, 0.5, 14.5], "texture": "#1"},
				"up": {"uv": [0, 0, 0.5, 0.5], "texture": "#1"},
				"down": {"uv": [0, 0, 0.5, 0.5], "texture": "#1"}
			}
		},
		{
			"from": [5.7, 1.5, 1],
			"to": [10.3, 2, 1.5],
			"rotation": {"angle": 0, "axis": "y", "origin": [10, 4, 0]},
			"faces": {
				"north": {"uv": [0, 4, 0.6, 5.5], "texture": "#1"},
				"east": {"uv": [0, 0, 0.5, 0.5], "texture": "#1"},
				"south": {"uv": [0, 0, 1, 0.5], "texture": "#1"},
				"west": {"uv": [0, 0, 0.5, 0.5], "texture": "#1"},
				"up": {"uv": [0, 0, 0.6, 0.5], "texture": "#1"},
				"down": {"uv": [0, 0, 0.6, 0.5], "texture": "#1"}
			}
		},
		{
			"from": [10.3, -12.5, 1],
			"to": [10.8, 2, 1.5],
			"rotation": {"angle": 0, "axis": "y", "origin": [10.1, -10, 0]},
			"faces": {
				"north": {"uv": [0, 0, 0.5, 14.5], "texture": "#1"},
				"east": {"uv": [0, 0, 0.5, 14.5], "texture": "#1"},
				"south": {"uv": [0, 0, 0.5, 14.5], "texture": "#1"},
				"west": {"uv": [0, 0, 0.5, 14.5], "texture": "#1"},
				"up": {"uv": [0, 0, 0.5, 0.5], "texture": "#1"},
				"down": {"uv": [0, 0, 0.5, 0.5], "texture": "#1"}
			}
		},
		{
			"from": [5.7, -5, 1],
			"to": [10.3, -4.5, 1.5],
			"rotation": {"angle": 0, "axis": "y", "origin": [10, -2.5, 0]},
			"faces": {
				"north": {"uv": [0, 0, 0.6, 0.5], "texture": "#1"},
				"east": {"uv": [0, 0, 0.5, 0.5], "texture": "#1"},
				"south": {"uv": [0, 0, 0.6, 0.5], "texture": "#1"},
				"west": {"uv": [0, 0, 0.5, 0.5], "texture": "#1"},
				"up": {"uv": [0, 0, 1, 1.5], "texture": "#1"},
				"down": {"uv": [0, 0, 0, 0.5], "texture": "#1"}
			}
		},
		{
			"from": [5.2, -13, 1],
			"to": [10.8, -12.5, 1.5],
			"rotation": {"angle": 0, "axis": "y", "origin": [10, -10.5, 0]},
			"faces": {
				"north": {"uv": [0, 6, 0.6, 3.5], "texture": "#1"},
				"east": {"uv": [0, 5, 0.5, 3.5], "texture": "#1"},
				"south": {"uv": [0, 6, 0.6, 10.5], "texture": "#1"},
				"west": {"uv": [0, 4, 0.5, 2.5], "texture": "#1"},
				"up": {"uv": [0, 2, 1, 4], "texture": "#1"},
				"down": {"uv": [0, 3, 0.6, 3.5], "texture": "#1"}
			}
		},
		{
			"from": [5.7, -12.5, 1.5],
			"to": [10.3, -5, 1.5],
			"rotation": {"angle": 0, "axis": "y", "origin": [7, -12.5, 0]},
			"faces": {
				"north": {"uv": [0, 0, 4.6, 7.5], "texture": "#0"},
				"east": {"uv": [0, 0, 0, 7.5], "texture": "#0"},
				"south": {"uv": [0, 0, 4.6, 7.5], "texture": "#0"},
				"west": {"uv": [0, 0, 0, 7.5], "texture": "#0"},
				"up": {"uv": [0, 0, 4.6, 0], "texture": "#0"},
				"down": {"uv": [0, 0, 4.6, 0], "texture": "#0"}
			}
		},
		{
			"from": [5.7, -4.5, 1],
			"to": [10.3, 1.5, 1],
			"rotation": {"angle": 0, "axis": "y", "origin": [7, -4.5, -0.5]},
			"faces": {
				"north": {"uv": [0, 0, 4.6, 6], "texture": "#0"},
				"east": {"uv": [0, 0, 0, 6], "texture": "#0"},
				"south": {"uv": [0, 0, 4.6, 6], "texture": "#0"},
				"west": {"uv": [0, 0, 0, 6], "texture": "#0"},
				"up": {"uv": [0, 0, 4.6, 0], "texture": "#0"},
				"down": {"uv": [0, 0, 4.6, 0], "texture": "#0"}
			}
		},
		{
			"from": [4.07612, 3.88268, 0],
			"to": [5.07612, 13.08268, 4],
			"rotation": {"angle": -22.5, "axis": "z", "origin": [3.07612, 3.88268, 0]},
			"faces": {
				"north": {"uv": [0, 0, 1, 9.2], "texture": "#3"},
				"east": {"uv": [0, 0, 4, 9.2], "texture": "#3"},
				"south": {"uv": [0, 0, 1, 9.2], "texture": "#3"},
				"west": {"uv": [0, 0, 4, 9.2], "texture": "#3"},
				"up": {"uv": [0, 0, 1, 4], "texture": "#3"},
				"down": {"uv": [0, 0, 1, 4], "texture": "#3"}
			}
		},
		{
			"from": [11, 2.5, 0],
			"to": [12, 11.9, 4],
			"rotation": {"angle": 22.5, "axis": "z", "origin": [10, 2.5, 0]},
			"faces": {
				"north": {"uv": [0, 0, 1, 9.4], "texture": "#3"},
				"east": {"uv": [0, 0, 4, 9.4], "texture": "#3"},
				"south": {"uv": [0, 0, 1, 9.4], "texture": "#3"},
				"west": {"uv": [0, 0, 4, 9.4], "texture": "#3"},
				"up": {"uv": [0, 0, 1, 4], "texture": "#3"},
				"down": {"uv": [0, 0, 1, 4], "texture": "#3"}
			}
		},
		{
			"from": [6, 6, 1],
			"to": [9.8, 8.2, 1.5],
			"rotation": {"angle": 0, "axis": "y", "origin": [7, 5.5, 1]},
			"faces": {
				"north": {"uv": [0, 0, 3.8, 2.2], "texture": "#2"},
				"east": {"uv": [0, 0, 0.5, 2.2], "texture": "#2"},
				"south": {"uv": [0, 0, 3.8, 2.2], "texture": "#2"},
				"west": {"uv": [0, 0, 0.5, 2.2], "texture": "#2"},
				"up": {"uv": [0, 0, 3.8, 0.5], "texture": "#2"},
				"down": {"uv": [0, 0, 3.8, 0.5], "texture": "#2"}
			}
		},
		{
			"from": [5.2, 2.5, 1],
			"to": [10.7, 6, 1.5],
			"rotation": {"angle": 0, "axis": "y", "origin": [7, 2, 1]},
			"faces": {
				"north": {"uv": [0, 0, 5.5, 3.5], "texture": "#2"},
				"east": {"uv": [0, 0, 0.5, 3.5], "texture": "#2"},
				"south": {"uv": [0, 0, 5.5, 3.5], "texture": "#2"},
				"west": {"uv": [0, 0, 0.5, 3.5], "texture": "#2"},
				"up": {"uv": [0, 0, 5.5, 0.5], "texture": "#2"},
				"down": {"uv": [0, 0, 5.5, 0.5], "texture": "#2"}
			}
		},
		{
			"from": [6.8, 8.2, 1],
			"to": [8.9, 10.2, 1.5],
			"rotation": {"angle": 0, "axis": "y", "origin": [7, 5.5, 1]},
			"faces": {
				"north": {"uv": [0, 0, 2.1, 2], "texture": "#2"},
				"east": {"uv": [0, 0, 0.5, 2], "texture": "#2"},
				"south": {"uv": [0, 0, 2.1, 2], "texture": "#2"},
				"west": {"uv": [0, 0, 0.5, 2], "texture": "#2"},
				"up": {"uv": [0, 0, 2.1, 0.5], "texture": "#2"},
				"down": {"uv": [0, 0, 2.1, 0.5], "texture": "#2"}
			}
		},
		{
			"from": [3.63604, -15, 6.36396],
			"to": [6.63604, -14, 8.36396],
			"rotation": {"angle": 45, "axis": "y", "origin": [-2.36396, -16, 6.36396]},
			"faces": {
				"north": {"uv": [0, 0, 3, 1], "texture": "#3"},
				"east": {"uv": [0, 0, 2, 1], "texture": "#3"},
				"south": {"uv": [0, 0, 3, 1], "texture": "#3"},
				"west": {"uv": [0, 0, 2, 1], "texture": "#3"},
				"up": {"uv": [0, 0, 3, 2], "texture": "#3"},
				"down": {"uv": [0, 0, 3, 2], "texture": "#3"}
			}
		},
		{
			"from": [12.29289, -15, -0.70711],
			"to": [15.29289, -14, 1.29289],
			"rotation": {"angle": -45, "axis": "y", "origin": [11.29289, -16, -0.70711]},
			"faces": {
				"north": {"uv": [0, 0, 3, 1], "texture": "#3"},
				"east": {"uv": [0, 0, 2, 1], "texture": "#3"},
				"south": {"uv": [0, 0, 3, 1], "texture": "#3"},
				"west": {"uv": [0, 0, 2, 1], "texture": "#3"},
				"up": {"uv": [0, 0, 3, 2], "texture": "#3"},
				"down": {"uv": [0, 0, 3, 2], "texture": "#3"}
			}
		}
	],
	"display": {
		"head": {
			"translation": [0, 0, 47.75],
			"scale": [2.5, 2.5, 2.5]
		}
	}
}