{
	"credit": "Made with Blockbench",
	"textures": {
		"0": "item/vitregrise ",
		"1": "item/dark_oak_log",
		"particle": "item/vitregrise "
	},
	"elements": [
		{
			"from": [13, 0, 0],
			"to": [15, 28, 2],
			"rotation": {"angle": 0, "axis": "y", "origin": [13, 0, 0]},
			"faces": {
				"north": {"uv": [0, 0, 2, 16], "texture": "#1"},
				"east": {"uv": [0, 0, 2, 16], "texture": "#1"},
				"south": {"uv": [0, 0, 2, 16], "texture": "#1"},
				"west": {"uv": [0, 0, 2, 16], "texture": "#1"},
				"up": {"uv": [0, 0, 2, 2], "texture": "#1"},
				"down": {"uv": [0, 0, 2, 2], "texture": "#1"}
			}
		},
		{
			"from": [10, 28, 0],
			"to": [14, 30, 2],
			"rotation": {"angle": 0, "axis": "y", "origin": [12, 28, 0]},
			"faces": {
				"north": {"uv": [0, 0, 4, 2], "texture": "#1"},
				"east": {"uv": [0, 0, 2, 2], "texture": "#1"},
				"south": {"uv": [0, 0, 4, 2], "texture": "#1"},
				"west": {"uv": [0, 0, 2, 2], "texture": "#1"},
				"up": {"uv": [0, 0, 4, 2], "texture": "#1"},
				"down": {"uv": [0, 0, 4, 2], "texture": "#1"}
			}
		},
		{
			"from": [1, 0, 0],
			"to": [3, 28, 2],
			"rotation": {"angle": 0, "axis": "y", "origin": [1, 0, 0]},
			"faces": {
				"north": {"uv": [0, 0, 2, 16], "texture": "#1"},
				"east": {"uv": [0, 0, 2, 16], "texture": "#1"},
				"south": {"uv": [0, 0, 2, 16], "texture": "#1"},
				"west": {"uv": [0, 0, 2, 16], "texture": "#1"},
				"up": {"uv": [0, 0, 2, 2], "texture": "#1"},
				"down": {"uv": [0, 0, 2, 2], "texture": "#1"}
			}
		},
		{
			"from": [2, 28, 0],
			"to": [6, 30, 2],
			"rotation": {"angle": 0, "axis": "y", "origin": [4, 28, 0]},
			"faces": {
				"north": {"uv": [0, 0, 4, 2], "texture": "#1"},
				"east": {"uv": [0, 0, 2, 2], "texture": "#1"},
				"south": {"uv": [0, 0, 4, 2], "texture": "#1"},
				"west": {"uv": [0, 0, 2, 2], "texture": "#1"},
				"up": {"uv": [0, 0, 4, 2], "texture": "#1"},
				"down": {"uv": [0, 0, 4, 2], "texture": "#1"}
			}
		},
		{
			"from": [5.5, 30, 0],
			"to": [10.5, 32, 2],
			"rotation": {"angle": 0, "axis": "y", "origin": [8, 30, 0]},
			"faces": {
				"north": {"uv": [0, 0, 5, 2], "texture": "#1"},
				"east": {"uv": [0, 0, 2, 2], "texture": "#1"},
				"south": {"uv": [0, 0, 5, 2], "texture": "#1"},
				"west": {"uv": [0, 0, 2, 2], "texture": "#1"},
				"up": {"uv": [0, 0, 5, 2], "texture": "#1"},
				"down": {"uv": [0, 0, 5, 2], "texture": "#1"}
			}
		},
		{
			"from": [3, 0, 0],
			"to": [13, 2, 2],
			"rotation": {"angle": 0, "axis": "y", "origin": [11, 0, 0]},
			"faces": {
				"north": {"uv": [0, 0, 10, 2], "texture": "#1"},
				"east": {"uv": [0, 0, 2, 2], "texture": "#1"},
				"south": {"uv": [0, 0, 10, 2], "texture": "#1"},
				"west": {"uv": [0, 0, 2, 2], "texture": "#1"},
				"up": {"uv": [0, 0, 10, 2], "texture": "#1"},
				"down": {"uv": [0, 0, 10, 2], "texture": "#1"}
			}
		},
		{
			"from": [3, 15, 0],
			"to": [13, 16, 2],
			"rotation": {"angle": 0, "axis": "y", "origin": [11, 14, 0]},
			"faces": {
				"north": {"uv": [0, 0, 10, 1], "texture": "#1"},
				"east": {"uv": [0, 0, 2, 1], "texture": "#1"},
				"south": {"uv": [0, 0, 10, 1], "texture": "#1"},
				"west": {"uv": [0, 0, 2, 1], "texture": "#1"},
				"up": {"uv": [0, 0, 10, 2], "texture": "#1"},
				"down": {"uv": [0, 0, 10, 2], "texture": "#1"}
			}
		},
		{
			"from": [3, 2, 1],
			"to": [13, 30, 1],
			"rotation": {"angle": 0, "axis": "y", "origin": [7, 2, 0]},
			"faces": {
				"north": {"uv": [0, 0, 10, 16], "texture": "#0"},
				"east": {"uv": [0, 0, 0, 16], "texture": "#0"},
				"south": {"uv": [0, 0, 10, 16], "texture": "#0"},
				"west": {"uv": [0, 0, 0, 16], "texture": "#0"},
				"up": {"uv": [0, 0, 10, 0], "texture": "#0"},
				"down": {"uv": [0, 0, 10, 0], "texture": "#0"}
			}
		}
	],
	"display": {
		"head": {
			"translation": [0, -22.75, 25.5],
			"scale": [1.6, 1.6, 1.6]
		}
	}
}