{
	"credit": "Made with Blockbench",
	"textures": {
		"0": "item/vitregrise ",
		"1": "item/cut_sandstonemodif",
		"particle": "item/vitregrise "
	},
	"elements": [
		{
			"from": [0, 0, 0],
			"to": [1, 27, 2],
			"faces": {
				"north": {"uv": [0, 0, 1, 16], "texture": "#1"},
				"east": {"uv": [0, 0, 2, 16], "texture": "#1"},
				"south": {"uv": [0, 0, 1, 16], "texture": "#1"},
				"west": {"uv": [0, 0, 2, 16], "texture": "#1"},
				"up": {"uv": [0, 0, 1, 2], "texture": "#1"},
				"down": {"uv": [0, 0, 1, 2], "texture": "#1"}
			}
		},
		{
			"from": [15, 0, 0],
			"to": [16, 27, 2],
			"rotation": {"angle": 0, "axis": "y", "origin": [15, 0, 0]},
			"faces": {
				"north": {"uv": [0, 0, 1, 16], "texture": "#1"},
				"east": {"uv": [0, 0, 2, 16], "texture": "#1"},
				"south": {"uv": [0, 0, 1, 16], "texture": "#1"},
				"west": {"uv": [0, 0, 2, 16], "texture": "#1"},
				"up": {"uv": [0, 0, 1, 2], "texture": "#1"},
				"down": {"uv": [0, 0, 1, 2], "texture": "#1"}
			}
		},
		{
			"from": [1, 27, 0],
			"to": [2, 29, 2],
			"rotation": {"angle": 0, "axis": "y", "origin": [1, -2, 0]},
			"faces": {
				"north": {"uv": [0, 0, 1, 2], "texture": "#1"},
				"east": {"uv": [0, 0, 2, 2], "texture": "#1"},
				"south": {"uv": [0, 0, 1, 2], "texture": "#1"},
				"west": {"uv": [0, 0, 2, 2], "texture": "#1"},
				"up": {"uv": [0, 0, 1, 2], "texture": "#1"},
				"down": {"uv": [0, 0, 1, 2], "texture": "#1"}
			}
		},
		{
			"from": [14, 27, 0],
			"to": [15, 29, 2],
			"rotation": {"angle": 0, "axis": "y", "origin": [14, -2, 0]},
			"faces": {
				"north": {"uv": [0, 0, 1, 2], "texture": "#1"},
				"east": {"uv": [0, 0, 2, 2], "texture": "#1"},
				"south": {"uv": [0, 0, 1, 2], "texture": "#1"},
				"west": {"uv": [0, 0, 2, 2], "texture": "#1"},
				"up": {"uv": [0, 0, 1, 2], "texture": "#1"},
				"down": {"uv": [0, 0, 1, 2], "texture": "#1"}
			}
		},
		{
			"from": [13, 29, 0],
			"to": [14, 30, 2],
			"rotation": {"angle": 0, "axis": "y", "origin": [13, -1, 0]},
			"faces": {
				"north": {"uv": [0, 0, 1, 1], "texture": "#1"},
				"east": {"uv": [0, 0, 2, 1], "texture": "#1"},
				"south": {"uv": [0, 0, 1, 1], "texture": "#1"},
				"west": {"uv": [0, 0, 2, 1], "texture": "#1"},
				"up": {"uv": [0, 0, 1, 2], "texture": "#1"},
				"down": {"uv": [0, 0, 1, 2], "texture": "#1"}
			}
		},
		{
			"from": [2, 29, 0],
			"to": [3, 30, 2],
			"rotation": {"angle": 0, "axis": "y", "origin": [2, -1, 0]},
			"faces": {
				"north": {"uv": [0, 0, 1, 1], "texture": "#1"},
				"east": {"uv": [0, 0, 2, 1], "texture": "#1"},
				"south": {"uv": [0, 0, 1, 1], "texture": "#1"},
				"west": {"uv": [0, 0, 2, 1], "texture": "#1"},
				"up": {"uv": [0, 0, 1, 2], "texture": "#1"},
				"down": {"uv": [0, 0, 1, 2], "texture": "#1"}
			}
		},
		{
			"from": [3, 30, 0],
			"to": [5, 31, 2],
			"rotation": {"angle": 0, "axis": "y", "origin": [3, 0, 0]},
			"faces": {
				"north": {"uv": [0, 0, 2, 1], "texture": "#1"},
				"east": {"uv": [0, 0, 2, 1], "texture": "#1"},
				"south": {"uv": [0, 0, 2, 1], "texture": "#1"},
				"west": {"uv": [0, 0, 2, 1], "texture": "#1"},
				"up": {"uv": [0, 0, 2, 2], "texture": "#1"},
				"down": {"uv": [0, 0, 2, 2], "texture": "#1"}
			}
		},
		{
			"from": [11, 30, 0],
			"to": [13, 31, 2],
			"rotation": {"angle": 0, "axis": "y", "origin": [11, 0, 0]},
			"faces": {
				"north": {"uv": [0, 0, 2, 1], "texture": "#1"},
				"east": {"uv": [0, 0, 2, 1], "texture": "#1"},
				"south": {"uv": [0, 0, 2, 1], "texture": "#1"},
				"west": {"uv": [0, 0, 2, 1], "texture": "#1"},
				"up": {"uv": [0, 0, 2, 2], "texture": "#1"},
				"down": {"uv": [0, 0, 2, 2], "texture": "#1"}
			}
		},
		{
			"from": [5, 31, 0],
			"to": [11, 32, 2],
			"rotation": {"angle": 0, "axis": "y", "origin": [9, 1, 0]},
			"faces": {
				"north": {"uv": [0, 0, 6, 1], "texture": "#1"},
				"east": {"uv": [0, 0, 2, 1], "texture": "#1"},
				"south": {"uv": [0, 0, 6, 1], "texture": "#1"},
				"west": {"uv": [0, 0, 2, 1], "texture": "#1"},
				"up": {"uv": [0, 0, 6, 2], "texture": "#1"},
				"down": {"uv": [0, 0, 6, 2], "texture": "#1"}
			}
		},
		{
			"from": [7.5, 0, 0.1],
			"to": [8.5, 24, 2],
			"rotation": {"angle": 0, "axis": "y", "origin": [8, 0, 0]},
			"faces": {
				"north": {"uv": [0, 0, 1, 16], "texture": "#1"},
				"east": {"uv": [0, 0, 1.9, 16], "texture": "#1"},
				"south": {"uv": [0, 0, 1, 16], "texture": "#1"},
				"west": {"uv": [0, 0, 1.9, 16], "texture": "#1"},
				"up": {"uv": [0, 0, 1, 1.9], "texture": "#1"},
				"down": {"uv": [0, 0, 1, 1.9], "texture": "#1"}
			}
		},
		{
			"from": [14, 24, 0],
			"to": [15, 25, 2],
			"rotation": {"angle": 0, "axis": "y", "origin": [14, -6, 0]},
			"faces": {
				"north": {"uv": [3, 4, 4, 5], "texture": "#1"},
				"east": {"uv": [0, 0, 2, 1], "texture": "#1"},
				"south": {"uv": [3, 4, 4, 5], "texture": "#1"},
				"west": {"uv": [3, 6, 5, 7], "texture": "#1"},
				"up": {"uv": [3, 6, 4, 8], "texture": "#1"},
				"down": {"uv": [3, 6, 4, 8], "texture": "#1"}
			}
		},
		{
			"from": [13, 25, 0],
			"to": [14, 26, 2],
			"rotation": {"angle": 0, "axis": "y", "origin": [12, -5, 0]},
			"faces": {
				"north": {"uv": [0, 0, 1, 1], "texture": "#1"},
				"east": {"uv": [0, 0, 2, 1], "texture": "#1"},
				"south": {"uv": [0, 0, 1, 1], "texture": "#1"},
				"west": {"uv": [0, 0, 2, 1], "texture": "#1"},
				"up": {"uv": [0, 0, 1, 2], "texture": "#1"},
				"down": {"uv": [0, 0, 1, 2], "texture": "#1"}
			}
		},
		{
			"from": [8.5, 24, 0],
			"to": [9.5, 25, 2],
			"rotation": {"angle": 0, "axis": "y", "origin": [8.5, -6, 0]},
			"faces": {
				"north": {"uv": [4, 4, 5, 5], "texture": "#1"},
				"east": {"uv": [0, 0, 2, 1], "texture": "#1"},
				"south": {"uv": [0, 0, 1, 1], "texture": "#1"},
				"west": {"uv": [0, 0, 2, 1], "texture": "#1"},
				"up": {"uv": [0, 0, 1, 2], "texture": "#1"},
				"down": {"uv": [0, 0, 1, 2], "texture": "#1"}
			}
		},
		{
			"from": [9.5, 25, 0],
			"to": [10.5, 26, 2],
			"rotation": {"angle": 0, "axis": "y", "origin": [9, -5, 0]},
			"faces": {
				"north": {"uv": [0, 0, 1, 1], "texture": "#1"},
				"east": {"uv": [0, 0, 2, 1], "texture": "#1"},
				"south": {"uv": [0, 0, 1, 1], "texture": "#1"},
				"west": {"uv": [0, 0, 2, 1], "texture": "#1"},
				"up": {"uv": [0, 0, 1, 2], "texture": "#1"},
				"down": {"uv": [0, 0, 1, 2], "texture": "#1"}
			}
		},
		{
			"from": [10.5, 26, 0],
			"to": [13, 27, 2],
			"rotation": {"angle": 0, "axis": "y", "origin": [10.5, -4, 0]},
			"faces": {
				"north": {"uv": [0, 0, 2.5, 1], "texture": "#1"},
				"east": {"uv": [0, 0, 2, 1], "texture": "#1"},
				"south": {"uv": [0, 0, 2.5, 1], "texture": "#1"},
				"west": {"uv": [0, 0, 2, 1], "texture": "#1"},
				"up": {"uv": [0, 0, 2.5, 2], "texture": "#1"},
				"down": {"uv": [0, 0, 2.5, 2], "texture": "#1"}
			}
		},
		{
			"from": [6.5, 24, 0],
			"to": [7.5, 25, 2],
			"rotation": {"angle": 0, "axis": "y", "origin": [6.5, -6, 0]},
			"faces": {
				"north": {"uv": [4, 3, 5, 4], "texture": "#1"},
				"east": {"uv": [1, 4, 3, 5], "texture": "#1"},
				"south": {"uv": [0, 0, 1, 1], "texture": "#1"},
				"west": {"uv": [3, 7, 5, 8], "texture": "#1"},
				"up": {"uv": [3, 4, 4, 6], "texture": "#1"},
				"down": {"uv": [3, 4, 4, 6], "texture": "#1"}
			}
		},
		{
			"from": [5.5, 25, 0],
			"to": [6.5, 26, 2],
			"rotation": {"angle": 0, "axis": "y", "origin": [4.5, -5, 0]},
			"faces": {
				"north": {"uv": [0, 0, 1, 1], "texture": "#1"},
				"east": {"uv": [0, 0, 2, 1], "texture": "#1"},
				"south": {"uv": [0, 0, 1, 1], "texture": "#1"},
				"west": {"uv": [0, 0, 2, 1], "texture": "#1"},
				"up": {"uv": [0, 0, 1, 2], "texture": "#1"},
				"down": {"uv": [0, 0, 1, 2], "texture": "#1"}
			}
		},
		{
			"from": [1, 24, 0],
			"to": [2, 25, 2],
			"rotation": {"angle": 0, "axis": "y", "origin": [1, -6, 0]},
			"faces": {
				"north": {"uv": [0, 0, 1, 1], "texture": "#1"},
				"east": {"uv": [0, 0, 2, 1], "texture": "#1"},
				"south": {"uv": [0, 0, 1, 1], "texture": "#1"},
				"west": {"uv": [0, 0, 2, 1], "texture": "#1"},
				"up": {"uv": [0, 0, 1, 2], "texture": "#1"},
				"down": {"uv": [0, 0, 1, 2], "texture": "#1"}
			}
		},
		{
			"from": [2, 25, 0],
			"to": [3, 26, 2],
			"rotation": {"angle": 0, "axis": "y", "origin": [1.5, -5, 0]},
			"faces": {
				"north": {"uv": [0, 0, 1, 1], "texture": "#1"},
				"east": {"uv": [0, 0, 2, 1], "texture": "#1"},
				"south": {"uv": [0, 0, 1, 1], "texture": "#1"},
				"west": {"uv": [0, 0, 2, 1], "texture": "#1"},
				"up": {"uv": [0, 0, 1, 2], "texture": "#1"},
				"down": {"uv": [0, 0, 1, 2], "texture": "#1"}
			}
		},
		{
			"from": [3, 26, 0],
			"to": [5.5, 27, 2],
			"rotation": {"angle": 0, "axis": "y", "origin": [3, -4, 0]},
			"faces": {
				"north": {"uv": [0, 0, 2.5, 1], "texture": "#1"},
				"east": {"uv": [0, 0, 2, 1], "texture": "#1"},
				"south": {"uv": [0, 0, 2.5, 1], "texture": "#1"},
				"west": {"uv": [0, 0, 2, 1], "texture": "#1"},
				"up": {"uv": [0, 0, 2.5, 2], "texture": "#1"},
				"down": {"uv": [0, 0, 2.5, 2], "texture": "#1"}
			}
		},
		{
			"from": [1, 13, 0],
			"to": [15, 14, 2],
			"rotation": {"angle": 0, "axis": "y", "origin": [0, 12, 0]},
			"faces": {
				"north": {"uv": [0, 0, 14, 1], "texture": "#1"},
				"east": {"uv": [0, 0, 2, 1], "texture": "#1"},
				"south": {"uv": [0, 0, 14, 1], "texture": "#1"},
				"west": {"uv": [0, 0, 2, 1], "texture": "#1"},
				"up": {"uv": [0, 0, 14, 2], "texture": "#1"},
				"down": {"uv": [0, 0, 14, 2], "texture": "#1"}
			}
		},
		{
			"from": [1, 0, 0],
			"to": [15, 1, 2],
			"faces": {
				"north": {"uv": [0, 0, 14, 1], "texture": "#1"},
				"east": {"uv": [0, 0, 2, 1], "texture": "#1"},
				"south": {"uv": [0, 0, 14, 1], "texture": "#1"},
				"west": {"uv": [0, 0, 2, 1], "texture": "#1"},
				"up": {"uv": [0, 0, 14, 2], "texture": "#1"},
				"down": {"uv": [0, 0, 14, 2], "texture": "#1"}
			}
		},
		{
			"from": [1, 1, 0.8],
			"to": [15, 13, 0.8],
			"rotation": {"angle": 0, "axis": "y", "origin": [1, 1, -0.2]},
			"faces": {
				"north": {"uv": [0, 0, 14, 12], "texture": "#0"},
				"east": {"uv": [0, 0, 0, 12], "texture": "#0"},
				"south": {"uv": [0, 0, 14, 12], "texture": "#0"},
				"west": {"uv": [0, 0, 0, 12], "texture": "#0"},
				"up": {"uv": [0, 0, 14, 0], "texture": "#0"},
				"down": {"uv": [0, 0, 14, 0], "texture": "#0"}
			}
		},
		{
			"from": [3, 29, 0.3],
			"to": [13, 31, 0.3],
			"rotation": {"angle": 0, "axis": "y", "origin": [1, 14, -0.7]},
			"faces": {
				"north": {"uv": [0, 0, 10, 2], "texture": "#0"},
				"east": {"uv": [0, 0, 0, 2], "texture": "#0"},
				"south": {"uv": [0, 0, 10, 2], "texture": "#0"},
				"west": {"uv": [0, 0, 0, 2], "texture": "#0"},
				"up": {"uv": [0, 0, 10, 0], "texture": "#0"},
				"down": {"uv": [0, 0, 10, 0], "texture": "#0"}
			}
		},
		{
			"from": [1, 14, 0.3],
			"to": [15, 29, 0.3],
			"rotation": {"angle": 0, "axis": "y", "origin": [1, 14, -0.7]},
			"faces": {
				"north": {"uv": [0, 0, 14, 15], "texture": "#0"},
				"east": {"uv": [0, 0, 0, 15], "texture": "#0"},
				"south": {"uv": [0, 0, 14, 15], "texture": "#0"},
				"west": {"uv": [0, 0, 0, 15], "texture": "#0"},
				"up": {"uv": [0, 0, 14, 0], "texture": "#0"},
				"down": {"uv": [0, 0, 14, 0], "texture": "#0"}
			}
		},
		{
			"from": [0, 0, -5],
			"to": [16, 1, 0],
			"faces": {
				"north": {"uv": [0, 0, 16, 1], "texture": "#1"},
				"east": {"uv": [0, 0, 5, 1], "texture": "#1"},
				"south": {"uv": [0, 0, 16, 1], "texture": "#1"},
				"west": {"uv": [0, 0, 5, 1], "texture": "#1"},
				"up": {"uv": [0, 0, 16, 5], "texture": "#1"},
				"down": {"uv": [0, 0, 16, 5], "texture": "#1"}
			}
		},
		{
			"from": [0.19134, 0.53806, -4.8],
			"to": [16.49134, 1.03806, -4.8],
			"rotation": {"angle": 22.5, "axis": "z", "origin": [0.19134, 0.53806, 0.2]},
			"faces": {
				"north": {"uv": [0, 0, 16, 0.5], "texture": "#1"},
				"east": {"uv": [0, 0, 0, 0.5], "texture": "#1"},
				"south": {"uv": [0, 0, 16, 0.5], "texture": "#1"},
				"west": {"uv": [0, 0, 0, 0.5], "texture": "#1"},
				"up": {"uv": [0, 0, 16, 0], "texture": "#1"},
				"down": {"uv": [0, 0, 16, 0], "texture": "#1"}
			}
		},
		{
			"from": [0.42659, 6.661, -4.8],
			"to": [17.02659, 7.161, -4.8],
			"rotation": {"angle": -22.5, "axis": "z", "origin": [1.02659, 6.661, 0.2]},
			"faces": {
				"north": {"uv": [0, 0, 16, 0.5], "texture": "#1"},
				"east": {"uv": [0, 0, 0, 0.5], "texture": "#1"},
				"south": {"uv": [0, 0, 16, 0.5], "texture": "#1"},
				"west": {"uv": [0, 0, 0, 0.5], "texture": "#1"},
				"up": {"uv": [0, 0, 16, 0], "texture": "#1"},
				"down": {"uv": [0, 0, 16, 0], "texture": "#1"}
			}
		},
		{
			"from": [15, 1, -5],
			"to": [16, 9, -4],
			"faces": {
				"north": {"uv": [0, 0, 1, 8], "texture": "#1"},
				"east": {"uv": [0, 0, 1, 8], "texture": "#1"},
				"south": {"uv": [0, 0, 1, 8], "texture": "#1"},
				"west": {"uv": [0, 0, 1, 8], "texture": "#1"},
				"up": {"uv": [0, 0, 1, 1], "texture": "#1"},
				"down": {"uv": [0, 0, 1, 1], "texture": "#1"}
			}
		},
		{
			"from": [0.62659, 4.661, -4.8],
			"to": [13.02659, 5.161, -4.8],
			"rotation": {"angle": -22.5, "axis": "z", "origin": [1.02659, 4.661, 0.2]},
			"faces": {
				"north": {"uv": [0, 0, 12.4, 0.5], "texture": "#1"},
				"east": {"uv": [0, 0, 0, 0.5], "texture": "#1"},
				"south": {"uv": [0, 0, 12.4, 0.5], "texture": "#1"},
				"west": {"uv": [0, 0, 0, 0.5], "texture": "#1"},
				"up": {"uv": [0, 0, 12.4, 0], "texture": "#1"},
				"down": {"uv": [0, 0, 12.4, 0], "texture": "#1"}
			}
		},
		{
			"from": [0.52659, 2.661, -4.8],
			"to": [7.32659, 3.161, -4.8],
			"rotation": {"angle": -22.5, "axis": "z", "origin": [1.02659, 2.661, 0.2]},
			"faces": {
				"north": {"uv": [0, 0, 6.8, 0.5], "texture": "#1"},
				"east": {"uv": [0, 0, 0, 0.5], "texture": "#1"},
				"south": {"uv": [0, 0, 6.8, 0.5], "texture": "#1"},
				"west": {"uv": [0, 0, 0, 0.5], "texture": "#1"},
				"up": {"uv": [0, 0, 6.8, 0], "texture": "#1"},
				"down": {"uv": [0, 0, 6.8, 0], "texture": "#1"}
			}
		},
		{
			"from": [5.09134, -1.46194, -4.8],
			"to": [16.19134, -0.96194, -4.8],
			"rotation": {"angle": 22.5, "axis": "z", "origin": [0.19134, -1.46194, 0.2]},
			"faces": {
				"north": {"uv": [0, 0, 11.1, 0.5], "texture": "#1"},
				"east": {"uv": [0, 0, 0, 0.5], "texture": "#1"},
				"south": {"uv": [0, 0, 11.1, 0.5], "texture": "#1"},
				"west": {"uv": [0, 0, 0, 0.5], "texture": "#1"},
				"up": {"uv": [0, 0, 11.1, 0], "texture": "#1"},
				"down": {"uv": [0, 0, 11.1, 0], "texture": "#1"}
			}
		},
		{
			"from": [10.49134, -3.46194, -4.8],
			"to": [16.19134, -2.96194, -4.8],
			"rotation": {"angle": 22.5, "axis": "z", "origin": [0.19134, -3.46194, 0.2]},
			"faces": {
				"north": {"uv": [0, 0, 5.7, 0.5], "texture": "#1"},
				"east": {"uv": [0, 0, 0, 0.5], "texture": "#1"},
				"south": {"uv": [0, 0, 5.7, 0.5], "texture": "#1"},
				"west": {"uv": [0, 0, 0, 0.5], "texture": "#1"},
				"up": {"uv": [0, 0, 5.7, 0], "texture": "#1"},
				"down": {"uv": [0, 0, 5.7, 0], "texture": "#1"}
			}
		},
		{
			"from": [0.62659, 8.661, -4.8],
			"to": [17.02659, 9.161, -4.8],
			"rotation": {"angle": -22.5, "axis": "z", "origin": [1.02659, 8.661, 0.2]},
			"faces": {
				"north": {"uv": [0, 0, 16, 0.5], "texture": "#1"},
				"east": {"uv": [0, 0, 0, 0.5], "texture": "#1"},
				"south": {"uv": [0, 0, 16, 0.5], "texture": "#1"},
				"west": {"uv": [0, 0, 0, 0.5], "texture": "#1"},
				"up": {"uv": [0, 0, 16, 0], "texture": "#1"},
				"down": {"uv": [0, 0, 16, 0], "texture": "#1"}
			}
		},
		{
			"from": [0.19134, 2.53806, -4.8],
			"to": [16.59134, 3.03806, -4.8],
			"rotation": {"angle": 22.5, "axis": "z", "origin": [0.19134, 2.53806, 0.2]},
			"faces": {
				"north": {"uv": [0, 0, 16, 0.5], "texture": "#1"},
				"east": {"uv": [0, 0, 0, 0.5], "texture": "#1"},
				"south": {"uv": [0, 0, 16, 0.5], "texture": "#1"},
				"west": {"uv": [0, 0, 0, 0.5], "texture": "#1"},
				"up": {"uv": [0, 0, 16, 0], "texture": "#1"},
				"down": {"uv": [0, 0, 16, 0], "texture": "#1"}
			}
		},
		{
			"from": [5.52659, 10.661, -4.8],
			"to": [17.02659, 11.161, -4.8],
			"rotation": {"angle": -22.5, "axis": "z", "origin": [1.02659, 10.661, 0.2]},
			"faces": {
				"north": {"uv": [0, 0, 11.5, 0.5], "texture": "#1"},
				"east": {"uv": [0, 0, 0, 0.5], "texture": "#1"},
				"south": {"uv": [0, 0, 11.5, 0.5], "texture": "#1"},
				"west": {"uv": [0, 0, 0, 0.5], "texture": "#1"},
				"up": {"uv": [0, 0, 11.5, 0], "texture": "#1"},
				"down": {"uv": [0, 0, 11.5, 0], "texture": "#1"}
			}
		},
		{
			"from": [0.19134, 4.53806, -4.8],
			"to": [11.69134, 5.03806, -4.8],
			"rotation": {"angle": 22.5, "axis": "z", "origin": [0.19134, 4.53806, 0.2]},
			"faces": {
				"north": {"uv": [0, 0, 11.5, 0.5], "texture": "#1"},
				"east": {"uv": [0, 0, 0, 0.5], "texture": "#1"},
				"south": {"uv": [0, 0, 11.5, 0.5], "texture": "#1"},
				"west": {"uv": [0, 0, 0, 0.5], "texture": "#1"},
				"up": {"uv": [0, 0, 11.5, 0], "texture": "#1"},
				"down": {"uv": [0, 0, 11.5, 0], "texture": "#1"}
			}
		},
		{
			"from": [10.62659, 12.661, -4.8],
			"to": [16.12659, 13.161, -4.8],
			"rotation": {"angle": -22.5, "axis": "z", "origin": [1.02659, 12.661, 0.2]},
			"faces": {
				"north": {"uv": [0, 0, 5.5, 0.5], "texture": "#1"},
				"east": {"uv": [0, 0, 0, 0.5], "texture": "#1"},
				"south": {"uv": [0, 0, 5.5, 0.5], "texture": "#1"},
				"west": {"uv": [0, 0, 0, 0.5], "texture": "#1"},
				"up": {"uv": [0, 0, 5.5, 0], "texture": "#1"},
				"down": {"uv": [0, 0, 5.5, 0], "texture": "#1"}
			}
		},
		{
			"from": [0.19134, 6.53806, -4.8],
			"to": [6.59134, 7.03806, -4.8],
			"rotation": {"angle": 22.5, "axis": "z", "origin": [0.19134, 6.53806, 0.2]},
			"faces": {
				"north": {"uv": [0, 0, 6.4, 0.5], "texture": "#1"},
				"east": {"uv": [0, 0, 0, 0.5], "texture": "#1"},
				"south": {"uv": [0, 0, 6.4, 0.5], "texture": "#1"},
				"west": {"uv": [0, 0, 0, 0.5], "texture": "#1"},
				"up": {"uv": [0, 0, 6.4, 0], "texture": "#1"},
				"down": {"uv": [0, 0, 6.4, 0], "texture": "#1"}
			}
		},
		{
			"from": [0, 9, -5],
			"to": [16, 9.5, -4],
			"rotation": {"angle": 0, "axis": "y", "origin": [0, -2, 0]},
			"faces": {
				"north": {"uv": [0, 0, 16, 0.5], "texture": "#1"},
				"east": {"uv": [0, 0, 1, 0.5], "texture": "#1"},
				"south": {"uv": [0, 0, 16, 0.5], "texture": "#1"},
				"west": {"uv": [0, 0, 1, 0.5], "texture": "#1"},
				"up": {"uv": [0, 0, 16, 1], "texture": "#1"},
				"down": {"uv": [0, 0, 16, 1], "texture": "#1"}
			}
		},
		{
			"from": [0, 1, -5],
			"to": [1, 9, -4],
			"rotation": {"angle": 0, "axis": "y", "origin": [-15, 0, 0]},
			"faces": {
				"north": {"uv": [0, 0, 1, 8], "texture": "#1"},
				"east": {"uv": [0, 0, 1, 8], "texture": "#1"},
				"south": {"uv": [0, 0, 1, 8], "texture": "#1"},
				"west": {"uv": [0, 0, 1, 8], "texture": "#1"},
				"up": {"uv": [0, 0, 1, 1], "texture": "#1"},
				"down": {"uv": [0, 0, 1, 1], "texture": "#1"}
			}
		},
		{
			"from": [0, 9, -4],
			"to": [1, 9.5, 0],
			"rotation": {"angle": 0, "axis": "y", "origin": [0, -2, 0]},
			"faces": {
				"north": {"uv": [0, 0, 1, 0.5], "texture": "#1"},
				"east": {"uv": [0, 0, 4, 0.5], "texture": "#1"},
				"south": {"uv": [0, 0, 1, 0.5], "texture": "#1"},
				"west": {"uv": [0, 0, 4, 0.5], "texture": "#1"},
				"up": {"uv": [0, 0, 1, 4], "texture": "#1"},
				"down": {"uv": [0, 0, 1, 4], "texture": "#1"}
			}
		},
		{
			"from": [15, 9, -4],
			"to": [16, 9.5, 0],
			"rotation": {"angle": 0, "axis": "y", "origin": [15, -2, 0]},
			"faces": {
				"north": {"uv": [0, 0, 1, 0.5], "texture": "#1"},
				"east": {"uv": [0, 0, 4, 0.5], "texture": "#1"},
				"south": {"uv": [0, 0, 1, 0.5], "texture": "#1"},
				"west": {"uv": [0, 0, 4, 0.5], "texture": "#1"},
				"up": {"uv": [0, 0, 1, 4], "texture": "#1"},
				"down": {"uv": [0, 0, 1, 4], "texture": "#1"}
			}
		},
		{
			"from": [0.2, 6.61418, -5.57403],
			"to": [0.2, 7.11418, -0.57403],
			"rotation": {"angle": 22.5, "axis": "x", "origin": [0.2, 5.61418, -0.57403]},
			"faces": {
				"north": {"uv": [0, 0, 0, 0.5], "texture": "#1"},
				"east": {"uv": [0, 0, 5, 0.5], "texture": "#1"},
				"south": {"uv": [0, 0, 0, 0.5], "texture": "#1"},
				"west": {"uv": [0, 0, 5, 0.5], "texture": "#1"},
				"up": {"uv": [0, 0, 0, 5], "texture": "#1"},
				"down": {"uv": [0, 0, 0, 5], "texture": "#1"}
			}
		},
		{
			"from": [0.2, 8.14491, -4.73046],
			"to": [0.2, 8.64491, 1.26954],
			"rotation": {"angle": -22.5, "axis": "x", "origin": [0.2, 7.14491, -0.73046]},
			"faces": {
				"north": {"uv": [0, 0, 0, 0.5], "texture": "#1"},
				"east": {"uv": [0, 0, 6, 0.5], "texture": "#1"},
				"south": {"uv": [0, 0, 0, 0.5], "texture": "#1"},
				"west": {"uv": [0, 0, 6, 0.5], "texture": "#1"},
				"up": {"uv": [0, 0, 0, 6], "texture": "#1"},
				"down": {"uv": [0, 0, 0, 6], "texture": "#1"}
			}
		},
		{
			"from": [0.2, 4.61418, -5.57403],
			"to": [0.2, 5.11418, -0.57403],
			"rotation": {"angle": 22.5, "axis": "x", "origin": [0.2, 3.61418, -0.57403]},
			"faces": {
				"north": {"uv": [0, 0, 0, 0.5], "texture": "#1"},
				"east": {"uv": [0, 0, 5, 0.5], "texture": "#1"},
				"south": {"uv": [0, 0, 0, 0.5], "texture": "#1"},
				"west": {"uv": [0, 0, 5, 0.5], "texture": "#1"},
				"up": {"uv": [0, 0, 0, 5], "texture": "#1"},
				"down": {"uv": [0, 0, 0, 5], "texture": "#1"}
			}
		},
		{
			"from": [0.2, 6.14491, -4.73046],
			"to": [0.2, 6.64491, 1.26954],
			"rotation": {"angle": -22.5, "axis": "x", "origin": [0.2, 5.14491, -0.73046]},
			"faces": {
				"north": {"uv": [0, 0, 0, 0.5], "texture": "#1"},
				"east": {"uv": [0, 0, 6, 0.5], "texture": "#1"},
				"south": {"uv": [0, 0, 0, 0.5], "texture": "#1"},
				"west": {"uv": [0, 0, 6, 0.5], "texture": "#1"},
				"up": {"uv": [0, 0, 0, 6], "texture": "#1"},
				"down": {"uv": [0, 0, 0, 6], "texture": "#1"}
			}
		},
		{
			"from": [0.2, 2.61418, -5.57403],
			"to": [0.2, 3.11418, -0.57403],
			"rotation": {"angle": 22.5, "axis": "x", "origin": [0.2, 1.61418, -0.57403]},
			"faces": {
				"north": {"uv": [0, 0, 0, 0.5], "texture": "#1"},
				"east": {"uv": [0, 0, 5, 0.5], "texture": "#1"},
				"south": {"uv": [0, 0, 0, 0.5], "texture": "#1"},
				"west": {"uv": [0, 0, 5, 0.5], "texture": "#1"},
				"up": {"uv": [0, 0, 0, 5], "texture": "#1"},
				"down": {"uv": [0, 0, 0, 5], "texture": "#1"}
			}
		},
		{
			"from": [0.2, 4.14491, -4.73046],
			"to": [0.2, 4.64491, 1.26954],
			"rotation": {"angle": -22.5, "axis": "x", "origin": [0.2, 3.14491, -0.73046]},
			"faces": {
				"north": {"uv": [0, 0, 0, 0.5], "texture": "#1"},
				"east": {"uv": [0, 0, 6, 0.5], "texture": "#1"},
				"south": {"uv": [0, 0, 0, 0.5], "texture": "#1"},
				"west": {"uv": [0, 0, 6, 0.5], "texture": "#1"},
				"up": {"uv": [0, 0, 0, 6], "texture": "#1"},
				"down": {"uv": [0, 0, 0, 6], "texture": "#1"}
			}
		},
		{
			"from": [0.2, 0.61418, -5.57403],
			"to": [0.2, 1.11418, -0.57403],
			"rotation": {"angle": 22.5, "axis": "x", "origin": [0.2, -0.38582, -0.57403]},
			"faces": {
				"north": {"uv": [0, 0, 0, 0.5], "texture": "#1"},
				"east": {"uv": [0, 0, 5, 0.5], "texture": "#1"},
				"south": {"uv": [0, 0, 0, 0.5], "texture": "#1"},
				"west": {"uv": [0, 0, 5, 0.5], "texture": "#1"},
				"up": {"uv": [0, 0, 0, 5], "texture": "#1"},
				"down": {"uv": [0, 0, 0, 5], "texture": "#1"}
			}
		},
		{
			"from": [0.2, 2.14491, -4.73046],
			"to": [0.2, 2.64491, 1.26954],
			"rotation": {"angle": -22.5, "axis": "x", "origin": [0.2, 1.14491, -0.73046]},
			"faces": {
				"north": {"uv": [0, 0, 0, 0.5], "texture": "#1"},
				"east": {"uv": [0, 0, 6, 0.5], "texture": "#1"},
				"south": {"uv": [0, 0, 0, 0.5], "texture": "#1"},
				"west": {"uv": [0, 0, 6, 0.5], "texture": "#1"},
				"up": {"uv": [0, 0, 0, 6], "texture": "#1"},
				"down": {"uv": [0, 0, 0, 6], "texture": "#1"}
			}
		},
		{
			"from": [15.8, 2.14491, -4.73046],
			"to": [15.8, 2.64491, 1.26954],
			"rotation": {"angle": -22.5, "axis": "x", "origin": [15.8, 1.14491, -0.73046]},
			"faces": {
				"north": {"uv": [0, 0, 0, 0.5], "texture": "#1"},
				"east": {"uv": [0, 0, 6, 0.5], "texture": "#1"},
				"south": {"uv": [0, 0, 0, 0.5], "texture": "#1"},
				"west": {"uv": [0, 0, 6, 0.5], "texture": "#1"},
				"up": {"uv": [0, 0, 0, 6], "texture": "#1"},
				"down": {"uv": [0, 0, 0, 6], "texture": "#1"}
			}
		},
		{
			"from": [15.8, 0.61418, -5.57403],
			"to": [15.8, 1.11418, -0.57403],
			"rotation": {"angle": 22.5, "axis": "x", "origin": [15.8, -0.38582, -0.57403]},
			"faces": {
				"north": {"uv": [0, 0, 0, 0.5], "texture": "#1"},
				"east": {"uv": [0, 0, 5, 0.5], "texture": "#1"},
				"south": {"uv": [0, 0, 0, 0.5], "texture": "#1"},
				"west": {"uv": [0, 0, 5, 0.5], "texture": "#1"},
				"up": {"uv": [0, 0, 0, 5], "texture": "#1"},
				"down": {"uv": [0, 0, 0, 5], "texture": "#1"}
			}
		},
		{
			"from": [15.8, 4.14491, -4.73046],
			"to": [15.8, 4.64491, 1.26954],
			"rotation": {"angle": -22.5, "axis": "x", "origin": [15.8, 3.14491, -0.73046]},
			"faces": {
				"north": {"uv": [0, 0, 0, 0.5], "texture": "#1"},
				"east": {"uv": [0, 0, 6, 0.5], "texture": "#1"},
				"south": {"uv": [0, 0, 0, 0.5], "texture": "#1"},
				"west": {"uv": [0, 0, 6, 0.5], "texture": "#1"},
				"up": {"uv": [0, 0, 0, 6], "texture": "#1"},
				"down": {"uv": [0, 0, 0, 6], "texture": "#1"}
			}
		},
		{
			"from": [15.8, 2.61418, -5.57403],
			"to": [15.8, 3.11418, -0.57403],
			"rotation": {"angle": 22.5, "axis": "x", "origin": [15.8, 1.61418, -0.57403]},
			"faces": {
				"north": {"uv": [0, 0, 0, 0.5], "texture": "#1"},
				"east": {"uv": [0, 0, 5, 0.5], "texture": "#1"},
				"south": {"uv": [0, 0, 0, 0.5], "texture": "#1"},
				"west": {"uv": [0, 0, 5, 0.5], "texture": "#1"},
				"up": {"uv": [0, 0, 0, 5], "texture": "#1"},
				"down": {"uv": [0, 0, 0, 5], "texture": "#1"}
			}
		},
		{
			"from": [15.8, 6.14491, -4.73046],
			"to": [15.8, 6.64491, 1.26954],
			"rotation": {"angle": -22.5, "axis": "x", "origin": [15.8, 5.14491, -0.73046]},
			"faces": {
				"north": {"uv": [0, 0, 0, 0.5], "texture": "#1"},
				"east": {"uv": [0, 0, 6, 0.5], "texture": "#1"},
				"south": {"uv": [0, 0, 0, 0.5], "texture": "#1"},
				"west": {"uv": [0, 0, 6, 0.5], "texture": "#1"},
				"up": {"uv": [0, 0, 0, 6], "texture": "#1"},
				"down": {"uv": [0, 0, 0, 6], "texture": "#1"}
			}
		},
		{
			"from": [15.8, 4.61418, -5.57403],
			"to": [15.8, 5.11418, -0.57403],
			"rotation": {"angle": 22.5, "axis": "x", "origin": [15.8, 3.61418, -0.57403]},
			"faces": {
				"north": {"uv": [0, 0, 0, 0.5], "texture": "#1"},
				"east": {"uv": [0, 0, 5, 0.5], "texture": "#1"},
				"south": {"uv": [0, 0, 0, 0.5], "texture": "#1"},
				"west": {"uv": [0, 0, 5, 0.5], "texture": "#1"},
				"up": {"uv": [0, 0, 0, 5], "texture": "#1"},
				"down": {"uv": [0, 0, 0, 5], "texture": "#1"}
			}
		},
		{
			"from": [15.8, 8.14491, -4.73046],
			"to": [15.8, 8.64491, 1.26954],
			"rotation": {"angle": -22.5, "axis": "x", "origin": [15.8, 7.14491, -0.73046]},
			"faces": {
				"north": {"uv": [0, 0, 0, 0.5], "texture": "#1"},
				"east": {"uv": [0, 0, 6, 0.5], "texture": "#1"},
				"south": {"uv": [0, 0, 0, 0.5], "texture": "#1"},
				"west": {"uv": [0, 0, 6, 0.5], "texture": "#1"},
				"up": {"uv": [0, 0, 0, 6], "texture": "#1"},
				"down": {"uv": [0, 0, 0, 6], "texture": "#1"}
			}
		},
		{
			"from": [15.8, 6.61418, -5.57403],
			"to": [15.8, 7.11418, -0.57403],
			"rotation": {"angle": 22.5, "axis": "x", "origin": [15.8, 5.61418, -0.57403]},
			"faces": {
				"north": {"uv": [0, 0, 0, 0.5], "texture": "#1"},
				"east": {"uv": [0, 0, 5, 0.5], "texture": "#1"},
				"south": {"uv": [0, 0, 0, 0.5], "texture": "#1"},
				"west": {"uv": [0, 0, 5, 0.5], "texture": "#1"},
				"up": {"uv": [0, 0, 0, 5], "texture": "#1"},
				"down": {"uv": [0, 0, 0, 5], "texture": "#1"}
			}
		}
	],
	"display": {
		"head": {
			"translation": [0, -8.25, 28.5],
			"scale": [1.6, 1.6, 1.6]
		}
	}
}