{
	"credit": "Made with Blockbench",
	"texture_size": [32, 32],
	"textures": {
		"2": "item/fenêtre abri3",
		"3": "item/fenêtre abri2",
		"4": "item/fenêtre abri",
		"5": "item/texture",
		"6": "item/vitregrise "
	},
	"elements": [
		{
			"from": [0, -16, 1],
			"to": [1, -15, 14.8],
			"rotation": {"angle": 0, "axis": "y", "origin": [0, -16, 0]},
			"faces": {
				"north": {"uv": [0, 0, 0.5, 0.5], "texture": "#5"},
				"east": {"uv": [0, 0, 6.9, 0.5], "texture": "#5"},
				"south": {"uv": [0, 0, 0.5, 0.5], "texture": "#5"},
				"west": {"uv": [0, 0, 6.9, 0.5], "texture": "#5"},
				"up": {"uv": [0, 0, 0.5, 6.9], "texture": "#5"},
				"down": {"uv": [0, 0, 0.5, 6.9], "texture": "#5"}
			}
		},
		{
			"from": [0, -16, 14.8],
			"to": [1, 16, 15.8],
			"rotation": {"angle": 0, "axis": "y", "origin": [0, -16, -0.2]},
			"faces": {
				"north": {"uv": [0, 0, 0.5, 16], "texture": "#5"},
				"east": {"uv": [0, 0, 0.5, 16], "texture": "#5"},
				"south": {"uv": [0, 0, 0.5, 16], "texture": "#5"},
				"west": {"uv": [0, 0, 0.5, 16], "texture": "#5"},
				"up": {"uv": [0, 0, 0.5, 0.5], "texture": "#5"},
				"down": {"uv": [0, 0, 0.5, 0.5], "texture": "#5"}
			}
		},
		{
			"from": [0, -16, 0],
			"to": [1, 16, 1],
			"rotation": {"angle": 0, "axis": "y", "origin": [0, -16, -15]},
			"faces": {
				"north": {"uv": [0, 0, 0.5, 16], "texture": "#5"},
				"east": {"uv": [0, 0, 0.5, 16], "texture": "#5"},
				"south": {"uv": [0, 0, 0.5, 16], "texture": "#5"},
				"west": {"uv": [0, 0, 0.5, 16], "texture": "#5"},
				"up": {"uv": [0, 0, 0.5, 0.5], "texture": "#5"},
				"down": {"uv": [0, 0, 0.5, 0.5], "texture": "#5"}
			}
		},
		{
			"from": [0, -15, 7.4],
			"to": [1, 15, 8.4],
			"rotation": {"angle": 0, "axis": "y", "origin": [0, -16, -7.6]},
			"faces": {
				"north": {"uv": [0, 0, 0.5, 15], "texture": "#5"},
				"east": {"uv": [0, 0, 0.5, 15], "texture": "#5"},
				"south": {"uv": [0, 0, 0.5, 15], "texture": "#5"},
				"west": {"uv": [0, 0, 0.5, 15], "texture": "#5"},
				"up": {"uv": [0, 0, 0.5, 0.5], "texture": "#5"},
				"down": {"uv": [0, 0, 0.5, 0.5], "texture": "#5"}
			}
		},
		{
			"from": [12.89879, -1.72863, 0],
			"to": [12.89879, 19.27137, 16],
			"rotation": {"angle": 45, "axis": "z", "origin": [10.89879, 3.27137, 0]},
			"faces": {
				"north": {"uv": [0, 0, 0, 10.5], "texture": "#3"},
				"east": {"uv": [0, 0, 16, 14], "texture": "#3"},
				"south": {"uv": [0, 0, 0, 10.5], "texture": "#3"},
				"west": {"uv": [0, 0, 16, 14], "texture": "#3"},
				"up": {"uv": [0, 8, 0, 0], "texture": "#3"},
				"down": {"uv": [0, 0, 0, 8], "texture": "#3"}
			}
		},
		{
			"from": [0, 15, 1],
			"to": [1, 16, 14.8],
			"rotation": {"angle": 0, "axis": "y", "origin": [0, 15, 0]},
			"faces": {
				"north": {"uv": [0, 0, 0.5, 0.5], "texture": "#5"},
				"east": {"uv": [0, 0, 6.9, 0.5], "texture": "#5"},
				"south": {"uv": [0, 0, 0.5, 0.5], "texture": "#5"},
				"west": {"uv": [0, 0, 6.9, 0.5], "texture": "#5"},
				"up": {"uv": [0, 0, 0.5, 6.9], "texture": "#5"},
				"down": {"uv": [0, 0, 0.5, 6.9], "texture": "#5"}
			}
		},
		{
			"from": [0.94924, 1.15076, 0],
			"to": [15.84924, 16.05076, 0],
			"rotation": {"angle": 0, "axis": "y", "origin": [13.84924, 1.15076, 0]},
			"faces": {
				"north": {"uv": [0, 0, 16, 16], "texture": "#2"},
				"east": {"uv": [0, 0, 0, 7.5], "texture": "#missing"},
				"south": {"uv": [16, 0, 0, 16], "texture": "#2"},
				"west": {"uv": [0, 0, 0, 7.5], "texture": "#missing"},
				"up": {"uv": [7.5, 0, 0, 0], "texture": "#missing"},
				"down": {"uv": [7.5, 0, 0, 0], "texture": "#missing"}
			}
		},
		{
			"from": [0.94924, 1.15076, 15.999],
			"to": [15.84924, 15.95076, 15.999],
			"rotation": {"angle": 0, "axis": "y", "origin": [13.84924, 1.15076, 15.999]},
			"faces": {
				"north": {"uv": [0, 0, 16, 16], "texture": "#2"},
				"east": {"uv": [0, 0, 0, 7.4], "texture": "#missing"},
				"south": {"uv": [16, 0, 0, 16], "texture": "#2"},
				"west": {"uv": [0, 0, 0, 7.4], "texture": "#missing"},
				"up": {"uv": [0, 0, 7.45, 0], "texture": "#missing"},
				"down": {"uv": [0, 0, 7.45, 0], "texture": "#missing"}
			}
		},
		{
			"from": [15.84824, -0.84924, 0],
			"to": [15.84824, 1.15076, 16],
			"rotation": {"angle": 0, "axis": "y", "origin": [-0.15176, -0.84924, 0]},
			"faces": {
				"north": {"uv": [0, 0, 0, 1], "texture": "#missing"},
				"east": {"uv": [0, 14, 16, 16], "texture": "#3"},
				"south": {"uv": [0, 0, 0, 1], "texture": "#missing"},
				"west": {"uv": [0, 14, 16, 16], "texture": "#3"},
				"up": {"uv": [0, 0, 0, 8], "texture": "#missing"},
				"down": {"uv": [0, 0, 0, 8], "texture": "#missing"}
			}
		},
		{
			"from": [0.94924, -0.84924, 16],
			"to": [15.84924, 1.15076, 16],
			"rotation": {"angle": 0, "axis": "y", "origin": [-0.15076, -0.84924, 16]},
			"faces": {
				"north": {"uv": [16, 14, 0, 16], "texture": "#4"},
				"east": {"uv": [0, 0, 0, 1], "texture": "#4"},
				"south": {"uv": [0, 14, 16, 16], "texture": "#4"},
				"west": {"uv": [0, 0, 0, 1], "texture": "#4"},
				"up": {"uv": [0, 0, 7.45, 0], "texture": "#4"},
				"down": {"uv": [0, 0, 7.45, 0], "texture": "#4"}
			}
		},
		{
			"from": [0.94924, -0.84924, 0],
			"to": [15.84924, 1.15076, 0],
			"rotation": {"angle": 0, "axis": "y", "origin": [-0.15076, -0.84924, 0]},
			"faces": {
				"north": {"uv": [16, 14, 0, 16], "texture": "#4"},
				"east": {"uv": [0, 0, 0, 1], "texture": "#4"},
				"south": {"uv": [0, 14, 16, 16], "texture": "#4"},
				"west": {"uv": [0, 0, 0, 1], "texture": "#4"},
				"up": {"uv": [0, 0, 7.45, 0], "texture": "#4"},
				"down": {"uv": [0, 0, 7.45, 0], "texture": "#4"}
			}
		},
		{
			"from": [0, 0, 1],
			"to": [1, 1, 7.4],
			"faces": {
				"north": {"uv": [0, 0, 0.5, 0.5], "texture": "#5"},
				"east": {"uv": [0, 0, 3.2, 0.5], "texture": "#5"},
				"south": {"uv": [0, 0, 0.5, 0.5], "texture": "#5"},
				"west": {"uv": [0, 0, 3.2, 0.5], "texture": "#5"},
				"up": {"uv": [0, 0, 0.5, 3.2], "texture": "#5"},
				"down": {"uv": [0, 0, 0.5, 3.2], "texture": "#5"}
			}
		},
		{
			"from": [0, 0, 8.4],
			"to": [1, 1, 14.8],
			"rotation": {"angle": 0, "axis": "y", "origin": [0, 0, 7.4]},
			"faces": {
				"north": {"uv": [0, 0, 0.5, 0.5], "texture": "#5"},
				"east": {"uv": [0, 0, 3.2, 0.5], "texture": "#5"},
				"south": {"uv": [0, 0, 0.5, 0.5], "texture": "#5"},
				"west": {"uv": [0, 0, 3.2, 0.5], "texture": "#5"},
				"up": {"uv": [0, 0, 0.5, 3.2], "texture": "#5"},
				"down": {"uv": [0, 0, 0.5, 3.2], "texture": "#5"}
			}
		},
		{
			"from": [0, 1, 1],
			"to": [0, 15, 7.4],
			"faces": {
				"north": {"uv": [0, 0, 0, 7], "texture": "#6"},
				"east": {"uv": [0, 0, 3.2, 7], "texture": "#6"},
				"south": {"uv": [0, 0, 0, 7], "texture": "#6"},
				"west": {"uv": [0, 0, 3.2, 7], "texture": "#6"},
				"up": {"uv": [0, 0, 0, 3.2], "texture": "#6"},
				"down": {"uv": [0, 0, 0, 3.2], "texture": "#6"}
			}
		},
		{
			"from": [0, 1, 8.4],
			"to": [0, 15, 14.8],
			"rotation": {"angle": 0, "axis": "y", "origin": [0, 0, 7.4]},
			"faces": {
				"north": {"uv": [0, 0, 0, 7], "texture": "#6"},
				"east": {"uv": [0, 0, 3.2, 7], "texture": "#6"},
				"south": {"uv": [0, 0, 0, 7], "texture": "#6"},
				"west": {"uv": [0, 0, 3.2, 7], "texture": "#6"},
				"up": {"uv": [0, 0, 0, 3.2], "texture": "#6"},
				"down": {"uv": [0, 0, 0, 3.2], "texture": "#6"}
			}
		},
		{
			"from": [0, -15, 8.4],
			"to": [0, 0, 14.8],
			"rotation": {"angle": 0, "axis": "y", "origin": [0, -15, 7.4]},
			"faces": {
				"north": {"uv": [0, 0, 0, 7.5], "texture": "#6"},
				"east": {"uv": [0, 0, 3.2, 7.5], "texture": "#6"},
				"south": {"uv": [0, 0, 0, 7.5], "texture": "#6"},
				"west": {"uv": [0, 0, 3.2, 7.5], "texture": "#6"},
				"up": {"uv": [0, 0, 0, 3.2], "texture": "#6"},
				"down": {"uv": [0, 0, 0, 3.2], "texture": "#6"}
			}
		},
		{
			"from": [0, -15, 1],
			"to": [0, 0, 7.4],
			"rotation": {"angle": 0, "axis": "y", "origin": [0, -15, 0]},
			"faces": {
				"north": {"uv": [0, 0, 0, 7.5], "texture": "#6"},
				"east": {"uv": [0, 0, 3.2, 7.5], "texture": "#6"},
				"south": {"uv": [0, 0, 0, 7.5], "texture": "#6"},
				"west": {"uv": [0, 0, 3.2, 7.5], "texture": "#6"},
				"up": {"uv": [0, 0, 0, 3.2], "texture": "#6"},
				"down": {"uv": [0, 0, 0, 3.2], "texture": "#6"}
			}
		}
	],
	"display": {
		"gui": {
			"rotation": [3, -58, 28],
			"translation": [-1.5, 4.75, 0],
			"scale": [0.5, 0.5, 0.5]
		},
		"head": {
			"rotation": [0, 90, 0],
			"translation": [0, 1.75, 20],
			"scale": [1.5, 1.5, 1.5]
		}
	}
}