{
	"credit": "Made with Blockbench",
	"textures": {
		"0": "item/texture",
		"1": "item/vert fonçé",
		"2": "item/cut_sandstonemodif",
		"3": "item/abrifenetre",
		"4": "item/vitregrise ",
		"particle": "item/texture"
	},
	"elements": [
		{
			"from": [0.03604, -15, 6.36396],
			"to": [6.63604, -14, 8.36396],
			"rotation": {"angle": 45, "axis": "y", "origin": [-2.36396, -16, 6.36396]},
			"faces": {
				"north": {"uv": [0, 0, 6.6, 1], "texture": "#0"},
				"east": {"uv": [0, 0, 2, 1], "texture": "#0"},
				"south": {"uv": [0, 0, 6.6, 1], "texture": "#0"},
				"west": {"uv": [0, 0, 2, 1], "texture": "#0"},
				"up": {"uv": [0, 0, 6.6, 2], "texture": "#0"},
				"down": {"uv": [0, 0, 6.6, 2], "texture": "#0"}
			}
		},
		{
			"from": [4, -15, 0],
			"to": [12, -14, 2],
			"rotation": {"angle": 0, "axis": "y", "origin": [3, -16, 0]},
			"faces": {
				"north": {"uv": [0, 0, 8, 1], "texture": "#0"},
				"east": {"uv": [0, 0, 2, 1], "texture": "#0"},
				"south": {"uv": [0, 0, 8, 1], "texture": "#0"},
				"west": {"uv": [0, 0, 2, 1], "texture": "#0"},
				"up": {"uv": [0, 0, 8, 2], "texture": "#0"},
				"down": {"uv": [0, 0, 8, 2], "texture": "#0"}
			}
		},
		{
			"from": [12.29289, -15, -0.70711],
			"to": [18.89289, -14, 1.29289],
			"rotation": {"angle": -45, "axis": "y", "origin": [11.29289, -16, -0.70711]},
			"faces": {
				"north": {"uv": [0, 0, 6.6, 1], "texture": "#0"},
				"east": {"uv": [0, 0, 2, 1], "texture": "#0"},
				"south": {"uv": [0, 0, 6.6, 1], "texture": "#0"},
				"west": {"uv": [0, 0, 2, 1], "texture": "#0"},
				"up": {"uv": [0, 0, 6.6, 2], "texture": "#0"},
				"down": {"uv": [0, 0, 6.6, 2], "texture": "#0"}
			}
		},
		{
			"from": [0.90761, -16, 9.77817],
			"to": [6.80761, -15, 12.77817],
			"rotation": {"angle": 45, "axis": "y", "origin": [-5.19239, -15, 8.77817]},
			"faces": {
				"north": {"uv": [0, 0, 5.9, 1], "texture": "#1"},
				"east": {"uv": [0, 0, 3, 1], "texture": "#1"},
				"south": {"uv": [0, 0, 5.9, 1], "texture": "#1"},
				"west": {"uv": [0, 0, 3, 1], "texture": "#1"},
				"up": {"uv": [0, 0, 5.9, 3], "texture": "#1"},
				"down": {"uv": [0, 0, 5.9, 3], "texture": "#1"}
			}
		},
		{
			"from": [4, -16, 1],
			"to": [12, -15, 5.3],
			"rotation": {"angle": 0, "axis": "y", "origin": [0, -15, 0]},
			"faces": {
				"north": {"uv": [0, 0, 8, 1], "texture": "#1"},
				"east": {"uv": [0, 0, 4.3, 1], "texture": "#1"},
				"south": {"uv": [0, 0, 8, 1], "texture": "#1"},
				"west": {"uv": [0, 0, 4.3, 1], "texture": "#1"},
				"up": {"uv": [0, 0, 8, 4.3], "texture": "#1"},
				"down": {"uv": [0, 0, 8, 4.3], "texture": "#1"}
			}
		},
		{
			"from": [13.87868, -16, -1.53553],
			"to": [19.77868, -15, 1.46447],
			"rotation": {"angle": -45, "axis": "y", "origin": [9.87868, -15, -2.53553]},
			"faces": {
				"north": {"uv": [0, 0, 5.9, 1], "texture": "#1"},
				"east": {"uv": [0, 0, 3, 1], "texture": "#1"},
				"south": {"uv": [0, 0, 5.9, 1], "texture": "#1"},
				"west": {"uv": [0, 0, 3, 1], "texture": "#1"},
				"up": {"uv": [0, 0, 5.9, 3], "texture": "#1"},
				"down": {"uv": [0, 0, 5.9, 3], "texture": "#1"}
			}
		},
		{
			"from": [4.8, -14, 1],
			"to": [11.2, -13, 2],
			"rotation": {"angle": 0, "axis": "y", "origin": [6, -14, 0]},
			"faces": {
				"north": {"uv": [0, 0, 6.4, 1], "texture": "#1"},
				"east": {"uv": [0, 0, 1, 1], "texture": "#1"},
				"south": {"uv": [0, 0, 6.4, 1], "texture": "#1"},
				"west": {"uv": [0, 0, 1, 1], "texture": "#1"},
				"up": {"uv": [0, 0, 6.4, 1], "texture": "#1"},
				"down": {"uv": [0, 0, 6.4, 1], "texture": "#1"}
			}
		},
		{
			"from": [10.75563, -14, -0.05858],
			"to": [11.75563, -13, 5.34142],
			"rotation": {"angle": 45, "axis": "y", "origin": [12.75563, -14, 1.14142]},
			"faces": {
				"north": {"uv": [0, 0, 1, 1], "texture": "#1"},
				"east": {"uv": [0, 0, 5.4, 1], "texture": "#1"},
				"south": {"uv": [0, 0, 1, 1], "texture": "#1"},
				"west": {"uv": [0, 0, 5.4, 1], "texture": "#1"},
				"up": {"uv": [0, 0, 5.4, 1], "rotation": 90, "texture": "#1"},
				"down": {"uv": [0, 0, 5.4, 1], "rotation": 270, "texture": "#1"}
			}
		},
		{
			"from": [0.21594, -14, 4.96985],
			"to": [5.61594, -13, 5.96985],
			"rotation": {"angle": 45, "axis": "y", "origin": [0.41594, -14, 3.96985]},
			"faces": {
				"north": {"uv": [0, 0, 5.4, 1], "texture": "#1"},
				"east": {"uv": [0, 0, 1, 1], "texture": "#1"},
				"south": {"uv": [0, 0, 5.4, 1], "texture": "#1"},
				"west": {"uv": [0, 0, 1, 1], "texture": "#1"},
				"up": {"uv": [0, 0, 5.4, 1], "texture": "#1"},
				"down": {"uv": [0, 0, 5.4, 1], "texture": "#1"}
			}
		},
		{
			"from": [4.8, -13, 1],
			"to": [5.2, -11, 1.4],
			"rotation": {"angle": 0, "axis": "y", "origin": [0, -14, 0]},
			"faces": {
				"north": {"uv": [0, 0, 0.4, 2], "texture": "#1"},
				"east": {"uv": [0, 0, 0.4, 2], "texture": "#1"},
				"south": {"uv": [0, 0, 0.4, 2], "texture": "#1"},
				"west": {"uv": [0, 0, 0.4, 2], "texture": "#1"},
				"up": {"uv": [0, 0, 0.4, 0.4], "texture": "#1"},
				"down": {"uv": [0, 0, 0.4, 0.4], "texture": "#1"}
			}
		},
		{
			"from": [3.45858, -13, 0.72721],
			"to": [3.85858, -11, 1.32721],
			"rotation": {"angle": 45, "axis": "y", "origin": [4.65858, -13, -0.27279]},
			"faces": {
				"north": {"uv": [0, 0, 0.4, 2], "texture": "#1"},
				"east": {"uv": [0, 0, 0.6, 2], "texture": "#1"},
				"south": {"uv": [0, 0, 0.4, 2], "texture": "#1"},
				"west": {"uv": [0, 0, 0.6, 2], "texture": "#1"},
				"up": {"uv": [0, 0, 0.4, 0.6], "texture": "#1"},
				"down": {"uv": [0, 0, 0.4, 0.6], "texture": "#1"}
			}
		},
		{
			"from": [10.8, -13, 1],
			"to": [11.2, -11, 1.4],
			"rotation": {"angle": 0, "axis": "y", "origin": [6, -14, 0]},
			"faces": {
				"north": {"uv": [0, 0, 0.4, 2], "texture": "#1"},
				"east": {"uv": [0, 0, 0.4, 2], "texture": "#1"},
				"south": {"uv": [0, 0, 0.4, 2], "texture": "#1"},
				"west": {"uv": [0, 0, 0.4, 2], "texture": "#1"},
				"up": {"uv": [0, 0, 0.4, 0.4], "texture": "#1"},
				"down": {"uv": [0, 0, 0.4, 0.4], "texture": "#1"}
			}
		},
		{
			"from": [11.15563, -13, -0.05858],
			"to": [11.75563, -11, 0.34142],
			"rotation": {"angle": 45, "axis": "y", "origin": [12.75563, -13, 1.14142]},
			"faces": {
				"north": {"uv": [0, 0, 0.6, 2], "texture": "#1"},
				"east": {"uv": [0, 0, 0.4, 2], "texture": "#1"},
				"south": {"uv": [0, 0, 0.6, 2], "texture": "#1"},
				"west": {"uv": [0, 0, 0.4, 2], "texture": "#1"},
				"up": {"uv": [0, 0, 0.4, 0.6], "rotation": 90, "texture": "#1"},
				"down": {"uv": [0, 0, 0.4, 0.6], "rotation": 270, "texture": "#1"}
			}
		},
		{
			"from": [10.75563, 2, -0.05858],
			"to": [11.75563, 2.5, 5.34142],
			"rotation": {"angle": 45, "axis": "y", "origin": [12.75563, 2, 1.14142]},
			"faces": {
				"north": {"uv": [0, 0, 1, 0.5], "texture": "#1"},
				"east": {"uv": [0, 0, 5.4, 0.5], "texture": "#1"},
				"south": {"uv": [0, 0, 1, 0.5], "texture": "#1"},
				"west": {"uv": [0, 0, 5.4, 0.5], "texture": "#1"},
				"up": {"uv": [0, 0, 5.4, 1], "rotation": 90, "texture": "#1"},
				"down": {"uv": [0, 0, 5.4, 1], "rotation": 270, "texture": "#1"}
			}
		},
		{
			"from": [4.8, 2, 1],
			"to": [11.2, 2.5, 2],
			"rotation": {"angle": 0, "axis": "y", "origin": [6, 2, 0]},
			"faces": {
				"north": {"uv": [0, 0, 6.4, 0.5], "texture": "#1"},
				"east": {"uv": [0, 0, 1, 0.5], "texture": "#1"},
				"south": {"uv": [0, 0, 6.4, 0.5], "texture": "#1"},
				"west": {"uv": [0, 0, 1, 0.5], "texture": "#1"},
				"up": {"uv": [0, 0, 6.4, 1], "texture": "#1"},
				"down": {"uv": [0, 0, 6.4, 1], "texture": "#1"}
			}
		},
		{
			"from": [0.21594, 2, 4.96985],
			"to": [5.61594, 2.5, 5.96985],
			"rotation": {"angle": 45, "axis": "y", "origin": [0.41594, 2, 3.96985]},
			"faces": {
				"north": {"uv": [0, 0, 5.4, 0.5], "texture": "#1"},
				"east": {"uv": [0, 0, 1, 0.5], "texture": "#1"},
				"south": {"uv": [0, 0, 5.4, 0.5], "texture": "#1"},
				"west": {"uv": [0, 0, 1, 0.5], "texture": "#1"},
				"up": {"uv": [0, 0, 5.4, 1], "texture": "#1"},
				"down": {"uv": [0, 0, 5.4, 1], "texture": "#1"}
			}
		},
		{
			"from": [10.8, 0, 1],
			"to": [11.2, 2, 1.4],
			"rotation": {"angle": 0, "axis": "y", "origin": [6, -1, 0]},
			"faces": {
				"north": {"uv": [0, 0, 0.4, 2], "texture": "#1"},
				"east": {"uv": [0, 0, 0.4, 2], "texture": "#1"},
				"south": {"uv": [0, 0, 0.4, 2], "texture": "#1"},
				"west": {"uv": [0, 0, 0.4, 2], "texture": "#1"},
				"up": {"uv": [0, 0, 0.4, 0.4], "texture": "#1"},
				"down": {"uv": [0, 0, 0.4, 0.4], "texture": "#1"}
			}
		},
		{
			"from": [11.15563, 0, -0.05858],
			"to": [11.75563, 2, 0.34142],
			"rotation": {"angle": 45, "axis": "y", "origin": [12.75563, 0, 1.14142]},
			"faces": {
				"north": {"uv": [0, 0, 0.6, 2], "texture": "#1"},
				"east": {"uv": [0, 0, 0.4, 2], "texture": "#1"},
				"south": {"uv": [0, 0, 0.6, 2], "texture": "#1"},
				"west": {"uv": [0, 0, 0.4, 2], "texture": "#1"},
				"up": {"uv": [0, 0, 0.4, 0.6], "rotation": 90, "texture": "#1"},
				"down": {"uv": [0, 0, 0.4, 0.6], "rotation": 270, "texture": "#1"}
			}
		},
		{
			"from": [3.45858, 0, 0.72721],
			"to": [3.85858, 2, 1.32721],
			"rotation": {"angle": 45, "axis": "y", "origin": [4.65858, 0, -0.27279]},
			"faces": {
				"north": {"uv": [0, 0, 0.4, 2], "texture": "#1"},
				"east": {"uv": [0, 0, 0.6, 2], "texture": "#1"},
				"south": {"uv": [0, 0, 0.4, 2], "texture": "#1"},
				"west": {"uv": [0, 0, 0.6, 2], "texture": "#1"},
				"up": {"uv": [0, 0, 0.4, 0.6], "texture": "#1"},
				"down": {"uv": [0, 0, 0.4, 0.6], "texture": "#1"}
			}
		},
		{
			"from": [4.8, 0, 1],
			"to": [5.2, 2, 1.4],
			"rotation": {"angle": 0, "axis": "y", "origin": [0, -1, 0]},
			"faces": {
				"north": {"uv": [0, 0, 0.4, 2], "texture": "#1"},
				"east": {"uv": [0, 0, 0.4, 2], "texture": "#1"},
				"south": {"uv": [0, 0, 0.4, 2], "texture": "#1"},
				"west": {"uv": [0, 0, 0.4, 2], "texture": "#1"},
				"up": {"uv": [0, 0, 0.4, 0.4], "texture": "#1"},
				"down": {"uv": [0, 0, 0.4, 0.4], "texture": "#1"}
			}
		},
		{
			"from": [10.8, -11, 1],
			"to": [11.2, 0, 1.4],
			"rotation": {"angle": 0, "axis": "y", "origin": [6, -8, 0]},
			"faces": {
				"north": {"uv": [0, 0, 0.4, 11], "texture": "#2"},
				"east": {"uv": [0, 0, 0.4, 11], "texture": "#2"},
				"south": {"uv": [0, 0, 0.4, 11], "texture": "#2"},
				"west": {"uv": [0, 0, 0.4, 11], "texture": "#2"},
				"up": {"uv": [0, 0, 0.4, 0.4], "texture": "#2"},
				"down": {"uv": [0, 0, 0.4, 0.4], "texture": "#2"}
			}
		},
		{
			"from": [11.15563, -11, -0.05858],
			"to": [11.75563, 0, 0.34142],
			"rotation": {"angle": 45, "axis": "y", "origin": [12.75563, -7, 1.14142]},
			"faces": {
				"north": {"uv": [0, 0, 0.6, 11], "texture": "#2"},
				"east": {"uv": [0, 0, 0.4, 11], "texture": "#2"},
				"south": {"uv": [0, 0, 0.6, 11], "texture": "#2"},
				"west": {"uv": [0, 0, 0.4, 11], "texture": "#2"},
				"up": {"uv": [0, 0, 0.4, 0.6], "rotation": 90, "texture": "#2"},
				"down": {"uv": [0, 0, 0.4, 0.6], "rotation": 270, "texture": "#2"}
			}
		},
		{
			"from": [3.45858, -11, 0.72721],
			"to": [3.85858, 0, 1.32721],
			"rotation": {"angle": 45, "axis": "y", "origin": [4.65858, -7, -0.27279]},
			"faces": {
				"north": {"uv": [0, 0, 0.4, 11], "texture": "#2"},
				"east": {"uv": [0, 0, 0.6, 11], "texture": "#2"},
				"south": {"uv": [0, 0, 0.4, 11], "texture": "#2"},
				"west": {"uv": [0, 0, 0.6, 11], "texture": "#2"},
				"up": {"uv": [0, 0, 0.4, 0.6], "texture": "#2"},
				"down": {"uv": [0, 0, 0.4, 0.6], "texture": "#2"}
			}
		},
		{
			"from": [4.8, -11, 1],
			"to": [5.2, 0, 1.4],
			"rotation": {"angle": 0, "axis": "y", "origin": [0, -8, 0]},
			"faces": {
				"north": {"uv": [0, 0, 0.4, 11], "texture": "#2"},
				"east": {"uv": [0, 0, 0.4, 11], "texture": "#2"},
				"south": {"uv": [0, 0, 0.4, 11], "texture": "#2"},
				"west": {"uv": [0, 0, 0.4, 11], "texture": "#2"},
				"up": {"uv": [0, 0, 0.4, 0.4], "texture": "#2"},
				"down": {"uv": [0, 0, 0.4, 0.4], "texture": "#2"}
			}
		},
		{
			"from": [5.7, -12.5, 1.5],
			"to": [10.3, -5, 1.5],
			"rotation": {"angle": 0, "axis": "y", "origin": [7, -12.5, 0]},
			"faces": {
				"north": {"uv": [0, 0, 4.6, 7.5], "texture": "#4"},
				"east": {"uv": [0, 0, 0, 7.5], "texture": "#4"},
				"south": {"uv": [0, 0, 4.6, 7.5], "texture": "#4"},
				"west": {"uv": [0, 0, 0, 7.5], "texture": "#4"},
				"up": {"uv": [0, 0, 4.6, 0], "texture": "#4"},
				"down": {"uv": [0, 0, 4.6, 0], "texture": "#4"}
			}
		},
		{
			"from": [5.2, -12.5, 1],
			"to": [5.7, 2, 1.5],
			"rotation": {"angle": 0, "axis": "y", "origin": [5, -10, 0]},
			"faces": {
				"north": {"uv": [0, 0, 0.5, 14.5], "texture": "#3"},
				"east": {"uv": [0, 0, 0.5, 14.5], "texture": "#3"},
				"south": {"uv": [0, 0, 0.5, 14.5], "texture": "#3"},
				"west": {"uv": [0, 0, 0.5, 14.5], "texture": "#3"},
				"up": {"uv": [0, 0, 0.5, 0.5], "texture": "#3"},
				"down": {"uv": [0, 0, 0.5, 0.5], "texture": "#3"}
			}
		},
		{
			"from": [10.3, -12.5, 1],
			"to": [10.8, 2, 1.5],
			"rotation": {"angle": 0, "axis": "y", "origin": [10.1, -10, 0]},
			"faces": {
				"north": {"uv": [0, 0, 0.5, 14.5], "texture": "#3"},
				"east": {"uv": [0, 0, 0.5, 14.5], "texture": "#3"},
				"south": {"uv": [0, 0, 0.5, 14.5], "texture": "#3"},
				"west": {"uv": [0, 0, 0.5, 14.5], "texture": "#3"},
				"up": {"uv": [0, 0, 0.5, 0.5], "texture": "#3"},
				"down": {"uv": [0, 0, 0.5, 0.5], "texture": "#3"}
			}
		},
		{
			"from": [5.2, -13, 1],
			"to": [10.8, -12.5, 1.5],
			"rotation": {"angle": 0, "axis": "y", "origin": [10, -10.5, 0]},
			"faces": {
				"north": {"uv": [0, 6, 0.6, 3.5], "texture": "#3"},
				"east": {"uv": [0, 5, 0.5, 3.5], "texture": "#3"},
				"south": {"uv": [0, 6, 0.6, 10.5], "texture": "#3"},
				"west": {"uv": [0, 4, 0.5, 2.5], "texture": "#3"},
				"up": {"uv": [0, 2, 1, 4], "texture": "#3"},
				"down": {"uv": [0, 3, 0.6, 3.5], "texture": "#3"}
			}
		},
		{
			"from": [5.7, -5, 1],
			"to": [10.3, -4.5, 1.5],
			"rotation": {"angle": 0, "axis": "y", "origin": [10, -2.5, 0]},
			"faces": {
				"north": {"uv": [0, 0, 0.6, 0.5], "texture": "#3"},
				"east": {"uv": [0, 0, 0.5, 0.5], "texture": "#3"},
				"south": {"uv": [0, 0, 0.6, 0.5], "texture": "#3"},
				"west": {"uv": [0, 0, 0.5, 0.5], "texture": "#3"},
				"up": {"uv": [0, 0, 1, 1.5], "texture": "#3"},
				"down": {"uv": [0, 0, 0, 0.5], "texture": "#3"}
			}
		},
		{
			"from": [5.7, -4.5, 1],
			"to": [10.3, 1.5, 1],
			"rotation": {"angle": 0, "axis": "y", "origin": [7, -4.5, -0.5]},
			"faces": {
				"north": {"uv": [0, 0, 4.6, 6], "texture": "#4"},
				"east": {"uv": [0, 0, 0, 6], "texture": "#4"},
				"south": {"uv": [0, 0, 4.6, 6], "texture": "#4"},
				"west": {"uv": [0, 0, 0, 6], "texture": "#4"},
				"up": {"uv": [0, 0, 4.6, 0], "texture": "#4"},
				"down": {"uv": [0, 0, 4.6, 0], "texture": "#4"}
			}
		},
		{
			"from": [5.7, 1.5, 1],
			"to": [10.3, 2, 1.5],
			"rotation": {"angle": 0, "axis": "y", "origin": [10, 4, 0]},
			"faces": {
				"north": {"uv": [0, 0, 0.6, 0.5], "texture": "#3"},
				"east": {"uv": [0, 0, 0.5, 0.5], "texture": "#3"},
				"south": {"uv": [0, 0, 1, 0.5], "texture": "#3"},
				"west": {"uv": [0, 0, 0.5, 0.5], "texture": "#3"},
				"up": {"uv": [0, 0, 4.6, 0.5], "texture": "#3"},
				"down": {"uv": [0, 0, 0.6, 0.5], "texture": "#3"}
			}
		},
		{
			"from": [14.69117, -13, 3.47696],
			"to": [15.29117, -11, 3.87696],
			"rotation": {"angle": 45, "axis": "y", "origin": [16.29117, -13, 4.67696]},
			"faces": {
				"north": {"uv": [0, 0, 0.6, 2], "texture": "#1"},
				"east": {"uv": [0, 0, 0.4, 2], "texture": "#1"},
				"south": {"uv": [0, 0, 0.6, 2], "texture": "#1"},
				"west": {"uv": [0, 0, 0.4, 2], "texture": "#1"},
				"up": {"uv": [0, 0, 0.4, 0.6], "rotation": 90, "texture": "#1"},
				"down": {"uv": [0, 0, 0.4, 0.6], "rotation": 270, "texture": "#1"}
			}
		},
		{
			"from": [14.69117, -11, 3.47696],
			"to": [15.29117, 0, 3.87696],
			"rotation": {"angle": 45, "axis": "y", "origin": [16.29117, -7, 4.67696]},
			"faces": {
				"north": {"uv": [0, 0, 0.6, 11], "texture": "#2"},
				"east": {"uv": [0, 0, 0.4, 11], "texture": "#2"},
				"south": {"uv": [0, 0, 0.6, 11], "texture": "#2"},
				"west": {"uv": [0, 0, 0.4, 11], "texture": "#2"},
				"up": {"uv": [0, 0, 0.4, 0.6], "rotation": 90, "texture": "#2"},
				"down": {"uv": [0, 0, 0.4, 0.6], "rotation": 270, "texture": "#2"}
			}
		},
		{
			"from": [14.69117, 0, 3.47696],
			"to": [15.29117, 2, 3.87696],
			"rotation": {"angle": 45, "axis": "y", "origin": [16.29117, 0, 4.67696]},
			"faces": {
				"north": {"uv": [0, 0, 0.6, 2], "texture": "#1"},
				"east": {"uv": [0, 0, 0.4, 2], "texture": "#1"},
				"south": {"uv": [0, 0, 0.6, 2], "texture": "#1"},
				"west": {"uv": [0, 0, 0.4, 2], "texture": "#1"},
				"up": {"uv": [0, 0, 0.4, 0.6], "rotation": 90, "texture": "#1"},
				"down": {"uv": [0, 0, 0.4, 0.6], "rotation": 270, "texture": "#1"}
			}
		},
		{
			"from": [-0.07696, -13, 4.26274],
			"to": [0.32304, -11, 4.86274],
			"rotation": {"angle": 45, "axis": "y", "origin": [1.12304, -13, 3.26274]},
			"faces": {
				"north": {"uv": [0, 0, 0.4, 2], "texture": "#1"},
				"east": {"uv": [0, 0, 0.6, 2], "texture": "#1"},
				"south": {"uv": [0, 0, 0.4, 2], "texture": "#1"},
				"west": {"uv": [0, 0, 0.6, 2], "texture": "#1"},
				"up": {"uv": [0, 0, 0.4, 0.6], "texture": "#1"},
				"down": {"uv": [0, 0, 0.4, 0.6], "texture": "#1"}
			}
		},
		{
			"from": [-0.07696, -11, 4.26274],
			"to": [0.32304, 0, 4.86274],
			"rotation": {"angle": 45, "axis": "y", "origin": [1.12304, -7, 3.26274]},
			"faces": {
				"north": {"uv": [0, 0, 0.4, 11], "texture": "#2"},
				"east": {"uv": [0, 0, 0.6, 11], "texture": "#2"},
				"south": {"uv": [0, 0, 0.4, 11], "texture": "#2"},
				"west": {"uv": [0, 0, 0.6, 11], "texture": "#2"},
				"up": {"uv": [0, 0, 0.4, 0.6], "texture": "#2"},
				"down": {"uv": [0, 0, 0.4, 0.6], "texture": "#2"}
			}
		},
		{
			"from": [-0.07696, 0, 4.26274],
			"to": [0.32304, 2, 4.86274],
			"rotation": {"angle": 45, "axis": "y", "origin": [1.12304, 0, 3.26274]},
			"faces": {
				"north": {"uv": [0, 0, 0.4, 2], "texture": "#1"},
				"east": {"uv": [0, 0, 0.6, 2], "texture": "#1"},
				"south": {"uv": [0, 0, 0.4, 2], "texture": "#1"},
				"west": {"uv": [0, 0, 0.6, 2], "texture": "#1"},
				"up": {"uv": [0, 0, 0.4, 0.6], "texture": "#1"},
				"down": {"uv": [0, 0, 0.4, 0.6], "texture": "#1"}
			}
		},
		{
			"from": [-0.55563, -13, 2.14142],
			"to": [4.04437, -12.5, 2.64142],
			"rotation": {"angle": 45, "axis": "y", "origin": [3.24437, -10.5, 1.14142]},
			"faces": {
				"north": {"uv": [0, 0, 0.6, 0.5], "texture": "#3"},
				"east": {"uv": [0, 0, 0.5, 0.5], "texture": "#3"},
				"south": {"uv": [0, 0, 0.6, 0.5], "texture": "#3"},
				"west": {"uv": [0, 0, 0.5, 0.5], "texture": "#3"},
				"up": {"uv": [0, 0, 1, 4], "texture": "#3"},
				"down": {"uv": [0, 0, 5.6, 0.5], "texture": "#3"}
			}
		},
		{
			"from": [11.28406, 1.5, 4.96985],
			"to": [14.88406, 2, 5.46985],
			"rotation": {"angle": -45, "axis": "y", "origin": [15.58406, 4, 3.96985]},
			"faces": {
				"north": {"uv": [0, 0, 0.6, 0.5], "texture": "#3"},
				"east": {"uv": [0, 0, 0.5, 0.5], "texture": "#3"},
				"south": {"uv": [0, 0, 0.6, 0.5], "texture": "#3"},
				"west": {"uv": [0, 0, 0.5, 0.5], "texture": "#3"},
				"up": {"uv": [0, 0, 1, 0], "texture": "#3"},
				"down": {"uv": [0, 0, 0.6, 0.5], "texture": "#3"}
			}
		},
		{
			"from": [12.24853, -12.5, 1.43431],
			"to": [12.74853, 2, 1.93431],
			"rotation": {"angle": -45, "axis": "y", "origin": [12.04853, -10, 0.43431]},
			"faces": {
				"north": {"uv": [0, 0, 0.5, 14.5], "texture": "#3"},
				"east": {"uv": [0, 0, 0.5, 14.5], "texture": "#3"},
				"south": {"uv": [0, 0, 0.5, 14.5], "texture": "#3"},
				"west": {"uv": [0, 0, 0.5, 14.5], "texture": "#3"},
				"up": {"uv": [0, 0, 0.5, 0.5], "texture": "#3"},
				"down": {"uv": [0, 0, 0.5, 0.5], "texture": "#3"}
			}
		},
		{
			"from": [15.14767, -12.5, 4.33345],
			"to": [15.64767, 2, 4.83345],
			"rotation": {"angle": -45, "axis": "y", "origin": [14.94767, -10, 3.33345]},
			"faces": {
				"north": {"uv": [0, 0, 0.5, 14.5], "texture": "#3"},
				"east": {"uv": [0, 0, 0.5, 14.5], "texture": "#3"},
				"south": {"uv": [0, 0, 0.5, 14.5], "texture": "#3"},
				"west": {"uv": [0, 0, 0.5, 14.5], "texture": "#3"},
				"up": {"uv": [0, 0, 0.5, 0.5], "texture": "#3"},
				"down": {"uv": [0, 0, 0.5, 0.5], "texture": "#3"}
			}
		},
		{
			"from": [10.78406, -13, 4.96985],
			"to": [15.38406, -12.5, 5.46985],
			"rotation": {"angle": -45, "axis": "y", "origin": [15.58406, -10.5, 3.96985]},
			"faces": {
				"north": {"uv": [0, 0, 0.6, 0.5], "texture": "#3"},
				"east": {"uv": [0, 0, 0.5, 0.5], "texture": "#3"},
				"south": {"uv": [0, 0, 0.6, 0.5], "texture": "#3"},
				"west": {"uv": [0, 0, 0.5, 0.5], "texture": "#3"},
				"up": {"uv": [0, 0, 1, 1], "texture": "#3"},
				"down": {"uv": [0, 0, 5.6, 0.5], "texture": "#3"}
			}
		},
		{
			"from": [-0.56066, 1.5, 1.52218],
			"to": [3.03934, 2, 2.02218],
			"rotation": {"angle": 45, "axis": "y", "origin": [3.73934, 4, 0.22218]},
			"faces": {
				"north": {"uv": [0, 0, 0.6, 0.5], "texture": "#3"},
				"east": {"uv": [0, 0, 0.5, 0.5], "texture": "#3"},
				"south": {"uv": [0, 0, 0.6, 0.5], "texture": "#3"},
				"west": {"uv": [0, 0, 0.5, 0.5], "texture": "#3"},
				"up": {"uv": [0, 0, 1, 0], "texture": "#3"},
				"down": {"uv": [0, 0, 0.6, 0.5], "texture": "#3"}
			}
		},
		{
			"from": [0.61594, -12.5, 4.96985],
			"to": [1.11594, 2, 5.46985],
			"rotation": {"angle": 45, "axis": "y", "origin": [0.41594, -10, 3.96985]},
			"faces": {
				"north": {"uv": [0, 0, 0.5, 14.5], "texture": "#3"},
				"east": {"uv": [0, 0, 0.5, 14.5], "texture": "#3"},
				"south": {"uv": [0, 0, 0.5, 14.5], "texture": "#3"},
				"west": {"uv": [0, 0, 0.5, 14.5], "texture": "#3"},
				"up": {"uv": [0, 0, 0.5, 0.5], "texture": "#3"},
				"down": {"uv": [0, 0, 0.5, 0.5], "texture": "#3"}
			}
		},
		{
			"from": [3.51508, -12.5, 2.07071],
			"to": [4.01508, 2, 2.57071],
			"rotation": {"angle": 45, "axis": "y", "origin": [3.31508, -10, 1.07071]},
			"faces": {
				"north": {"uv": [0, 0, 0.5, 14.5], "texture": "#3"},
				"east": {"uv": [0, 0, 0.5, 14.5], "texture": "#3"},
				"south": {"uv": [0, 0, 0.5, 14.5], "texture": "#3"},
				"west": {"uv": [0, 0, 0.5, 14.5], "texture": "#3"},
				"up": {"uv": [0, 0, 0.5, 0.5], "texture": "#3"},
				"down": {"uv": [0, 0, 0.5, 0.5], "texture": "#3"}
			}
		},
		{
			"from": [11.3, -5, 5.3],
			"to": [15, -4.5, 6],
			"rotation": {"angle": -45, "axis": "y", "origin": [16, -2.5, 4]},
			"faces": {
				"north": {"uv": [0, 0, 0.6, 0.5], "texture": "#3"},
				"east": {"uv": [0, 0, 0.5, 0.5], "texture": "#3"},
				"south": {"uv": [0, 0, 0.6, 0.5], "texture": "#3"},
				"west": {"uv": [0, 0, 0.5, 0.5], "texture": "#3"},
				"up": {"uv": [0, 0, 1, 1.5], "texture": "#3"},
				"down": {"uv": [0, 0, 1, 1.5], "texture": "#3"}
			}
		},
		{
			"from": [-0.7, -5, 1.3],
			"to": [3, -4.5, 1.8],
			"rotation": {"angle": 45, "axis": "y", "origin": [4, -2.5, 0]},
			"faces": {
				"north": {"uv": [0, 0, 0.6, 0.5], "texture": "#3"},
				"east": {"uv": [0, 0, 0.5, 0.5], "texture": "#3"},
				"south": {"uv": [0, 0, 0.6, 0.5], "texture": "#3"},
				"west": {"uv": [0, 0, 0.5, 0.5], "texture": "#3"},
				"up": {"uv": [0, 0, 1, 1.5], "texture": "#3"},
				"down": {"uv": [0, 0, 1, 1.5], "texture": "#3"}
			}
		},
		{
			"from": [0.41802, -4.5, 4.39914],
			"to": [4.01802, 1.5, 4.39914],
			"rotation": {"angle": 45, "axis": "y", "origin": [0.81802, -4.5, 2.89914]},
			"faces": {
				"north": {"uv": [0, 0, 3.6, 6], "texture": "#4"},
				"east": {"uv": [0, 0, 0, 6], "texture": "#4"},
				"south": {"uv": [0, 0, 3.6, 6], "texture": "#4"},
				"west": {"uv": [0, 0, 0, 6], "texture": "#4"},
				"up": {"uv": [0, 0, 3.6, 0], "texture": "#4"},
				"down": {"uv": [0, 0, 3.6, 0], "texture": "#4"}
			}
		},
		{
			"from": [0.46949, -12.5, 4.40919],
			"to": [4.06949, -5, 4.40919],
			"rotation": {"angle": 45, "axis": "y", "origin": [0.76949, -12.5, 2.90919]},
			"faces": {
				"north": {"uv": [0, 0, 3.6, 7.5], "texture": "#4"},
				"east": {"uv": [0, 0, 0, 7.5], "texture": "#4"},
				"south": {"uv": [0, 0, 3.6, 7.5], "texture": "#4"},
				"west": {"uv": [0, 0, 0, 7.5], "texture": "#4"},
				"up": {"uv": [0, 0, 3.6, 0], "texture": "#4"},
				"down": {"uv": [0, 0, 3.6, 0], "texture": "#4"}
			}
		},
		{
			"from": [12.83137, -12.5, 2.36863],
			"to": [16.43137, -5, 2.36863],
			"rotation": {"angle": -45, "axis": "y", "origin": [13.13137, -12.5, 0.86863]},
			"faces": {
				"north": {"uv": [0, 0, 3.6, 7.5], "texture": "#4"},
				"east": {"uv": [0, 0, 0, 7.5], "texture": "#4"},
				"south": {"uv": [0, 0, 3.6, 7.5], "texture": "#4"},
				"west": {"uv": [0, 0, 0, 7.5], "texture": "#4"},
				"up": {"uv": [0, 0, 3.6, 0], "texture": "#4"},
				"down": {"uv": [0, 0, 3.6, 0], "texture": "#4"}
			}
		},
		{
			"from": [12.7799, -4.5, 2.35858],
			"to": [16.3799, 1.5, 2.35858],
			"rotation": {"angle": -45, "axis": "y", "origin": [13.1799, -4.5, 0.85858]},
			"faces": {
				"north": {"uv": [0, 0, 3.6, 6], "texture": "#4"},
				"east": {"uv": [0, 0, 0, 6], "texture": "#4"},
				"south": {"uv": [0, 0, 3.6, 6], "texture": "#4"},
				"west": {"uv": [0, 0, 0, 6], "texture": "#4"},
				"up": {"uv": [0, 0, 3.6, 0], "texture": "#4"},
				"down": {"uv": [0, 0, 3.6, 0], "texture": "#4"}
			}
		},
		{
			"from": [0.03604, 2.5, 6.36396],
			"to": [6.63604, 3.5, 8.36396],
			"rotation": {"angle": 45, "axis": "y", "origin": [-2.36396, 1.5, 6.36396]},
			"faces": {
				"north": {"uv": [0, 0, 6.6, 1], "texture": "#0"},
				"east": {"uv": [0, 0, 2, 1], "texture": "#0"},
				"south": {"uv": [0, 0, 6.6, 1], "texture": "#0"},
				"west": {"uv": [0, 0, 2, 1], "texture": "#0"},
				"up": {"uv": [0, 0, 6.6, 2], "texture": "#0"},
				"down": {"uv": [0, 0, 6.6, 2], "texture": "#0"}
			}
		},
		{
			"from": [12.29289, 2.5, -0.70711],
			"to": [18.69289, 3.5, 1.29289],
			"rotation": {"angle": -45, "axis": "y", "origin": [11.29289, 1.5, -0.70711]},
			"faces": {
				"north": {"uv": [0, 0, 6.4, 1], "texture": "#0"},
				"east": {"uv": [0, 0, 2, 1], "texture": "#0"},
				"south": {"uv": [0, 0, 6.4, 1], "texture": "#0"},
				"west": {"uv": [0, 0, 2, 1], "texture": "#0"},
				"up": {"uv": [0, 0, 6.4, 2], "texture": "#0"},
				"down": {"uv": [0, 0, 6.4, 2], "texture": "#0"}
			}
		},
		{
			"from": [5.1, 2.5, 1],
			"to": [10.7, 6, 1.5],
			"rotation": {"angle": 0, "axis": "y", "origin": [7, 2, 1]},
			"faces": {
				"north": {"uv": [0, 0, 5.6, 3.5], "texture": "#2"},
				"east": {"uv": [0, 0, 0.5, 3.5], "texture": "#2"},
				"south": {"uv": [0, 0, 5.6, 3.5], "texture": "#2"},
				"west": {"uv": [0, 0, 0.5, 3.5], "texture": "#2"},
				"up": {"uv": [0, 0, 5.6, 0.5], "texture": "#2"},
				"down": {"uv": [0, 0, 5.6, 0.5], "texture": "#2"}
			}
		},
		{
			"from": [-0.96396, 3.5, 7.26396],
			"to": [5.63604, 4.5, 8.26396],
			"rotation": {"angle": 45, "axis": "y", "origin": [-3.36396, 2.5, 5.36396]},
			"faces": {
				"north": {"uv": [0, 0, 6.6, 1], "texture": "#0"},
				"east": {"uv": [0, 0, 1, 1], "texture": "#0"},
				"south": {"uv": [0, 0, 6.6, 1], "texture": "#0"},
				"west": {"uv": [0, 0, 1, 1], "texture": "#0"},
				"up": {"uv": [0, 0, 6.6, 1], "texture": "#0"},
				"down": {"uv": [0, 0, 6.6, 1], "texture": "#0"}
			}
		},
		{
			"from": [-0.96396, 4.5, 7.76396],
			"to": [5.63604, 5.5, 8.76396],
			"rotation": {"angle": 45, "axis": "y", "origin": [-3.36396, 3.5, 5.36396]},
			"faces": {
				"north": {"uv": [0, 0, 6.6, 1], "texture": "#0"},
				"east": {"uv": [0, 0, 1, 1], "texture": "#0"},
				"south": {"uv": [0, 0, 6.6, 1], "texture": "#0"},
				"west": {"uv": [0, 0, 1, 1], "texture": "#0"},
				"up": {"uv": [0, 0, 6.6, 1], "texture": "#0"},
				"down": {"uv": [0, 0, 6.6, 1], "texture": "#0"}
			}
		},
		{
			"from": [-0.96396, 5.5, 8.26396],
			"to": [5.63604, 6.5, 9.26396],
			"rotation": {"angle": 45, "axis": "y", "origin": [-3.36396, 4.5, 5.36396]},
			"faces": {
				"north": {"uv": [0, 0, 6.6, 1], "texture": "#0"},
				"east": {"uv": [0, 0, 1, 1], "texture": "#0"},
				"south": {"uv": [0, 0, 6.6, 1], "texture": "#0"},
				"west": {"uv": [0, 0, 1, 1], "texture": "#0"},
				"up": {"uv": [0, 0, 6.6, 1], "texture": "#0"},
				"down": {"uv": [0, 0, 6.6, 1], "texture": "#0"}
			}
		},
		{
			"from": [-0.46396, 6.5, 8.76396],
			"to": [5.63604, 7.5, 9.76396],
			"rotation": {"angle": 45, "axis": "y", "origin": [-3.36396, 5.5, 5.36396]},
			"faces": {
				"north": {"uv": [0, 0, 6.1, 1], "texture": "#0"},
				"east": {"uv": [0, 0, 1, 1], "texture": "#0"},
				"south": {"uv": [0, 0, 6.1, 1], "texture": "#0"},
				"west": {"uv": [0, 0, 1, 1], "texture": "#0"},
				"up": {"uv": [0, 0, 6.1, 1], "texture": "#0"},
				"down": {"uv": [0, 0, 6.1, 1], "texture": "#0"}
			}
		},
		{
			"from": [0.03604, 7.5, 9.26396],
			"to": [5.63604, 8.5, 10.26396],
			"rotation": {"angle": 45, "axis": "y", "origin": [-3.36396, 6.5, 5.36396]},
			"faces": {
				"north": {"uv": [0, 0, 5.6, 1], "texture": "#0"},
				"east": {"uv": [0, 0, 1, 1], "texture": "#0"},
				"south": {"uv": [0, 0, 5.6, 1], "texture": "#0"},
				"west": {"uv": [0, 0, 1, 1], "texture": "#0"},
				"up": {"uv": [0, 0, 5.6, 1], "texture": "#0"},
				"down": {"uv": [0, 0, 5.6, 1], "texture": "#0"}
			}
		},
		{
			"from": [12.73604, 3.5, 1.46396],
			"to": [19.33604, 4.5, 2.46396],
			"rotation": {"angle": -45, "axis": "y", "origin": [13.63604, 2.5, -0.63604]},
			"faces": {
				"north": {"uv": [0, 0, 6.6, 1], "texture": "#0"},
				"east": {"uv": [0, 0, 1, 1], "texture": "#0"},
				"south": {"uv": [0, 0, 6.6, 1], "texture": "#0"},
				"west": {"uv": [0, 0, 1, 1], "texture": "#0"},
				"up": {"uv": [0, 0, 6.6, 1], "texture": "#0"},
				"down": {"uv": [0, 0, 6.6, 1], "texture": "#0"}
			}
		},
		{
			"from": [12.73604, 4.5, 1.96396],
			"to": [19.33604, 5.5, 2.96396],
			"rotation": {"angle": -45, "axis": "y", "origin": [13.63604, 3.5, -0.63604]},
			"faces": {
				"north": {"uv": [0, 0, 6.6, 1], "texture": "#0"},
				"east": {"uv": [0, 0, 1, 1], "texture": "#0"},
				"south": {"uv": [0, 0, 6.6, 1], "texture": "#0"},
				"west": {"uv": [0, 0, 1, 1], "texture": "#0"},
				"up": {"uv": [0, 0, 6.6, 1], "texture": "#0"},
				"down": {"uv": [0, 0, 6.6, 1], "texture": "#0"}
			}
		},
		{
			"from": [12.73604, 5.5, 2.46396],
			"to": [19.33604, 6.5, 3.46396],
			"rotation": {"angle": -45, "axis": "y", "origin": [13.63604, 4.5, -0.63604]},
			"faces": {
				"north": {"uv": [0, 0, 6.6, 1], "texture": "#0"},
				"east": {"uv": [0, 0, 1, 1], "texture": "#0"},
				"south": {"uv": [0, 0, 6.6, 1], "texture": "#0"},
				"west": {"uv": [0, 0, 1, 1], "texture": "#0"},
				"up": {"uv": [0, 0, 6.6, 1], "texture": "#0"},
				"down": {"uv": [0, 0, 6.6, 1], "texture": "#0"}
			}
		},
		{
			"from": [12.73604, 6.5, 2.96396],
			"to": [18.83604, 7.5, 3.96396],
			"rotation": {"angle": -45, "axis": "y", "origin": [13.63604, 5.5, -0.63604]},
			"faces": {
				"north": {"uv": [0, 0, 6.1, 1], "texture": "#0"},
				"east": {"uv": [0, 0, 1, 1], "texture": "#0"},
				"south": {"uv": [0, 0, 6.1, 1], "texture": "#0"},
				"west": {"uv": [0, 0, 1, 1], "texture": "#0"},
				"up": {"uv": [0, 0, 6.1, 1], "texture": "#0"},
				"down": {"uv": [0, 0, 6.1, 1], "texture": "#0"}
			}
		},
		{
			"from": [12.73604, 7.5, 3.46396],
			"to": [18.33604, 8.5, 4.46396],
			"rotation": {"angle": -45, "axis": "y", "origin": [13.63604, 6.5, -0.63604]},
			"faces": {
				"north": {"uv": [0, 0, 5.6, 1], "texture": "#0"},
				"east": {"uv": [0, 0, 1, 1], "texture": "#0"},
				"south": {"uv": [0, 0, 5.6, 1], "texture": "#0"},
				"west": {"uv": [0, 0, 1, 1], "texture": "#0"},
				"up": {"uv": [0, 0, 5.6, 1], "texture": "#0"},
				"down": {"uv": [0, 0, 5.6, 1], "texture": "#0"}
			}
		},
		{
			"from": [12.73604, 8.5, 3.96396],
			"to": [18.33604, 9.5, 4.96396],
			"rotation": {"angle": -45, "axis": "y", "origin": [13.63604, 7.5, -0.63604]},
			"faces": {
				"north": {"uv": [0, 0, 5.6, 1], "texture": "#0"},
				"east": {"uv": [0, 0, 1, 1], "texture": "#0"},
				"south": {"uv": [0, 0, 5.6, 1], "texture": "#0"},
				"west": {"uv": [0, 0, 1, 1], "texture": "#0"},
				"up": {"uv": [0, 0, 5.6, 1], "texture": "#0"},
				"down": {"uv": [0, 0, 5.6, 1], "texture": "#0"}
			}
		},
		{
			"from": [12.73604, 9.5, 4.46396],
			"to": [18.33604, 10.5, 5.46396],
			"rotation": {"angle": -45, "axis": "y", "origin": [13.63604, 8.5, -0.63604]},
			"faces": {
				"north": {"uv": [0, 0, 5.6, 1], "texture": "#0"},
				"east": {"uv": [0, 0, 1, 1], "texture": "#0"},
				"south": {"uv": [0, 0, 5.6, 1], "texture": "#0"},
				"west": {"uv": [0, 0, 1, 1], "texture": "#0"},
				"up": {"uv": [0, 0, 5.6, 1], "texture": "#0"},
				"down": {"uv": [0, 0, 5.6, 1], "texture": "#0"}
			}
		},
		{
			"from": [0.03604, 8.5, 9.76396],
			"to": [5.63604, 9.5, 10.76396],
			"rotation": {"angle": 45, "axis": "y", "origin": [-3.36396, 7.5, 5.36396]},
			"faces": {
				"north": {"uv": [0, 0, 5.6, 1], "texture": "#0"},
				"east": {"uv": [0, 0, 1, 1], "texture": "#0"},
				"south": {"uv": [0, 0, 5.6, 1], "texture": "#0"},
				"west": {"uv": [0, 0, 1, 1], "texture": "#0"},
				"up": {"uv": [0, 0, 5.6, 1], "texture": "#0"},
				"down": {"uv": [0, 0, 5.6, 1], "texture": "#0"}
			}
		},
		{
			"from": [0.03604, 9.5, 10.26396],
			"to": [5.63604, 10.5, 11.26396],
			"rotation": {"angle": 45, "axis": "y", "origin": [-3.36396, 8.5, 5.36396]},
			"faces": {
				"north": {"uv": [0, 0, 5.6, 1], "texture": "#0"},
				"east": {"uv": [0, 0, 1, 1], "texture": "#0"},
				"south": {"uv": [0, 0, 5.6, 1], "texture": "#0"},
				"west": {"uv": [0, 0, 1, 1], "texture": "#0"},
				"up": {"uv": [0, 0, 5.6, 1], "texture": "#0"},
				"down": {"uv": [0, 0, 5.6, 1], "texture": "#0"}
			}
		},
		{
			"from": [0.03604, 11.5, 11.26396],
			"to": [5.73604, 12.5, 12.26396],
			"rotation": {"angle": 45, "axis": "y", "origin": [-3.36396, 10.5, 5.36396]},
			"faces": {
				"north": {"uv": [0, 0, 5.7, 1], "texture": "#0"},
				"east": {"uv": [0, 0, 1, 1], "texture": "#0"},
				"south": {"uv": [0, 0, 5.7, 1], "texture": "#0"},
				"west": {"uv": [0, 0, 1, 1], "texture": "#0"},
				"up": {"uv": [0, 0, 5.7, 1], "texture": "#0"},
				"down": {"uv": [0, 0, 5.7, 1], "texture": "#0"}
			}
		},
		{
			"from": [0.03604, 10.5, 10.76396],
			"to": [5.63604, 11.5, 11.76396],
			"rotation": {"angle": 45, "axis": "y", "origin": [-3.36396, 9.5, 5.36396]},
			"faces": {
				"north": {"uv": [0, 0, 5.6, 1], "texture": "#0"},
				"east": {"uv": [0, 0, 1, 1], "texture": "#0"},
				"south": {"uv": [0, 0, 5.6, 1], "texture": "#0"},
				"west": {"uv": [0, 0, 1, 1], "texture": "#0"},
				"up": {"uv": [0, 0, 5.6, 1], "texture": "#0"},
				"down": {"uv": [0, 0, 5.6, 1], "texture": "#0"}
			}
		},
		{
			"from": [0.03604, 12.5, 11.76396],
			"to": [5.63604, 13.5, 12.76396],
			"rotation": {"angle": 45, "axis": "y", "origin": [-3.36396, 11.5, 5.36396]},
			"faces": {
				"north": {"uv": [0, 0, 5.6, 1], "texture": "#0"},
				"east": {"uv": [0, 0, 1, 1], "texture": "#0"},
				"south": {"uv": [0, 0, 5.6, 1], "texture": "#0"},
				"west": {"uv": [0, 0, 1, 1], "texture": "#0"},
				"up": {"uv": [0, 0, 5.6, 1], "texture": "#0"},
				"down": {"uv": [0, 0, 5.6, 1], "texture": "#0"}
			}
		},
		{
			"from": [12.73604, 10.5, 4.96396],
			"to": [18.33604, 11.5, 5.96396],
			"rotation": {"angle": -45, "axis": "y", "origin": [13.63604, 9.5, -0.63604]},
			"faces": {
				"north": {"uv": [0, 0, 5.6, 1], "texture": "#0"},
				"east": {"uv": [0, 0, 1, 1], "texture": "#0"},
				"south": {"uv": [0, 0, 5.6, 1], "texture": "#0"},
				"west": {"uv": [0, 0, 1, 1], "texture": "#0"},
				"up": {"uv": [0, 0, 5.6, 1], "texture": "#0"},
				"down": {"uv": [0, 0, 5.6, 1], "texture": "#0"}
			}
		},
		{
			"from": [12.63604, 11.5, 5.46396],
			"to": [18.33604, 12.5, 6.46396],
			"rotation": {"angle": -45, "axis": "y", "origin": [13.63604, 10.5, -0.63604]},
			"faces": {
				"north": {"uv": [0, 0, 5.7, 1], "texture": "#0"},
				"east": {"uv": [0, 0, 1, 1], "texture": "#0"},
				"south": {"uv": [0, 0, 5.7, 1], "texture": "#0"},
				"west": {"uv": [0, 0, 1, 1], "texture": "#0"},
				"up": {"uv": [0, 0, 5.7, 1], "texture": "#0"},
				"down": {"uv": [0, 0, 5.7, 1], "texture": "#0"}
			}
		},
		{
			"from": [12.73604, 12.5, 5.96396],
			"to": [18.33604, 13.5, 6.96396],
			"rotation": {"angle": -45, "axis": "y", "origin": [13.63604, 11.5, -0.63604]},
			"faces": {
				"north": {"uv": [0, 0, 5.6, 1], "texture": "#0"},
				"east": {"uv": [0, 0, 1, 1], "texture": "#0"},
				"south": {"uv": [0, 0, 5.6, 1], "texture": "#0"},
				"west": {"uv": [0, 0, 1, 1], "texture": "#0"},
				"up": {"uv": [0, 0, 5.6, 1], "texture": "#0"},
				"down": {"uv": [0, 0, 5.6, 1], "texture": "#0"}
			}
		},
		{
			"from": [0.03604, 13.5, 12.26396],
			"to": [5.33604, 14.5, 13.26396],
			"rotation": {"angle": 45, "axis": "y", "origin": [-3.36396, 12.5, 5.36396]},
			"faces": {
				"north": {"uv": [0, 0, 5.3, 1], "texture": "#0"},
				"east": {"uv": [0, 0, 1, 1], "texture": "#0"},
				"south": {"uv": [0, 0, 5.3, 1], "texture": "#0"},
				"west": {"uv": [0, 0, 1, 1], "texture": "#0"},
				"up": {"uv": [0, 0, 5.3, 1], "texture": "#0"},
				"down": {"uv": [0, 0, 5.3, 1], "texture": "#0"}
			}
		},
		{
			"from": [13.23604, 13.5, 6.46396],
			"to": [18.33604, 14.5, 7.46396],
			"rotation": {"angle": -45, "axis": "y", "origin": [13.63604, 12.5, -0.63604]},
			"faces": {
				"north": {"uv": [0, 0, 5.1, 1], "texture": "#0"},
				"east": {"uv": [0, 0, 1, 1], "texture": "#0"},
				"south": {"uv": [0, 0, 5.1, 1], "texture": "#0"},
				"west": {"uv": [0, 0, 1, 1], "texture": "#0"},
				"up": {"uv": [0, 0, 5.1, 1], "texture": "#0"},
				"down": {"uv": [0, 0, 5.1, 1], "texture": "#0"}
			}
		},
		{
			"from": [11, 2.5, 0],
			"to": [12, 11.9, 4],
			"rotation": {"angle": 22.5, "axis": "z", "origin": [10, 2.5, 0]},
			"faces": {
				"north": {"uv": [0, 0, 1, 9.4], "texture": "#1"},
				"east": {"uv": [0, 0, 4, 9.4], "texture": "#1"},
				"south": {"uv": [0, 0, 1, 9.4], "texture": "#1"},
				"west": {"uv": [0, 0, 4, 9.4], "texture": "#1"},
				"up": {"uv": [0, 0, 1, 4], "texture": "#1"},
				"down": {"uv": [0, 0, 1, 4], "texture": "#1"}
			}
		},
		{
			"from": [4.07612, 3.88268, 0],
			"to": [5.07612, 13.08268, 4],
			"rotation": {"angle": -22.5, "axis": "z", "origin": [3.07612, 3.88268, 0]},
			"faces": {
				"north": {"uv": [0, 0, 1, 9.2], "texture": "#1"},
				"east": {"uv": [0, 0, 4, 9.2], "texture": "#1"},
				"south": {"uv": [0, 0, 1, 9.2], "texture": "#1"},
				"west": {"uv": [0, 0, 4, 9.2], "texture": "#1"},
				"up": {"uv": [0, 0, 1, 4], "texture": "#1"},
				"down": {"uv": [0, 0, 1, 4], "texture": "#1"}
			}
		},
		{
			"from": [6, 6, 1],
			"to": [9.8, 8.2, 1.5],
			"rotation": {"angle": 0, "axis": "y", "origin": [7, 5.5, 1]},
			"faces": {
				"north": {"uv": [0, 0, 3.8, 2.2], "texture": "#2"},
				"east": {"uv": [0, 0, 0.5, 2.2], "texture": "#2"},
				"south": {"uv": [0, 0, 3.8, 2.2], "texture": "#2"},
				"west": {"uv": [0, 0, 0.5, 2.2], "texture": "#2"},
				"up": {"uv": [0, 0, 3.8, 0.5], "texture": "#2"},
				"down": {"uv": [0, 0, 3.8, 0.5], "texture": "#2"}
			}
		},
		{
			"from": [6.8, 8.2, 1],
			"to": [8.9, 10.2, 1.5],
			"rotation": {"angle": 0, "axis": "y", "origin": [7, 5.5, 1]},
			"faces": {
				"north": {"uv": [0, 0, 2.1, 2], "texture": "#2"},
				"east": {"uv": [0, 0, 0.5, 2], "texture": "#2"},
				"south": {"uv": [0, 0, 2.1, 2], "texture": "#2"},
				"west": {"uv": [0, 0, 0.5, 2], "texture": "#2"},
				"up": {"uv": [0, 0, 2.1, 0.5], "texture": "#2"},
				"down": {"uv": [0, 0, 2.1, 0.5], "texture": "#2"}
			}
		}
	],
	"display": {
		"head": {
			"translation": [0, 15, 35.5],
			"scale": [2.5, 2.5, 2.5]
		}
	}
}