{
	"credit": "Made with Blockbench",
	"textures": {
		"1": "item/vitregrise ",
		"2": "item/abrifenetreROUGEBLANC",
		"3": "item/ROUGEBLANCdiag",
		"4": "item/cut_sandstonemodif",
		"particle": "item/cut_sandstonemodif"
	},
	"elements": [
		{
			"from": [0, -1.3, 4],
			"to": [16, 0.7, 5],
			"rotation": {"angle": 0, "axis": "y", "origin": [0, -1.3, 4]},
			"faces": {
				"north": {"uv": [0, 0, 16, 2], "texture": "#4"},
				"east": {"uv": [0, 0, 1, 2], "texture": "#4"},
				"south": {"uv": [0, 0, 16, 2], "texture": "#4"},
				"west": {"uv": [0, 0, 1, 2], "texture": "#4"},
				"up": {"uv": [0, 0, 16, 1], "texture": "#4"},
				"down": {"uv": [0, 0, 16, 1], "texture": "#4"}
			}
		},
		{
			"from": [14, 0.7, 4],
			"to": [16, 28.7, 5],
			"rotation": {"angle": 0, "axis": "y", "origin": [0, -1.3, 4]},
			"faces": {
				"north": {"uv": [0, 0, 2, 16], "texture": "#4"},
				"east": {"uv": [0, 0, 1, 16], "texture": "#4"},
				"south": {"uv": [0, 0, 2, 16], "texture": "#4"},
				"west": {"uv": [0, 0, 1, 16], "texture": "#4"},
				"up": {"uv": [0, 0, 2, 1], "texture": "#4"},
				"down": {"uv": [0, 0, 2, 1], "texture": "#4"}
			}
		},
		{
			"from": [0, 28.7, 4],
			"to": [16, 30.7, 5],
			"rotation": {"angle": 0, "axis": "y", "origin": [0, 28.7, 4]},
			"faces": {
				"north": {"uv": [0, 0, 16, 2], "texture": "#4"},
				"east": {"uv": [0, 0, 1, 2], "texture": "#4"},
				"south": {"uv": [0, 0, 16, 2], "texture": "#4"},
				"west": {"uv": [0, 0, 1, 2], "texture": "#4"},
				"up": {"uv": [0, 0, 16, 1], "texture": "#4"},
				"down": {"uv": [0, 0, 16, 1], "texture": "#4"}
			}
		},
		{
			"from": [0, 0.7, 4],
			"to": [2, 28.7, 5],
			"rotation": {"angle": 0, "axis": "y", "origin": [-14, -1.3, 4]},
			"faces": {
				"north": {"uv": [0, 0, 2, 16], "texture": "#4"},
				"east": {"uv": [0, 0, 1, 16], "texture": "#4"},
				"south": {"uv": [0, 0, 2, 16], "texture": "#4"},
				"west": {"uv": [0, 0, 1, 16], "texture": "#4"},
				"up": {"uv": [0, 0, 2, 1], "texture": "#4"},
				"down": {"uv": [0, 0, 2, 1], "texture": "#4"}
			}
		},
		{
			"from": [2, 13.7, 4],
			"to": [14, 15.7, 5],
			"rotation": {"angle": 0, "axis": "y", "origin": [0, 13.7, 4]},
			"faces": {
				"north": {"uv": [0, 0, 12, 2], "texture": "#4"},
				"east": {"uv": [0, 0, 1, 2], "texture": "#4"},
				"south": {"uv": [0, 0, 12, 2], "texture": "#4"},
				"west": {"uv": [0, 0, 1, 2], "texture": "#4"},
				"up": {"uv": [0, 0, 12, 1], "texture": "#4"},
				"down": {"uv": [0, 0, 12, 1], "texture": "#4"}
			}
		},
		{
			"from": [2, 0.7, 4.6],
			"to": [14, 13.7, 4.8],
			"rotation": {"angle": 0, "axis": "y", "origin": [2, 0.7, 4.6]},
			"faces": {
				"north": {"uv": [0, 0, 12, 13], "texture": "#1"},
				"east": {"uv": [0, 0, 0.2, 13], "texture": "#1"},
				"south": {"uv": [0, 0, 12, 13], "texture": "#1"},
				"west": {"uv": [0, 0, 0.2, 13], "texture": "#1"},
				"up": {"uv": [0, 0, 12, 0.2], "texture": "#1"},
				"down": {"uv": [0, 0, 12, 0.2], "texture": "#1"}
			}
		},
		{
			"from": [2, 15.7, 4.6],
			"to": [14, 28.7, 4.8],
			"rotation": {"angle": 0, "axis": "y", "origin": [2, 15.7, 4.6]},
			"faces": {
				"north": {"uv": [0, 0, 12, 13], "texture": "#1"},
				"east": {"uv": [0, 0, 0.2, 13], "texture": "#1"},
				"south": {"uv": [0, 0, 12, 13], "texture": "#1"},
				"west": {"uv": [0, 0, 0.2, 13], "texture": "#1"},
				"up": {"uv": [0, 0, 12, 0.2], "texture": "#1"},
				"down": {"uv": [0, 0, 12, 0.2], "texture": "#1"}
			}
		},
		{
			"from": [1, 15.7, -11],
			"to": [1, 30.7, 4],
			"rotation": {"angle": 0, "axis": "y", "origin": [0, 28.7, 2]},
			"faces": {
				"north": {"uv": [0, 0, 0, 15], "texture": "#missing"},
				"east": {"uv": [0, 0, 15, 15], "texture": "#3"},
				"south": {"uv": [0, 0, 0, 15], "texture": "#missing"},
				"west": {"uv": [15, 0, 0, 15], "texture": "#3"},
				"up": {"uv": [0, 0, 0, 15], "texture": "#missing"},
				"down": {"uv": [0, 0, 0, 15], "texture": "#missing"}
			}
		},
		{
			"from": [1, 10.8, 2.8],
			"to": [15, 32, 2.8],
			"rotation": {"angle": 45, "axis": "x", "origin": [2, 30, 1.8]},
			"faces": {
				"north": {"uv": [1, 0, 14, 16], "texture": "#2"},
				"east": {"uv": [0, 0, 0, 16], "texture": "#missing"},
				"south": {"uv": [1, 0, 14, 16], "texture": "#2"},
				"west": {"uv": [0, 0, 0, 16], "texture": "#missing"},
				"up": {"uv": [0, 0, 0, 14], "rotation": 90, "texture": "#missing"},
				"down": {"uv": [0, 0, 0, 14], "rotation": 270, "texture": "#missing"}
			}
		},
		{
			"from": [15, 15.7, -11],
			"to": [15, 30.7, 4],
			"rotation": {"angle": 0, "axis": "y", "origin": [14, 28.7, 2]},
			"faces": {
				"north": {"uv": [0, 0, 0, 15], "texture": "#missing"},
				"east": {"uv": [0, 0, 15, 15], "texture": "#3"},
				"south": {"uv": [0, 0, 0, 15], "texture": "#missing"},
				"west": {"uv": [15, 0, 0, 15], "texture": "#3"},
				"up": {"uv": [0, 0, 0, 15], "texture": "#missing"},
				"down": {"uv": [0, 0, 0, 15], "texture": "#missing"}
			}
		}
	],
	"display": {
		"head": {
			"translation": [0, 0, 27.75],
			"scale": [1.6, 1.6, 1.6]
		}
	}
}