{
	"credit": "Made with Blockbench",
	"textures": {
		"0": "item/cut_sandstonemodif",
		"1": "item/stripped_oak_log",
		"3": "item/grisvitre",
		"particle": "item/cut_sandstonemodif"
	},
	"elements": [
		{
			"from": [7, -5, -0.1],
			"to": [18, -4, 2],
			"rotation": {"angle": 0, "axis": "y", "origin": [12, -5, 0]},
			"faces": {
				"north": {"uv": [0, 0, 11, 1], "texture": "#1"},
				"east": {"uv": [0, 0, 2.1, 1], "texture": "#1"},
				"south": {"uv": [0, 0, 11, 1], "texture": "#1"},
				"west": {"uv": [0, 0, 2.1, 1], "texture": "#1"},
				"up": {"uv": [0, 0, 11, 2.1], "texture": "#1"},
				"down": {"uv": [0, 0, 11, 2.1], "texture": "#1"}
			}
		},
		{
			"from": [-6, -5, -0.1],
			"to": [5, -4, 2],
			"rotation": {"angle": 0, "axis": "y", "origin": [-2, -5, 0]},
			"faces": {
				"north": {"uv": [0, 0, 11, 1], "texture": "#1"},
				"east": {"uv": [0, 0, 2.1, 1], "texture": "#1"},
				"south": {"uv": [0, 0, 11, 1], "texture": "#1"},
				"west": {"uv": [0, 0, 2.1, 1], "texture": "#1"},
				"up": {"uv": [0, 0, 11, 2.1], "texture": "#1"},
				"down": {"uv": [0, 0, 11, 2.1], "texture": "#1"}
			}
		},
		{
			"from": [5, -5, -0.3],
			"to": [7, 27, 2],
			"rotation": {"angle": 0, "axis": "y", "origin": [5, -5, 0]},
			"faces": {
				"north": {"uv": [0, 0, 2, 16], "texture": "#1"},
				"east": {"uv": [0, 0, 2.3, 16], "texture": "#1"},
				"south": {"uv": [0, 0, 2, 16], "texture": "#1"},
				"west": {"uv": [0, 0, 2.3, 16], "texture": "#1"},
				"up": {"uv": [0, 0, 2, 2.3], "texture": "#1"},
				"down": {"uv": [0, 0, 2, 2.3], "texture": "#1"}
			}
		},
		{
			"from": [-8.1, -5, -0.3],
			"to": [-6, 27, 2],
			"rotation": {"angle": 0, "axis": "y", "origin": [-8, -5, 0]},
			"faces": {
				"north": {"uv": [0, 0, 2.1, 16], "texture": "#1"},
				"east": {"uv": [0, 0, 2.3, 16], "texture": "#1"},
				"south": {"uv": [0, 0, 2.1, 16], "texture": "#1"},
				"west": {"uv": [0, 0, 2.3, 16], "texture": "#1"},
				"up": {"uv": [0, 0, 2.1, 2.3], "texture": "#1"},
				"down": {"uv": [0, 0, 2.1, 2.3], "texture": "#1"}
			}
		},
		{
			"from": [18, -5, -0.3],
			"to": [20.1, 27, 2],
			"rotation": {"angle": 0, "axis": "y", "origin": [18, -5, 0]},
			"faces": {
				"north": {"uv": [0, 0, 2.1, 16], "texture": "#1"},
				"east": {"uv": [0, 0, 2.3, 16], "texture": "#1"},
				"south": {"uv": [0, 0, 2.1, 16], "texture": "#1"},
				"west": {"uv": [0, 0, 2.3, 16], "texture": "#1"},
				"up": {"uv": [0, 0, 2.1, 2.3], "texture": "#1"},
				"down": {"uv": [0, 0, 2.1, 2.3], "texture": "#1"}
			}
		},
		{
			"from": [7, 25.5, -0.2],
			"to": [19, 27, 2],
			"rotation": {"angle": 0, "axis": "y", "origin": [12, 26, 0]},
			"faces": {
				"north": {"uv": [0, 0, 12, 1.5], "texture": "#1"},
				"east": {"uv": [0, 0, 2.2, 1.5], "texture": "#1"},
				"south": {"uv": [0, 0, 12, 1.5], "texture": "#1"},
				"west": {"uv": [0, 0, 2.2, 1.5], "texture": "#1"},
				"up": {"uv": [0, 0, 12, 2.2], "texture": "#1"},
				"down": {"uv": [0, 0, 12, 2.2], "texture": "#1"}
			}
		},
		{
			"from": [-7, 25.5, -0.2],
			"to": [5, 27, 2],
			"rotation": {"angle": 0, "axis": "y", "origin": [-2, 26, 0]},
			"faces": {
				"north": {"uv": [0, 0, 12, 1.5], "texture": "#1"},
				"east": {"uv": [0, 0, 2.2, 1.5], "texture": "#1"},
				"south": {"uv": [0, 0, 12, 1.5], "texture": "#1"},
				"west": {"uv": [0, 0, 2.2, 1.5], "texture": "#1"},
				"up": {"uv": [0, 0, 12, 2.2], "texture": "#1"},
				"down": {"uv": [0, 0, 12, 2.2], "texture": "#1"}
			}
		},
		{
			"from": [-3, 24.5, 0],
			"to": [2, 25.5, 2],
			"rotation": {"angle": 0, "axis": "y", "origin": [-1, 24.5, 0]},
			"faces": {
				"north": {"uv": [0, 0, 5, 1], "texture": "#0"},
				"east": {"uv": [0, 0, 2, 1], "texture": "#0"},
				"south": {"uv": [0, 0, 5, 1], "texture": "#0"},
				"west": {"uv": [0, 0, 2, 1], "texture": "#0"},
				"up": {"uv": [0, 0, 5, 2], "texture": "#0"},
				"down": {"uv": [0, 0, 5, 2], "texture": "#0"}
			}
		},
		{
			"from": [-6.12843, 21.67157, -0.1],
			"to": [-1.12843, 24.47157, 1.9],
			"rotation": {"angle": 45, "axis": "z", "origin": [-5.82843, 21.67157, 0]},
			"faces": {
				"north": {"uv": [0, 0, 5, 2.8], "texture": "#0"},
				"east": {"uv": [0, 0, 2, 2.8], "texture": "#0"},
				"south": {"uv": [0, 0, 5, 2.8], "texture": "#0"},
				"west": {"uv": [0, 0, 2, 2.8], "texture": "#0"},
				"up": {"uv": [0, 0, 5, 2], "texture": "#0"},
				"down": {"uv": [0, 0, 5, 2], "texture": "#0"}
			}
		},
		{
			"from": [0.71421, 23.08579, -0.1],
			"to": [5.61421, 25.98579, 1.9],
			"rotation": {"angle": -45, "axis": "z", "origin": [3.41421, 23.08579, 0]},
			"faces": {
				"north": {"uv": [0, 0, 4.9, 2.9], "texture": "#0"},
				"east": {"uv": [0, 0, 2, 2.9], "texture": "#0"},
				"south": {"uv": [0, 0, 4.9, 2.9], "texture": "#0"},
				"west": {"uv": [0, 0, 2, 2.9], "texture": "#0"},
				"up": {"uv": [0, 0, 4.9, 2], "texture": "#0"},
				"down": {"uv": [0, 0, 4.9, 2], "texture": "#0"}
			}
		},
		{
			"from": [13.71421, 23.08579, -0.1],
			"to": [18.61421, 25.98579, 1.9],
			"rotation": {"angle": -45, "axis": "z", "origin": [16.41421, 23.08579, 0]},
			"faces": {
				"north": {"uv": [0, 0, 4.9, 2.9], "texture": "#0"},
				"east": {"uv": [0, 0, 2, 2.9], "texture": "#0"},
				"south": {"uv": [0, 0, 4.9, 2.9], "texture": "#0"},
				"west": {"uv": [0, 0, 2, 2.9], "texture": "#0"},
				"up": {"uv": [0, 0, 4.9, 2], "texture": "#0"},
				"down": {"uv": [0, 0, 4.9, 2], "texture": "#0"}
			}
		},
		{
			"from": [10, 24.5, 0],
			"to": [15, 25.5, 2],
			"rotation": {"angle": 0, "axis": "y", "origin": [12, 24.5, 0]},
			"faces": {
				"north": {"uv": [0, 0, 5, 1], "texture": "#0"},
				"east": {"uv": [0, 0, 2, 1], "texture": "#0"},
				"south": {"uv": [0, 0, 5, 1], "texture": "#0"},
				"west": {"uv": [0, 0, 2, 1], "texture": "#0"},
				"up": {"uv": [0, 0, 5, 2], "texture": "#0"},
				"down": {"uv": [0, 0, 5, 2], "texture": "#0"}
			}
		},
		{
			"from": [6.87157, 21.67157, -0.1],
			"to": [11.87157, 24.47157, 1.9],
			"rotation": {"angle": 45, "axis": "z", "origin": [7.17157, 21.67157, 0]},
			"faces": {
				"north": {"uv": [0, 0, 5, 2.8], "texture": "#0"},
				"east": {"uv": [0, 0, 2, 2.8], "texture": "#0"},
				"south": {"uv": [0, 0, 5, 2.8], "texture": "#0"},
				"west": {"uv": [0, 0, 2, 2.8], "texture": "#0"},
				"up": {"uv": [0, 0, 5, 2], "texture": "#0"},
				"down": {"uv": [0, 0, 5, 2], "texture": "#0"}
			}
		},
		{
			"from": [-9, 27, 0],
			"to": [6, 32, 2],
			"rotation": {"angle": 0, "axis": "y", "origin": [-2, 27, 0]},
			"faces": {
				"north": {"uv": [0, 0, 15, 5], "texture": "#1"},
				"east": {"uv": [0, 0, 2, 5], "texture": "#1"},
				"south": {"uv": [0, 0, 15, 5], "texture": "#1"},
				"west": {"uv": [0, 0, 2, 5], "texture": "#1"},
				"up": {"uv": [0, 0, 15, 2], "texture": "#1"},
				"down": {"uv": [0, 0, 15, 2], "texture": "#1"}
			}
		},
		{
			"from": [6, 27, 0],
			"to": [21, 32, 2],
			"rotation": {"angle": 0, "axis": "y", "origin": [13, 27, 0]},
			"faces": {
				"north": {"uv": [0, 0, 15, 5], "texture": "#1"},
				"east": {"uv": [0, 0, 2, 5], "texture": "#1"},
				"south": {"uv": [0, 0, 15, 5], "texture": "#1"},
				"west": {"uv": [0, 0, 2, 5], "texture": "#1"},
				"up": {"uv": [0, 0, 15, 2], "texture": "#1"},
				"down": {"uv": [0, 0, 15, 2], "texture": "#1"}
			}
		},
		{
			"from": [8, 27.5, -0.2],
			"to": [19, 31.5, 0],
			"rotation": {"angle": 0, "axis": "y", "origin": [13, 28, 0]},
			"faces": {
				"north": {"uv": [0, 0, 11, 4], "texture": "#0"},
				"east": {"uv": [0, 0, 0.2, 4], "texture": "#0"},
				"south": {"uv": [0, 0, 11, 4], "texture": "#0"},
				"west": {"uv": [0, 0, 0.2, 4], "texture": "#0"},
				"up": {"uv": [0, 0, 11, 0.2], "texture": "#0"},
				"down": {"uv": [0, 0, 11, 0.2], "texture": "#0"}
			}
		},
		{
			"from": [-7, 27.5, -0.2],
			"to": [4, 31.5, 0],
			"rotation": {"angle": 0, "axis": "y", "origin": [-2, 28, 0]},
			"faces": {
				"north": {"uv": [0, 0, 11, 4], "texture": "#0"},
				"east": {"uv": [0, 0, 0.2, 4], "texture": "#0"},
				"south": {"uv": [0, 0, 11, 4], "texture": "#0"},
				"west": {"uv": [0, 0, 0.2, 4], "texture": "#0"},
				"up": {"uv": [0, 0, 11, 0.2], "texture": "#0"},
				"down": {"uv": [0, 0, 11, 0.2], "texture": "#0"}
			}
		},
		{
			"from": [-9, -5, -6],
			"to": [21, -4.5, 0],
			"rotation": {"angle": 0, "axis": "y", "origin": [-2, -6, -1]},
			"faces": {
				"north": {"uv": [0, 0, 16, 0.5], "texture": "#1"},
				"east": {"uv": [0, 0, 6, 0.5], "texture": "#1"},
				"south": {"uv": [0, 0, 16, 0.5], "texture": "#1"},
				"west": {"uv": [0, 0, 6, 0.5], "texture": "#1"},
				"up": {"uv": [0, 0, 16, 6], "texture": "#1"},
				"down": {"uv": [0, 0, 16, 6], "texture": "#1"}
			}
		},
		{
			"from": [20, -4.5, -6],
			"to": [21, 7.5, -5],
			"rotation": {"angle": 0, "axis": "y", "origin": [19, -4.5, -6]},
			"faces": {
				"north": {"uv": [0, 0, 1, 12], "texture": "#1"},
				"east": {"uv": [0, 0, 1, 12], "texture": "#1"},
				"south": {"uv": [0, 0, 1, 12], "texture": "#1"},
				"west": {"uv": [0, 0, 1, 12], "texture": "#1"},
				"up": {"uv": [0, 0, 1, 1], "texture": "#1"},
				"down": {"uv": [0, 0, 1, 1], "texture": "#1"}
			}
		},
		{
			"from": [-9, -4.5, -6],
			"to": [-8, 7.5, -5],
			"rotation": {"angle": 0, "axis": "y", "origin": [-10, -4.5, -6]},
			"faces": {
				"north": {"uv": [0, 0, 1, 12], "texture": "#1"},
				"east": {"uv": [0, 0, 1, 12], "texture": "#1"},
				"south": {"uv": [0, 0, 1, 12], "texture": "#1"},
				"west": {"uv": [0, 0, 1, 12], "texture": "#1"},
				"up": {"uv": [0, 0, 1, 1], "texture": "#1"},
				"down": {"uv": [0, 0, 1, 1], "texture": "#1"}
			}
		},
		{
			"from": [15.6, -4.5, -5.8],
			"to": [16.15, 7.5, -5.25],
			"rotation": {"angle": 0, "axis": "y", "origin": [14.5, -4.5, -5.9]},
			"faces": {
				"north": {"uv": [0, 0, 0.55, 12], "texture": "#1"},
				"east": {"uv": [0, 0, 0.55, 12], "texture": "#1"},
				"south": {"uv": [0, 0, 0.55, 12], "texture": "#1"},
				"west": {"uv": [0, 0, 0.55, 12], "texture": "#1"},
				"up": {"uv": [0, 0, 0.55, 0.55], "texture": "#1"},
				"down": {"uv": [0, 0, 0.55, 0.55], "texture": "#1"}
			}
		},
		{
			"from": [17.1, -4.5, -5.8],
			"to": [17.65, 7.5, -5.25],
			"rotation": {"angle": 0, "axis": "y", "origin": [16, -4.5, -5.9]},
			"faces": {
				"north": {"uv": [0, 0, 0.55, 12], "texture": "#1"},
				"east": {"uv": [0, 0, 0.55, 12], "texture": "#1"},
				"south": {"uv": [0, 0, 0.55, 12], "texture": "#1"},
				"west": {"uv": [0, 0, 0.55, 12], "texture": "#1"},
				"up": {"uv": [0, 0, 0.55, 0.55], "texture": "#1"},
				"down": {"uv": [0, 0, 0.55, 0.55], "texture": "#1"}
			}
		},
		{
			"from": [18.6, -4.5, -5.8],
			"to": [19.15, 7.5, -5.25],
			"rotation": {"angle": 0, "axis": "y", "origin": [17.5, -4.5, -5.9]},
			"faces": {
				"north": {"uv": [0, 0, 0.55, 12], "texture": "#1"},
				"east": {"uv": [0, 0, 0.55, 12], "texture": "#1"},
				"south": {"uv": [0, 0, 0.55, 12], "texture": "#1"},
				"west": {"uv": [0, 0, 0.55, 12], "texture": "#1"},
				"up": {"uv": [0, 0, 0.55, 0.55], "texture": "#1"},
				"down": {"uv": [0, 0, 0.55, 0.55], "texture": "#1"}
			}
		},
		{
			"from": [11.3, -4.5, -5.8],
			"to": [11.85, 7.5, -5.25],
			"rotation": {"angle": 0, "axis": "y", "origin": [10.2, -4.5, -5.9]},
			"faces": {
				"north": {"uv": [0, 0, 0.55, 12], "texture": "#1"},
				"east": {"uv": [0, 0, 0.55, 12], "texture": "#1"},
				"south": {"uv": [0, 0, 0.55, 12], "texture": "#1"},
				"west": {"uv": [0, 0, 0.55, 12], "texture": "#1"},
				"up": {"uv": [0, 0, 0.55, 0.55], "texture": "#1"},
				"down": {"uv": [0, 0, 0.55, 0.55], "texture": "#1"}
			}
		},
		{
			"from": [12.8, -4.5, -5.8],
			"to": [13.35, 7.5, -5.25],
			"rotation": {"angle": 0, "axis": "y", "origin": [11.7, -4.5, -5.9]},
			"faces": {
				"north": {"uv": [0, 0, 0.55, 12], "texture": "#1"},
				"east": {"uv": [0, 0, 0.55, 12], "texture": "#1"},
				"south": {"uv": [0, 0, 0.55, 12], "texture": "#1"},
				"west": {"uv": [0, 0, 0.55, 12], "texture": "#1"},
				"up": {"uv": [0, 0, 0.55, 0.55], "texture": "#1"},
				"down": {"uv": [0, 0, 0.55, 0.55], "texture": "#1"}
			}
		},
		{
			"from": [14.3, -4.5, -5.8],
			"to": [14.85, 7.5, -5.25],
			"rotation": {"angle": 0, "axis": "y", "origin": [13.2, -4.5, -5.9]},
			"faces": {
				"north": {"uv": [0, 0, 0.55, 12], "texture": "#1"},
				"east": {"uv": [0, 0, 0.55, 12], "texture": "#1"},
				"south": {"uv": [0, 0, 0.55, 12], "texture": "#1"},
				"west": {"uv": [0, 0, 0.55, 12], "texture": "#1"},
				"up": {"uv": [0, 0, 0.55, 0.55], "texture": "#1"},
				"down": {"uv": [0, 0, 0.55, 0.55], "texture": "#1"}
			}
		},
		{
			"from": [7, -4.5, -5.8],
			"to": [7.55, 7.5, -5.25],
			"rotation": {"angle": 0, "axis": "y", "origin": [5.9, -4.5, -5.9]},
			"faces": {
				"north": {"uv": [0, 0, 0.55, 12], "texture": "#1"},
				"east": {"uv": [0, 0, 0.55, 12], "texture": "#1"},
				"south": {"uv": [0, 0, 0.55, 12], "texture": "#1"},
				"west": {"uv": [0, 0, 0.55, 12], "texture": "#1"},
				"up": {"uv": [0, 0, 0.55, 0.55], "texture": "#1"},
				"down": {"uv": [0, 0, 0.55, 0.55], "texture": "#1"}
			}
		},
		{
			"from": [8.5, -4.5, -5.8],
			"to": [9.05, 7.5, -5.25],
			"rotation": {"angle": 0, "axis": "y", "origin": [7.4, -4.5, -5.9]},
			"faces": {
				"north": {"uv": [0, 0, 0.55, 12], "texture": "#1"},
				"east": {"uv": [0, 0, 0.55, 12], "texture": "#1"},
				"south": {"uv": [0, 0, 0.55, 12], "texture": "#1"},
				"west": {"uv": [0, 0, 0.55, 12], "texture": "#1"},
				"up": {"uv": [0, 0, 0.55, 0.55], "texture": "#1"},
				"down": {"uv": [0, 0, 0.55, 0.55], "texture": "#1"}
			}
		},
		{
			"from": [10, -4.5, -5.8],
			"to": [10.55, 7.5, -5.25],
			"rotation": {"angle": 0, "axis": "y", "origin": [8.9, -4.5, -5.9]},
			"faces": {
				"north": {"uv": [0, 0, 0.55, 12], "texture": "#1"},
				"east": {"uv": [0, 0, 0.55, 12], "texture": "#1"},
				"south": {"uv": [0, 0, 0.55, 12], "texture": "#1"},
				"west": {"uv": [0, 0, 0.55, 12], "texture": "#1"},
				"up": {"uv": [0, 0, 0.55, 0.55], "texture": "#1"},
				"down": {"uv": [0, 0, 0.55, 0.55], "texture": "#1"}
			}
		},
		{
			"from": [2.7, -4.5, -5.8],
			"to": [3.25, 7.5, -5.25],
			"rotation": {"angle": 0, "axis": "y", "origin": [1.6, -4.5, -5.9]},
			"faces": {
				"north": {"uv": [0, 0, 0.55, 12], "texture": "#1"},
				"east": {"uv": [0, 0, 0.55, 12], "texture": "#1"},
				"south": {"uv": [0, 0, 0.55, 12], "texture": "#1"},
				"west": {"uv": [0, 0, 0.55, 12], "texture": "#1"},
				"up": {"uv": [0, 0, 0.55, 0.55], "texture": "#1"},
				"down": {"uv": [0, 0, 0.55, 0.55], "texture": "#1"}
			}
		},
		{
			"from": [4.2, -4.5, -5.8],
			"to": [4.75, 7.5, -5.25],
			"rotation": {"angle": 0, "axis": "y", "origin": [3.1, -4.5, -5.9]},
			"faces": {
				"north": {"uv": [0, 0, 0.55, 12], "texture": "#1"},
				"east": {"uv": [0, 0, 0.55, 12], "texture": "#1"},
				"south": {"uv": [0, 0, 0.55, 12], "texture": "#1"},
				"west": {"uv": [0, 0, 0.55, 12], "texture": "#1"},
				"up": {"uv": [0, 0, 0.55, 0.55], "texture": "#1"},
				"down": {"uv": [0, 0, 0.55, 0.55], "texture": "#1"}
			}
		},
		{
			"from": [5.7, -4.5, -5.8],
			"to": [6.25, 7.5, -5.25],
			"rotation": {"angle": 0, "axis": "y", "origin": [4.6, -4.5, -5.9]},
			"faces": {
				"north": {"uv": [0, 0, 0.55, 12], "texture": "#1"},
				"east": {"uv": [0, 0, 0.55, 12], "texture": "#1"},
				"south": {"uv": [0, 0, 0.55, 12], "texture": "#1"},
				"west": {"uv": [0, 0, 0.55, 12], "texture": "#1"},
				"up": {"uv": [0, 0, 0.55, 0.55], "texture": "#1"},
				"down": {"uv": [0, 0, 0.55, 0.55], "texture": "#1"}
			}
		},
		{
			"from": [-4.5, -4.5, -5.8],
			"to": [-3.95, 7.5, -5.25],
			"rotation": {"angle": 0, "axis": "y", "origin": [-5.6, -4.5, -5.9]},
			"faces": {
				"north": {"uv": [0, 0, 0.55, 12], "texture": "#1"},
				"east": {"uv": [0, 0, 0.55, 12], "texture": "#1"},
				"south": {"uv": [0, 0, 0.55, 12], "texture": "#1"},
				"west": {"uv": [0, 0, 0.55, 12], "texture": "#1"},
				"up": {"uv": [0, 0, 0.55, 0.55], "texture": "#1"},
				"down": {"uv": [0, 0, 0.55, 0.55], "texture": "#1"}
			}
		},
		{
			"from": [-2.9, -4.5, -5.8],
			"to": [-2.35, 7.5, -5.25],
			"rotation": {"angle": 0, "axis": "y", "origin": [-4, -4.5, -5.9]},
			"faces": {
				"north": {"uv": [0, 0, 0.55, 12], "texture": "#1"},
				"east": {"uv": [0, 0, 0.55, 12], "texture": "#1"},
				"south": {"uv": [0, 0, 0.55, 12], "texture": "#1"},
				"west": {"uv": [0, 0, 0.55, 12], "texture": "#1"},
				"up": {"uv": [0, 0, 0.55, 0.55], "texture": "#1"},
				"down": {"uv": [0, 0, 0.55, 0.55], "texture": "#1"}
			}
		},
		{
			"from": [-1.4, -4.5, -5.8],
			"to": [-0.85, 7.5, -5.25],
			"rotation": {"angle": 0, "axis": "y", "origin": [-2.5, -4.5, -5.9]},
			"faces": {
				"north": {"uv": [0, 0, 0.55, 12], "texture": "#1"},
				"east": {"uv": [0, 0, 0.55, 12], "texture": "#1"},
				"south": {"uv": [0, 0, 0.55, 12], "texture": "#1"},
				"west": {"uv": [0, 0, 0.55, 12], "texture": "#1"},
				"up": {"uv": [0, 0, 0.55, 0.55], "texture": "#1"},
				"down": {"uv": [0, 0, 0.55, 0.55], "texture": "#1"}
			}
		},
		{
			"from": [-0.1, -4.5, -5.8],
			"to": [0.45, 7.5, -5.25],
			"rotation": {"angle": 0, "axis": "y", "origin": [-1.2, -4.5, -5.9]},
			"faces": {
				"north": {"uv": [0, 0, 0.55, 12], "texture": "#1"},
				"east": {"uv": [0, 0, 0.55, 12], "texture": "#1"},
				"south": {"uv": [0, 0, 0.55, 12], "texture": "#1"},
				"west": {"uv": [0, 0, 0.55, 12], "texture": "#1"},
				"up": {"uv": [0, 0, 0.55, 0.55], "texture": "#1"},
				"down": {"uv": [0, 0, 0.55, 0.55], "texture": "#1"}
			}
		},
		{
			"from": [1.4, -4.5, -5.8],
			"to": [1.95, 7.5, -5.25],
			"rotation": {"angle": 0, "axis": "y", "origin": [0.3, -4.5, -5.9]},
			"faces": {
				"north": {"uv": [0, 0, 0.55, 12], "texture": "#1"},
				"east": {"uv": [0, 0, 0.55, 12], "texture": "#1"},
				"south": {"uv": [0, 0, 0.55, 12], "texture": "#1"},
				"west": {"uv": [0, 0, 0.55, 12], "texture": "#1"},
				"up": {"uv": [0, 0, 0.55, 0.55], "texture": "#1"},
				"down": {"uv": [0, 0, 0.55, 0.55], "texture": "#1"}
			}
		},
		{
			"from": [-7.3, -4.5, -5.8],
			"to": [-6.75, 7.5, -5.25],
			"rotation": {"angle": 0, "axis": "y", "origin": [-8.4, -4.5, -5.9]},
			"faces": {
				"north": {"uv": [0, 0, 0.55, 12], "texture": "#1"},
				"east": {"uv": [0, 0, 0.55, 12], "texture": "#1"},
				"south": {"uv": [0, 0, 0.55, 12], "texture": "#1"},
				"west": {"uv": [0, 0, 0.55, 12], "texture": "#1"},
				"up": {"uv": [0, 0, 0.55, 0.55], "texture": "#1"},
				"down": {"uv": [0, 0, 0.55, 0.55], "texture": "#1"}
			}
		},
		{
			"from": [-5.9, -4.5, -5.8],
			"to": [-5.35, 7.5, -5.25],
			"rotation": {"angle": 0, "axis": "y", "origin": [-7, -4.5, -5.9]},
			"faces": {
				"north": {"uv": [0, 0, 0.55, 12], "texture": "#1"},
				"east": {"uv": [0, 0, 0.55, 12], "texture": "#1"},
				"south": {"uv": [0, 0, 0.55, 12], "texture": "#1"},
				"west": {"uv": [0, 0, 0.55, 12], "texture": "#1"},
				"up": {"uv": [0, 0, 0.55, 0.55], "texture": "#1"},
				"down": {"uv": [0, 0, 0.55, 0.55], "texture": "#1"}
			}
		},
		{
			"from": [20.3, -4.5, -4.5],
			"to": [20.85, 7.5, -3.95],
			"rotation": {"angle": 0, "axis": "y", "origin": [19.2, -4.5, -4.6]},
			"faces": {
				"north": {"uv": [0, 0, 0.55, 12], "texture": "#1"},
				"east": {"uv": [0, 0, 0.55, 12], "texture": "#1"},
				"south": {"uv": [0, 0, 0.55, 12], "texture": "#1"},
				"west": {"uv": [0, 0, 0.55, 12], "texture": "#1"},
				"up": {"uv": [0, 0, 0.55, 0.55], "texture": "#1"},
				"down": {"uv": [0, 0, 0.55, 0.55], "texture": "#1"}
			}
		},
		{
			"from": [20.3, -4.5, -3.5],
			"to": [20.85, 7.5, -2.95],
			"rotation": {"angle": 0, "axis": "y", "origin": [19.2, -4.5, -3.6]},
			"faces": {
				"north": {"uv": [0, 0, 0.55, 12], "texture": "#1"},
				"east": {"uv": [0, 0, 0.55, 12], "texture": "#1"},
				"south": {"uv": [0, 0, 0.55, 12], "texture": "#1"},
				"west": {"uv": [0, 0, 0.55, 12], "texture": "#1"},
				"up": {"uv": [0, 0, 0.55, 0.55], "texture": "#1"},
				"down": {"uv": [0, 0, 0.55, 0.55], "texture": "#1"}
			}
		},
		{
			"from": [20.3, -4.5, -2.5],
			"to": [20.85, 7.5, -1.95],
			"rotation": {"angle": 0, "axis": "y", "origin": [19.2, -4.5, -2.6]},
			"faces": {
				"north": {"uv": [0, 0, 0.55, 12], "texture": "#1"},
				"east": {"uv": [0, 0, 0.55, 12], "texture": "#1"},
				"south": {"uv": [0, 0, 0.55, 12], "texture": "#1"},
				"west": {"uv": [0, 0, 0.55, 12], "texture": "#1"},
				"up": {"uv": [0, 0, 0.55, 0.55], "texture": "#1"},
				"down": {"uv": [0, 0, 0.55, 0.55], "texture": "#1"}
			}
		},
		{
			"from": [20.3, -4.5, -1.5],
			"to": [20.85, 7.5, -0.95],
			"rotation": {"angle": 0, "axis": "y", "origin": [19.2, -4.5, -1.6]},
			"faces": {
				"north": {"uv": [0, 0, 0.55, 12], "texture": "#1"},
				"east": {"uv": [0, 0, 0.55, 12], "texture": "#1"},
				"south": {"uv": [0, 0, 0.55, 12], "texture": "#1"},
				"west": {"uv": [0, 0, 0.55, 12], "texture": "#1"},
				"up": {"uv": [0, 0, 0.55, 0.55], "texture": "#1"},
				"down": {"uv": [0, 0, 0.55, 0.55], "texture": "#1"}
			}
		},
		{
			"from": [-8.7, -4.5, -1.5],
			"to": [-8.15, 7.5, -0.95],
			"rotation": {"angle": 0, "axis": "y", "origin": [-9.8, -4.5, -1.6]},
			"faces": {
				"north": {"uv": [0, 0, 0.55, 12], "texture": "#1"},
				"east": {"uv": [0, 0, 0.55, 12], "texture": "#1"},
				"south": {"uv": [0, 0, 0.55, 12], "texture": "#1"},
				"west": {"uv": [0, 0, 0.55, 12], "texture": "#1"},
				"up": {"uv": [0, 0, 0.55, 0.55], "texture": "#1"},
				"down": {"uv": [0, 0, 0.55, 0.55], "texture": "#1"}
			}
		},
		{
			"from": [-8.7, -4.5, -4.5],
			"to": [-8.15, 7.5, -3.95],
			"rotation": {"angle": 0, "axis": "y", "origin": [-9.8, -4.5, -4.6]},
			"faces": {
				"north": {"uv": [0, 0, 0.55, 12], "texture": "#1"},
				"east": {"uv": [0, 0, 0.55, 12], "texture": "#1"},
				"south": {"uv": [0, 0, 0.55, 12], "texture": "#1"},
				"west": {"uv": [0, 0, 0.55, 12], "texture": "#1"},
				"up": {"uv": [0, 0, 0.55, 0.55], "texture": "#1"},
				"down": {"uv": [0, 0, 0.55, 0.55], "texture": "#1"}
			}
		},
		{
			"from": [-8.7, -4.5, -3.5],
			"to": [-8.15, 7.5, -2.95],
			"rotation": {"angle": 0, "axis": "y", "origin": [-9.8, -4.5, -3.6]},
			"faces": {
				"north": {"uv": [0, 0, 0.55, 12], "texture": "#1"},
				"east": {"uv": [0, 0, 0.55, 12], "texture": "#1"},
				"south": {"uv": [0, 0, 0.55, 12], "texture": "#1"},
				"west": {"uv": [0, 0, 0.55, 12], "texture": "#1"},
				"up": {"uv": [0, 0, 0.55, 0.55], "texture": "#1"},
				"down": {"uv": [0, 0, 0.55, 0.55], "texture": "#1"}
			}
		},
		{
			"from": [-8.7, -4.5, -2.5],
			"to": [-8.15, 7.5, -1.95],
			"rotation": {"angle": 0, "axis": "y", "origin": [-9.8, -4.5, -2.6]},
			"faces": {
				"north": {"uv": [0, 0, 0.55, 12], "texture": "#1"},
				"east": {"uv": [0, 0, 0.55, 12], "texture": "#1"},
				"south": {"uv": [0, 0, 0.55, 12], "texture": "#1"},
				"west": {"uv": [0, 0, 0.55, 12], "texture": "#1"},
				"up": {"uv": [0, 0, 0.55, 0.55], "texture": "#1"},
				"down": {"uv": [0, 0, 0.55, 0.55], "texture": "#1"}
			}
		},
		{
			"from": [-9, 7.5, -5],
			"to": [-8, 8, 2.1],
			"rotation": {"angle": 0, "axis": "y", "origin": [-9, 6, -2]},
			"faces": {
				"north": {"uv": [0, 0, 1, 0.5], "texture": "#1"},
				"east": {"uv": [0, 0, 7.1, 0.5], "texture": "#1"},
				"south": {"uv": [0, 0, 1, 0.5], "texture": "#1"},
				"west": {"uv": [0, 0, 7.1, 0.5], "texture": "#1"},
				"up": {"uv": [0, 0, 1, 7.1], "texture": "#1"},
				"down": {"uv": [0, 0, 1, 7.1], "texture": "#1"}
			}
		},
		{
			"from": [20, 7.5, -5],
			"to": [21, 8, 2.1],
			"rotation": {"angle": 0, "axis": "y", "origin": [20, 6, -2]},
			"faces": {
				"north": {"uv": [0, 0, 1, 0.5], "texture": "#1"},
				"east": {"uv": [0, 0, 7.1, 0.5], "texture": "#1"},
				"south": {"uv": [0, 0, 1, 0.5], "texture": "#1"},
				"west": {"uv": [0, 0, 7.1, 0.5], "texture": "#1"},
				"up": {"uv": [0, 0, 1, 7.1], "texture": "#1"},
				"down": {"uv": [0, 0, 1, 7.1], "texture": "#1"}
			}
		},
		{
			"from": [-9, 7.5, -6],
			"to": [21, 8, -4.9],
			"rotation": {"angle": 0, "axis": "y", "origin": [20, 6, -3]},
			"faces": {
				"north": {"uv": [0, 0, 16, 0.5], "texture": "#1"},
				"east": {"uv": [0, 0, 1.1, 0.5], "texture": "#1"},
				"south": {"uv": [0, 0, 16, 0.5], "texture": "#1"},
				"west": {"uv": [0, 0, 1.1, 0.5], "texture": "#1"},
				"up": {"uv": [0, 0, 16, 1.1], "texture": "#1"},
				"down": {"uv": [0, 0, 16, 1.1], "texture": "#1"}
			}
		},
		{
			"from": [4.5, 28, -0.2],
			"to": [7.5, 31.5, 0],
			"rotation": {"angle": 0, "axis": "y", "origin": [5.5, 28, 0]},
			"faces": {
				"north": {"uv": [0, 0, 3, 3.5], "texture": "#0"},
				"east": {"uv": [0, 0, 0.2, 3.5], "texture": "#0"},
				"south": {"uv": [0, 0, 3, 3.5], "texture": "#0"},
				"west": {"uv": [0, 0, 0.2, 3.5], "texture": "#0"},
				"up": {"uv": [0, 0, 3, 0.2], "texture": "#0"},
				"down": {"uv": [0, 0, 3, 0.2], "texture": "#0"}
			}
		},
		{
			"from": [7, 10.5, -0.2],
			"to": [19, 12, 2],
			"rotation": {"angle": 0, "axis": "y", "origin": [12, 11, 0]},
			"faces": {
				"north": {"uv": [0, 0, 12, 1.5], "texture": "#1"},
				"east": {"uv": [0, 0, 2.2, 1.5], "texture": "#1"},
				"south": {"uv": [0, 0, 12, 1.5], "texture": "#1"},
				"west": {"uv": [0, 0, 2.2, 1.5], "texture": "#1"},
				"up": {"uv": [0, 0, 12, 2.2], "texture": "#1"},
				"down": {"uv": [0, 0, 12, 2.2], "texture": "#1"}
			}
		},
		{
			"from": [-6, 10.5, -0.2],
			"to": [6, 12, 2],
			"rotation": {"angle": 0, "axis": "y", "origin": [-1, 11, 0]},
			"faces": {
				"north": {"uv": [0, 0, 12, 1.5], "texture": "#1"},
				"east": {"uv": [0, 0, 2.2, 1.5], "texture": "#1"},
				"south": {"uv": [0, 0, 12, 1.5], "texture": "#1"},
				"west": {"uv": [0, 0, 2.2, 1.5], "texture": "#1"},
				"up": {"uv": [0, 0, 12, 2.2], "texture": "#1"},
				"down": {"uv": [0, 0, 12, 2.2], "texture": "#1"}
			}
		},
		{
			"from": [-6, -4, 0.5],
			"to": [5, 10.5, 1.5],
			"rotation": {"angle": 0, "axis": "y", "origin": [0, -4, 0]},
			"faces": {
				"north": {"uv": [0, 0, 11, 14.5], "texture": "#3"},
				"east": {"uv": [0, 0, 1, 14.5], "texture": "#3"},
				"south": {"uv": [0, 0, 11, 14.5], "texture": "#3"},
				"west": {"uv": [0, 0, 1, 14.5], "texture": "#3"},
				"up": {"uv": [0, 0, 11, 1], "texture": "#3"},
				"down": {"uv": [0, 0, 11, 1], "texture": "#3"}
			}
		},
		{
			"from": [7, -4, 0.5],
			"to": [18, 10.5, 1.5],
			"rotation": {"angle": 0, "axis": "y", "origin": [13, -4, 0]},
			"faces": {
				"north": {"uv": [0, 0, 11, 14.5], "texture": "#3"},
				"east": {"uv": [0, 0, 1, 14.5], "texture": "#3"},
				"south": {"uv": [0, 0, 11, 14.5], "texture": "#3"},
				"west": {"uv": [0, 0, 1, 14.5], "texture": "#3"},
				"up": {"uv": [0, 0, 11, 1], "texture": "#3"},
				"down": {"uv": [0, 0, 11, 1], "texture": "#3"}
			}
		},
		{
			"from": [-6, 12, 0.5],
			"to": [5, 24.5, 1.5],
			"rotation": {"angle": 0, "axis": "y", "origin": [0, 12, 0]},
			"faces": {
				"north": {"uv": [0, 0, 11, 12.5], "texture": "#3"},
				"east": {"uv": [0, 0, 1, 12.5], "texture": "#3"},
				"south": {"uv": [0, 0, 11, 12.5], "texture": "#3"},
				"west": {"uv": [0, 0, 1, 12.5], "texture": "#3"},
				"up": {"uv": [0, 0, 11, 1], "texture": "#3"},
				"down": {"uv": [0, 0, 11, 1], "texture": "#3"}
			}
		},
		{
			"from": [7, 12, 0.5],
			"to": [18, 24.5, 1.5],
			"rotation": {"angle": 0, "axis": "y", "origin": [13, 12, 0]},
			"faces": {
				"north": {"uv": [0, 0, 11, 12.5], "texture": "#3"},
				"east": {"uv": [0, 0, 1, 12.5], "texture": "#3"},
				"south": {"uv": [0, 0, 11, 12.5], "texture": "#3"},
				"west": {"uv": [0, 0, 1, 12.5], "texture": "#3"},
				"up": {"uv": [0, 0, 11, 1], "texture": "#3"},
				"down": {"uv": [0, 0, 11, 1], "texture": "#3"}
			}
		}
	],
	"display": {
		"thirdperson_righthand": {
			"rotation": [0, 180, 0],
			"translation": [0, 0, -2],
			"scale": [0.25, 0.25, 0.25]
		},
		"thirdperson_lefthand": {
			"rotation": [0, 180, 0],
			"translation": [0, 0, -2],
			"scale": [0.25, 0.25, 0.25]
		},
		"firstperson_righthand": {
			"rotation": [-180, 51.5, -180],
			"translation": [2, 1, -1.75],
			"scale": [0.25, 0.25, 0.25]
		},
		"firstperson_lefthand": {
			"rotation": [0, 110, 0],
			"translation": [3, 0.75, 0],
			"scale": [0.25, 0.25, 0.25]
		},
		"ground": {
			"translation": [0, 3, 3],
			"scale": [0.25, 0.25, 0.25]
		},
		"gui": {
			"rotation": [-27, 136, 0],
			"translation": [0.75, -2, 0],
			"scale": [0.3, 0.3, 0.3]
		},
		"head": {
			"translation": [0, -25.25, 27],
			"scale": [1.6, 1.6, 1.6]
		},
		"fixed": {
			"scale": [0.4, 0.4, 0.4]
		}
	}
}