{
	"credit": "Made with Blockbench",
	"textures": {
		"0": "item/stone_bricks",
		"1": "item/flowering_azalea_top",
		"particle": "item/stone_bricks"
	},
	"elements": [
		{
			"from": [-1.48528, 0, -15],
			"to": [-0.48528, 1.7, -3.7],
			"rotation": {"angle": 45, "axis": "y", "origin": [-1.48528, 0, -16.07107]},
			"faces": {
				"north": {"uv": [0, 0, 1, 1.3], "texture": "#0"},
				"east": {"uv": [0, 0, 16, 16], "texture": "#0"},
				"south": {"uv": [0, 0, 1, 1.3], "texture": "#0"},
				"west": {"uv": [0, 0, 11, 1.3], "texture": "#0"},
				"up": {"uv": [0, 0, 16, 16], "texture": "#0"},
				"down": {"uv": [0, 0, 1, 11], "texture": "#0"}
			}
		},
		{
			"from": [7, 0, -8],
			"to": [8, 1.7, 24],
			"rotation": {"angle": 0, "axis": "y", "origin": [7, 0, 0]},
			"faces": {
				"north": {"uv": [0, 0, 1, 1.3], "texture": "#0"},
				"east": {"uv": [0, 0, 16, 16], "texture": "#0"},
				"south": {"uv": [0, 0, 1, 1.3], "texture": "#0"},
				"west": {"uv": [0, 0, 16, 7.3], "texture": "#0"},
				"up": {"uv": [0, 0, 16, 16], "texture": "#0"},
				"down": {"uv": [0, 0, 1, 16], "texture": "#0"}
			}
		},
		{
			"from": [-0.05736, 0, 30.82843],
			"to": [11.24264, 1.7, 31.82843],
			"rotation": {"angle": 45, "axis": "y", "origin": [0.17157, 0, 31.82843]},
			"faces": {
				"north": {"uv": [0, 0, 11.3, 1.3], "texture": "#0"},
				"east": {"uv": [0, 0, 1, 1.3], "texture": "#0"},
				"south": {"uv": [0, 0, 16, 16], "texture": "#0"},
				"west": {"uv": [0, 0, 1, 1.3], "texture": "#0"},
				"up": {"uv": [0, 0, 16, 16], "rotation": 270, "texture": "#0"},
				"down": {"uv": [0, 0, 16, 16], "rotation": 90, "texture": "#0"}
			}
		},
		{
			"from": [0, 0, -7.8],
			"to": [7, 1, 24],
			"faces": {
				"north": {"uv": [0, 0, 7, 1], "texture": "#missing"},
				"east": {"uv": [0, 0, 16, 1], "texture": "#missing"},
				"south": {"uv": [0, 0, 7, 1], "texture": "#missing"},
				"west": {"uv": [0, 0, 16, 1], "texture": "#missing"},
				"up": {"uv": [8, 0, 16, 16], "texture": "#1"},
				"down": {"uv": [0, 0, 7, 16], "texture": "#missing"}
			}
		},
		{
			"from": [0.54264, 0, 30.82843],
			"to": [9.84264, 1, 31.82843],
			"rotation": {"angle": 45, "axis": "y", "origin": [-1.22843, 0, 31.82843]},
			"faces": {
				"north": {"uv": [0, 0, 9.3, 1], "texture": "#1"},
				"east": {"uv": [0, 0, 1, 1], "texture": "#1"},
				"south": {"uv": [0, 0, 9.3, 1], "texture": "#1"},
				"west": {"uv": [0, 0, 1, 1], "texture": "#1"},
				"up": {"uv": [0, 0, 1, 9.3], "rotation": 270, "texture": "#1"},
				"down": {"uv": [0, 0, 1, 9.3], "rotation": 90, "texture": "#1"}
			}
		},
		{
			"from": [1.14264, 0, 30.82843],
			"to": [8.44264, 1, 31.82843],
			"rotation": {"angle": 45, "axis": "y", "origin": [-2.62843, 0, 31.82843]},
			"faces": {
				"north": {"uv": [0, 0, 7.3, 1], "texture": "#1"},
				"east": {"uv": [0, 0, 1, 1], "texture": "#1"},
				"south": {"uv": [0, 0, 7.3, 1], "texture": "#1"},
				"west": {"uv": [0, 0, 1, 1], "texture": "#1"},
				"up": {"uv": [0, 0, 1, 7.3], "rotation": 270, "texture": "#1"},
				"down": {"uv": [0, 0, 1, 7.3], "rotation": 90, "texture": "#1"}
			}
		},
		{
			"from": [1.74264, 0, 30.82843],
			"to": [7.04264, 1, 31.82843],
			"rotation": {"angle": 45, "axis": "y", "origin": [-4.02843, 0, 31.82843]},
			"faces": {
				"north": {"uv": [0, 0, 5.3, 1], "texture": "#1"},
				"east": {"uv": [0, 0, 1, 1], "texture": "#1"},
				"south": {"uv": [0, 0, 5.3, 1], "texture": "#1"},
				"west": {"uv": [0, 0, 1, 1], "texture": "#1"},
				"up": {"uv": [0, 0, 1, 5.3], "rotation": 270, "texture": "#1"},
				"down": {"uv": [0, 0, 1, 5.3], "rotation": 90, "texture": "#1"}
			}
		},
		{
			"from": [2.24264, 0, 30.82843],
			"to": [5.64264, 1, 31.82843],
			"rotation": {"angle": 45, "axis": "y", "origin": [-5.42843, 0, 31.82843]},
			"faces": {
				"north": {"uv": [0, 0, 3.4, 1], "texture": "#1"},
				"east": {"uv": [0, 0, 1, 1], "texture": "#1"},
				"south": {"uv": [0, 0, 3.4, 1], "texture": "#1"},
				"west": {"uv": [0, 0, 1, 1], "texture": "#1"},
				"up": {"uv": [0, 0, 1, 3.4], "rotation": 270, "texture": "#1"},
				"down": {"uv": [0, 0, 1, 3.4], "rotation": 90, "texture": "#1"}
			}
		},
		{
			"from": [2.84264, 0, 30.82843],
			"to": [4.24264, 1, 31.82843],
			"rotation": {"angle": 45, "axis": "y", "origin": [-6.82843, 0, 31.82843]},
			"faces": {
				"north": {"uv": [0, 0, 1.4, 1], "texture": "#1"},
				"east": {"uv": [0, 0, 1, 1], "texture": "#1"},
				"south": {"uv": [0, 0, 1.4, 1], "texture": "#1"},
				"west": {"uv": [0, 0, 1, 1], "texture": "#1"},
				"up": {"uv": [0, 0, 1, 1.4], "rotation": 270, "texture": "#1"},
				"down": {"uv": [0, 0, 1, 1.4], "rotation": 90, "texture": "#1"}
			}
		},
		{
			"from": [-0.38528, 0, -13.8],
			"to": [0.61472, 1, -4.4],
			"rotation": {"angle": 45, "axis": "y", "origin": [-0.38528, 0, -13.47107]},
			"faces": {
				"north": {"uv": [0, 0, 1, 1], "texture": "#1"},
				"east": {"uv": [0, 0, 9.4, 1], "texture": "#1"},
				"south": {"uv": [0, 0, 1, 1], "texture": "#1"},
				"west": {"uv": [0, 0, 9.4, 1], "texture": "#1"},
				"up": {"uv": [0, 0, 1, 9.4], "texture": "#1"},
				"down": {"uv": [0, 0, 1, 9.4], "texture": "#1"}
			}
		},
		{
			"from": [-0.38528, 0, -12.4],
			"to": [0.61472, 1, -5],
			"rotation": {"angle": 45, "axis": "y", "origin": [-0.38528, 0, -12.07107]},
			"faces": {
				"north": {"uv": [0, 0, 1, 1], "texture": "#1"},
				"east": {"uv": [0, 0, 7.4, 1], "texture": "#1"},
				"south": {"uv": [0, 0, 1, 1], "texture": "#1"},
				"west": {"uv": [0, 0, 7.4, 1], "texture": "#1"},
				"up": {"uv": [0, 0, 1, 7.4], "texture": "#1"},
				"down": {"uv": [0, 0, 1, 7.4], "texture": "#1"}
			}
		},
		{
			"from": [-0.38528, 0, -11],
			"to": [0.61472, 1, -5.6],
			"rotation": {"angle": 45, "axis": "y", "origin": [-0.38528, 0, -10.67107]},
			"faces": {
				"north": {"uv": [0, 0, 1, 1], "texture": "#1"},
				"east": {"uv": [0, 0, 5.4, 1], "texture": "#1"},
				"south": {"uv": [0, 0, 1, 1], "texture": "#1"},
				"west": {"uv": [0, 0, 5.4, 1], "texture": "#1"},
				"up": {"uv": [0, 0, 1, 5.4], "texture": "#1"},
				"down": {"uv": [0, 0, 1, 5.4], "texture": "#1"}
			}
		},
		{
			"from": [-0.38528, 0, -9.6],
			"to": [0.61472, 1, -6.2],
			"rotation": {"angle": 45, "axis": "y", "origin": [-0.38528, 0, -9.27107]},
			"faces": {
				"north": {"uv": [0, 0, 1, 1], "texture": "#1"},
				"east": {"uv": [0, 0, 3.4, 1], "texture": "#1"},
				"south": {"uv": [0, 0, 1, 1], "texture": "#1"},
				"west": {"uv": [0, 0, 3.4, 1], "texture": "#1"},
				"up": {"uv": [0, 0, 1, 3.4], "texture": "#1"},
				"down": {"uv": [0, 0, 1, 3.4], "texture": "#1"}
			}
		},
		{
			"from": [-0.38528, 0, -8.2],
			"to": [0.61472, 1, -6.8],
			"rotation": {"angle": 45, "axis": "y", "origin": [-0.38528, 0, -7.87107]},
			"faces": {
				"north": {"uv": [0, 0, 1, 1], "texture": "#1"},
				"east": {"uv": [0, 0, 1.4, 1], "texture": "#1"},
				"south": {"uv": [0, 0, 1, 1], "texture": "#1"},
				"west": {"uv": [0, 0, 1.4, 1], "texture": "#1"},
				"up": {"uv": [0, 0, 1, 1.4], "texture": "#1"},
				"down": {"uv": [0, 0, 1, 1.4], "texture": "#1"}
			}
		}
	],
	"display": {
		"thirdperson_righthand": {
			"rotation": [95.5, 64.29, -120.55],
			"translation": [0, 6.75, -2.75]
		},
		"head": {
			"rotation": [0, 90, 0],
			"translation": [0, -33.25, 8.75],
			"scale": [1.55, 1.55, 1.55]
		}
	}
}