{
	"credit": "Made with Blockbench",
	"textures": {
		"0": "item/francecityhall",
		"particle": "item/francecityhall"
	},
	"elements": [
		{
			"from": [0, 0, 0],
			"to": [32, 16, 0],
			"faces": {
				"north": {"uv": [0.56637, 3.25664, 14.58407, 14.30088], "texture": "#0"},
				"east": {"uv": [0, 0, 0, 16], "texture": "#0"},
				"south": {"uv": [0, 0, 16, 16], "texture": "#0"},
				"west": {"uv": [0, 0, 0, 16], "texture": "#0"},
				"up": {"uv": [0, 0, 16, 0], "texture": "#0"},
				"down": {"uv": [0, 0, 16, 0], "texture": "#0"}
			}
		}
	],
	"display": {
		"head": {
			"translation": [-5.25, -23, 33],
			"scale": [2.3, 2.3, 2.3]
		}
	}
}