{
	"credit": "Made with Blockbench",
	"textures": {
		"1": "item/gremporium",
		"particle": "item/ajc"
	},
	"elements": [
		{
			"from": [-16, 0, 0],
			"to": [32, 8, 0],
			"rotation": {"angle": 0, "axis": "y", "origin": [23, 0, 0]},
			"faces": {
				"north": {"uv": [0, 0, 14.22222, 5], "texture": "#1"},
				"east": {"uv": [0, 0, 0, 4], "texture": "#1"},
				"south": {"uv": [0, 0, 10.50505, 1.77778], "texture": "#1"},
				"west": {"uv": [0, 0, 0, 4], "texture": "#1"},
				"up": {"uv": [0, 0, 8, 0], "texture": "#1"},
				"down": {"uv": [0, 0, 8, 0], "texture": "#1"}
			}
		}
	],
	"display": {
		"thirdperson_righthand": {
			"translation": [0, 22, 30.5],
			"scale": [4, 4, 4]
		},
		"head": {
			"rotation": [0, 180, 0],
			"translation": [2.75, -15.25, -1.75],
			"scale": [3.2, 3.2, 3.2]
		}
	}
}