{
	"credit": "Made with Blockbench",
	"texture_size": [16, 23],
	"textures": {
		"0": "item/Halma",
		"particle": "item/Halma"
	},
	"elements": [
		{
			"from": [0, 0, 0],
			"to": [16, 32, 0],
			"faces": {
				"north": {"uv": [0, 0, 16, 16], "texture": "#0"},
				"east": {"uv": [0, 0, 0, 11.13043], "texture": "#0"},
				"south": {"uv": [0, 0, 16, 16], "texture": "#0"},
				"west": {"uv": [0, 0, 0, 11.13043], "texture": "#0"},
				"up": {"uv": [0, 0, 16, 0], "texture": "#0"},
				"down": {"uv": [0, 0, 16, 0], "texture": "#0"}
			}
		}
	],
	"display": {
		"head": {
			"translation": [0, -29.5, 25.75],
			"scale": [1.6, 1.6, 1.6]
		}
	}
}