{
	"credit": "Made with Blockbench",
	"textures": {
		"0": "item/harringtons",
		"particle": "item/harringtons"
	},
	"elements": [
		{
			"from": [-16, 0, 0],
			"to": [12, 6, 0],
			"faces": {
				"north": {"uv": [0, 0, 16, 16], "texture": "#0"},
				"east": {"uv": [0, 0, 0, 12], "texture": "#missing"},
				"south": {"uv": [0, 0, 16, 16], "texture": "#0"},
				"west": {"uv": [0, 0, 0, 12], "texture": "#missing"},
				"up": {"uv": [0, 0, 16, 0], "texture": "#missing"},
				"down": {"uv": [0, 0, 16, 0], "texture": "#missing"}
			}
		}
	],
	"display": {
		"head": {
			"translation": [32.75, 11, 34.75],
			"scale": [3.2, 3.2, 3.2]
		}
	}
}