{
	"credit": "Made with Blockbench",
	"textures": {
		"0": "item/horloge_city_hall",
		"particle": "item/horloge_city_hall"
	},
	"elements": [
		{
			"from": [0, 0, 0],
			"to": [32, 32, 0],
			"faces": {
				"north": {"uv": [0.53691, 0.42953, 14.81879, 15.78523], "texture": "#0"},
				"east": {"uv": [0, 0, 0, 16], "texture": "#0"},
				"south": {"uv": [0, 0, 16, 16], "texture": "#0"},
				"west": {"uv": [0, 0, 0, 16], "texture": "#0"},
				"up": {"uv": [0, 0, 16, 0], "texture": "#0"},
				"down": {"uv": [0, 0, 16, 0], "texture": "#0"}
			}
		}
	],
	"display": {
		"head": {
			"translation": [-8.25, -31.5, 37.5],
			"scale": [1.6, 1.6, 1.6]
		}
	}
}