{
	"credit": "Made with Blockbench",
	"textures": {
		"0": "item/imagemur",
		"particle": "item/imagemur"
	},
	"elements": [
		{
			"from": [-8, 0, 0],
			"to": [24, 16, 0],
			"rotation": {"angle": 0, "axis": "y", "origin": [-8, 0, 0]},
			"faces": {
				"north": {"uv": [0.45316, 0, 16, 16], "texture": "#0"},
				"east": {"uv": [0, 0, 0, 16], "texture": "#0"},
				"south": {"uv": [16, 0, 0.38344, 16], "texture": "#0"},
				"west": {"uv": [0, 0, 0, 16], "texture": "#0"},
				"up": {"uv": [0, 0, 16, 0], "texture": "#0"},
				"down": {"uv": [0, 0, 16, 0], "texture": "#0"}
			}
		}
	],
	"display": {
		"head": {
			"translation": [0, 0, 27.5],
			"scale": [1.6, 1.6, 1.6]
		}
	}
}