{
	"credit": "Made with Blockbench",
	"textures": {
		"0": "item/dark_prismarine",
		"1": "item/lumiere2",
		"particle": "item/dark_prismarine"
	},
	"elements": [
		{
			"from": [5.5, -16, 5.5],
			"to": [10.5, -14, 10.5],
			"rotation": {"angle": 0, "axis": "y", "origin": [6.5, -16, 6.5]},
			"faces": {
				"north": {"uv": [0, 0, 5, 2], "texture": "#0"},
				"east": {"uv": [0, 0, 5, 2], "texture": "#0"},
				"south": {"uv": [0, 0, 5, 2], "texture": "#0"},
				"west": {"uv": [0, 0, 5, 2], "texture": "#0"},
				"up": {"uv": [0, 0, 5, 5], "texture": "#0"},
				"down": {"uv": [0, 0, 5, 5], "texture": "#0"}
			}
		},
		{
			"from": [6.5, -14, 6.5],
			"to": [9.5, -6, 9.5],
			"rotation": {"angle": 0, "axis": "y", "origin": [6.5, -14, 6.5]},
			"faces": {
				"north": {"uv": [0, 0, 3, 8], "texture": "#0"},
				"east": {"uv": [0, 0, 3, 8], "texture": "#0"},
				"south": {"uv": [0, 0, 3, 8], "texture": "#0"},
				"west": {"uv": [0, 0, 3, 8], "texture": "#0"},
				"up": {"uv": [0, 0, 3, 3], "texture": "#0"},
				"down": {"uv": [0, 0, 3, 3], "texture": "#0"}
			}
		},
		{
			"from": [6, -6, 6],
			"to": [10, -5, 10],
			"rotation": {"angle": 0, "axis": "y", "origin": [6.5, -6, 6.5]},
			"faces": {
				"north": {"uv": [0, 0, 4, 1], "texture": "#0"},
				"east": {"uv": [0, 0, 4, 1], "texture": "#0"},
				"south": {"uv": [0, 0, 4, 1], "texture": "#0"},
				"west": {"uv": [0, 0, 4, 1], "texture": "#0"},
				"up": {"uv": [0, 0, 4, 4], "texture": "#0"},
				"down": {"uv": [0, 0, 4, 4], "texture": "#0"}
			}
		},
		{
			"from": [6.5, -5, 6.5],
			"to": [9.5, -4.5, 9.5],
			"rotation": {"angle": 0, "axis": "y", "origin": [6.5, -5.5, 6.5]},
			"faces": {
				"north": {"uv": [0, 0, 3, 0.5], "texture": "#0"},
				"east": {"uv": [0, 0, 3, 0.5], "texture": "#0"},
				"south": {"uv": [0, 0, 3, 0.5], "texture": "#0"},
				"west": {"uv": [0, 0, 3, 0.5], "texture": "#0"},
				"up": {"uv": [0, 0, 3, 3], "texture": "#0"},
				"down": {"uv": [0, 0, 3, 3], "texture": "#0"}
			}
		},
		{
			"from": [7, -4.5, 7],
			"to": [9, 10, 9],
			"rotation": {"angle": 0, "axis": "y", "origin": [6.5, -5, 6.5]},
			"faces": {
				"north": {"uv": [0, 0, 2, 14.5], "texture": "#0"},
				"east": {"uv": [0, 0, 2, 14.5], "texture": "#0"},
				"south": {"uv": [0, 0, 2, 14.5], "texture": "#0"},
				"west": {"uv": [0, 0, 2, 14.5], "texture": "#0"},
				"up": {"uv": [0, 0, 2, 2], "texture": "#0"},
				"down": {"uv": [0, 0, 2, 2], "texture": "#0"}
			}
		},
		{
			"from": [7, 10, 7],
			"to": [9, 16.5, 9],
			"rotation": {"angle": 0, "axis": "y", "origin": [6.5, 9.5, 6.5]},
			"faces": {
				"north": {"uv": [0, 0, 2, 6.5], "texture": "#0"},
				"east": {"uv": [0, 0, 2, 6.5], "texture": "#0"},
				"south": {"uv": [0, 0, 2, 6.5], "texture": "#0"},
				"west": {"uv": [0, 0, 2, 6.5], "texture": "#0"},
				"up": {"uv": [0, 0, 2, 2], "texture": "#0"},
				"down": {"uv": [0, 0, 2, 2], "texture": "#0"}
			}
		},
		{
			"from": [7.5, 16.5, 6.5],
			"to": [8.5, 17, 9.5],
			"rotation": {"angle": 0, "axis": "y", "origin": [7.5, 16, 6.5]},
			"faces": {
				"north": {"uv": [0, 0, 1, 0.5], "texture": "#1"},
				"east": {"uv": [0, 0, 3, 0.5], "texture": "#1"},
				"south": {"uv": [0, 0, 1, 0.5], "texture": "#1"},
				"west": {"uv": [0, 0, 3, 0.5], "texture": "#1"},
				"up": {"uv": [0, 0, 1, 3], "texture": "#1"},
				"down": {"uv": [0, 0, 1, 3], "texture": "#1"}
			}
		},
		{
			"from": [8.5, 16.5, 7.5],
			"to": [9.5, 17, 8.5],
			"rotation": {"angle": 0, "axis": "y", "origin": [7.5, 16, 6.5]},
			"faces": {
				"north": {"uv": [0, 0, 1, 0.5], "texture": "#1"},
				"east": {"uv": [0, 0, 1, 0.5], "texture": "#1"},
				"south": {"uv": [0, 0, 1, 0.5], "texture": "#1"},
				"west": {"uv": [0, 0, 1, 0.5], "texture": "#1"},
				"up": {"uv": [0, 0, 1, 1], "texture": "#1"},
				"down": {"uv": [0, 0, 1, 1], "texture": "#1"}
			}
		},
		{
			"from": [6.5, 16.5, 7.5],
			"to": [7.5, 17, 8.5],
			"rotation": {"angle": 0, "axis": "y", "origin": [5.5, 16, 6.5]},
			"faces": {
				"north": {"uv": [0, 0, 1, 0.5], "texture": "#1"},
				"east": {"uv": [0, 0, 1, 0.5], "texture": "#1"},
				"south": {"uv": [0, 0, 1, 0.5], "texture": "#1"},
				"west": {"uv": [0, 0, 1, 0.5], "texture": "#1"},
				"up": {"uv": [0, 0, 1, 1], "texture": "#1"},
				"down": {"uv": [0, 0, 1, 1], "texture": "#1"}
			}
		},
		{
			"from": [7.5, 17, 5.5],
			"to": [8.5, 20, 6.5],
			"rotation": {"angle": 0, "axis": "y", "origin": [6.5, 17, 4.5]},
			"faces": {
				"north": {"uv": [0, 0, 1, 3], "texture": "#1"},
				"east": {"uv": [0, 0, 1, 3], "texture": "#1"},
				"south": {"uv": [0, 0, 1, 3], "texture": "#1"},
				"west": {"uv": [0, 0, 1, 3], "texture": "#1"},
				"up": {"uv": [0, 0, 1, 1], "texture": "#1"},
				"down": {"uv": [0, 0, 1, 1], "texture": "#1"}
			}
		},
		{
			"from": [8.5, 18, 5.5],
			"to": [9.5, 19, 6.5],
			"rotation": {"angle": 0, "axis": "y", "origin": [6.5, 17, 4.5]},
			"faces": {
				"north": {"uv": [0, 0, 1, 1], "texture": "#1"},
				"east": {"uv": [0, 0, 1, 1], "texture": "#1"},
				"south": {"uv": [0, 0, 1, 1], "texture": "#1"},
				"west": {"uv": [0, 0, 1, 1], "texture": "#1"},
				"up": {"uv": [0, 0, 1, 1], "texture": "#1"},
				"down": {"uv": [0, 0, 1, 1], "texture": "#1"}
			}
		},
		{
			"from": [6.5, 18, 5.5],
			"to": [7.5, 19, 6.5],
			"rotation": {"angle": 0, "axis": "y", "origin": [4.5, 17, 4.5]},
			"faces": {
				"north": {"uv": [0, 0, 1, 1], "texture": "#1"},
				"east": {"uv": [0, 0, 1, 1], "texture": "#1"},
				"south": {"uv": [0, 0, 1, 1], "texture": "#1"},
				"west": {"uv": [0, 0, 1, 1], "texture": "#1"},
				"up": {"uv": [0, 0, 1, 1], "texture": "#1"},
				"down": {"uv": [0, 0, 1, 1], "texture": "#1"}
			}
		},
		{
			"from": [5.5, 18, 8.5],
			"to": [6.5, 19, 9.5],
			"rotation": {"angle": 0, "axis": "y", "origin": [4.5, 17, 11.5]},
			"faces": {
				"north": {"uv": [0, 0, 1, 1], "texture": "#1"},
				"east": {"uv": [0, 0, 1, 1], "texture": "#1"},
				"south": {"uv": [0, 0, 1, 1], "texture": "#1"},
				"west": {"uv": [0, 0, 1, 1], "texture": "#1"},
				"up": {"uv": [0, 0, 1, 1], "rotation": 270, "texture": "#1"},
				"down": {"uv": [0, 0, 1, 1], "rotation": 90, "texture": "#1"}
			}
		},
		{
			"from": [5.5, 17, 7.5],
			"to": [6.5, 20, 8.5],
			"rotation": {"angle": 0, "axis": "y", "origin": [4.5, 17, 9.5]},
			"faces": {
				"north": {"uv": [0, 0, 1, 3], "texture": "#1"},
				"east": {"uv": [0, 0, 1, 3], "texture": "#1"},
				"south": {"uv": [0, 0, 1, 3], "texture": "#1"},
				"west": {"uv": [0, 0, 1, 3], "texture": "#1"},
				"up": {"uv": [0, 0, 1, 1], "rotation": 270, "texture": "#1"},
				"down": {"uv": [0, 0, 1, 1], "rotation": 90, "texture": "#1"}
			}
		},
		{
			"from": [5.5, 18, 6.5],
			"to": [6.5, 19, 7.5],
			"rotation": {"angle": 0, "axis": "y", "origin": [4.5, 17, 9.5]},
			"faces": {
				"north": {"uv": [0, 0, 1, 1], "texture": "#1"},
				"east": {"uv": [0, 0, 1, 1], "texture": "#1"},
				"south": {"uv": [0, 0, 1, 1], "texture": "#1"},
				"west": {"uv": [0, 0, 1, 1], "texture": "#1"},
				"up": {"uv": [0, 0, 1, 1], "rotation": 270, "texture": "#1"},
				"down": {"uv": [0, 0, 1, 1], "rotation": 90, "texture": "#1"}
			}
		},
		{
			"from": [7.5, 17, 9.5],
			"to": [8.5, 20, 10.5],
			"rotation": {"angle": 0, "axis": "y", "origin": [6.5, 17, 8.5]},
			"faces": {
				"north": {"uv": [0, 0, 1, 3], "texture": "#1"},
				"east": {"uv": [0, 0, 1, 3], "texture": "#1"},
				"south": {"uv": [0, 0, 1, 3], "texture": "#1"},
				"west": {"uv": [0, 0, 1, 3], "texture": "#1"},
				"up": {"uv": [0, 0, 1, 1], "texture": "#1"},
				"down": {"uv": [0, 0, 1, 1], "texture": "#1"}
			}
		},
		{
			"from": [8.5, 18, 9.5],
			"to": [9.5, 19, 10.5],
			"rotation": {"angle": 0, "axis": "y", "origin": [6.5, 17, 8.5]},
			"faces": {
				"north": {"uv": [0, 0, 1, 1], "texture": "#1"},
				"east": {"uv": [0, 0, 1, 1], "texture": "#1"},
				"south": {"uv": [0, 0, 1, 1], "texture": "#1"},
				"west": {"uv": [0, 0, 1, 1], "texture": "#1"},
				"up": {"uv": [0, 0, 1, 1], "texture": "#1"},
				"down": {"uv": [0, 0, 1, 1], "texture": "#1"}
			}
		},
		{
			"from": [6.5, 18, 9.5],
			"to": [7.5, 19, 10.5],
			"rotation": {"angle": 0, "axis": "y", "origin": [4.5, 17, 8.5]},
			"faces": {
				"north": {"uv": [0, 0, 1, 1], "texture": "#1"},
				"east": {"uv": [0, 0, 1, 1], "texture": "#1"},
				"south": {"uv": [0, 0, 1, 1], "texture": "#1"},
				"west": {"uv": [0, 0, 1, 1], "texture": "#1"},
				"up": {"uv": [0, 0, 1, 1], "texture": "#1"},
				"down": {"uv": [0, 0, 1, 1], "texture": "#1"}
			}
		},
		{
			"from": [9.5, 18, 8.5],
			"to": [10.5, 19, 9.5],
			"rotation": {"angle": 0, "axis": "y", "origin": [8.5, 17, 11.5]},
			"faces": {
				"north": {"uv": [0, 0, 1, 1], "texture": "#1"},
				"east": {"uv": [0, 0, 1, 1], "texture": "#1"},
				"south": {"uv": [0, 0, 1, 1], "texture": "#1"},
				"west": {"uv": [0, 0, 1, 1], "texture": "#1"},
				"up": {"uv": [0, 0, 1, 1], "rotation": 270, "texture": "#1"},
				"down": {"uv": [0, 0, 1, 1], "rotation": 90, "texture": "#1"}
			}
		},
		{
			"from": [9.5, 18, 6.5],
			"to": [10.5, 19, 7.5],
			"rotation": {"angle": 0, "axis": "y", "origin": [8.5, 17, 9.5]},
			"faces": {
				"north": {"uv": [0, 0, 1, 1], "texture": "#1"},
				"east": {"uv": [0, 0, 1, 1], "texture": "#1"},
				"south": {"uv": [0, 0, 1, 1], "texture": "#1"},
				"west": {"uv": [0, 0, 1, 1], "texture": "#1"},
				"up": {"uv": [0, 0, 1, 1], "rotation": 270, "texture": "#1"},
				"down": {"uv": [0, 0, 1, 1], "rotation": 90, "texture": "#1"}
			}
		},
		{
			"from": [9.5, 17, 7.5],
			"to": [10.5, 20, 8.5],
			"rotation": {"angle": 0, "axis": "y", "origin": [8.5, 17, 9.5]},
			"faces": {
				"north": {"uv": [0, 0, 1, 3], "texture": "#1"},
				"east": {"uv": [0, 0, 1, 3], "texture": "#1"},
				"south": {"uv": [0, 0, 1, 3], "texture": "#1"},
				"west": {"uv": [0, 0, 1, 3], "texture": "#1"},
				"up": {"uv": [0, 0, 1, 1], "rotation": 270, "texture": "#1"},
				"down": {"uv": [0, 0, 1, 1], "rotation": 90, "texture": "#1"}
			}
		},
		{
			"from": [7.5, 20, 6.5],
			"to": [8.5, 21, 9.5],
			"rotation": {"angle": 0, "axis": "y", "origin": [7.5, 20, 6.5]},
			"faces": {
				"north": {"uv": [0, 0, 1, 1], "texture": "#1"},
				"east": {"uv": [0, 0, 3, 1], "texture": "#1"},
				"south": {"uv": [0, 0, 1, 1], "texture": "#1"},
				"west": {"uv": [0, 0, 3, 1], "texture": "#1"},
				"up": {"uv": [0, 0, 1, 3], "texture": "#1"},
				"down": {"uv": [0, 0, 1, 3], "texture": "#1"}
			}
		},
		{
			"from": [8.5, 20, 7.5],
			"to": [9.5, 21, 8.5],
			"rotation": {"angle": 0, "axis": "y", "origin": [7.5, 20, 6.5]},
			"faces": {
				"north": {"uv": [0, 0, 1, 1], "texture": "#1"},
				"east": {"uv": [0, 0, 1, 1], "texture": "#1"},
				"south": {"uv": [0, 0, 1, 1], "texture": "#1"},
				"west": {"uv": [0, 0, 1, 1], "texture": "#1"},
				"up": {"uv": [0, 0, 1, 1], "texture": "#1"},
				"down": {"uv": [0, 0, 1, 1], "texture": "#1"}
			}
		},
		{
			"from": [6.5, 20, 7.5],
			"to": [7.5, 21, 8.5],
			"rotation": {"angle": 0, "axis": "y", "origin": [5.5, 20, 6.5]},
			"faces": {
				"north": {"uv": [0, 0, 1, 1], "texture": "#1"},
				"east": {"uv": [0, 0, 1, 1], "texture": "#1"},
				"south": {"uv": [0, 0, 1, 1], "texture": "#1"},
				"west": {"uv": [0, 0, 1, 1], "texture": "#1"},
				"up": {"uv": [0, 0, 1, 1], "texture": "#1"},
				"down": {"uv": [0, 0, 1, 1], "texture": "#1"}
			}
		},
		{
			"from": [8.5, 19, 6.5],
			"to": [9.5, 20, 7.5],
			"rotation": {"angle": 0, "axis": "y", "origin": [7.5, 19, 5.5]},
			"faces": {
				"north": {"uv": [0, 0, 1, 1], "texture": "#1"},
				"east": {"uv": [0, 0, 1, 1], "texture": "#1"},
				"south": {"uv": [0, 0, 1, 1], "texture": "#1"},
				"west": {"uv": [0, 0, 1, 1], "texture": "#1"},
				"up": {"uv": [0, 0, 1, 1], "texture": "#1"},
				"down": {"uv": [0, 0, 1, 1], "texture": "#1"}
			}
		},
		{
			"from": [8.5, 17, 6.5],
			"to": [9.5, 18, 7.5],
			"rotation": {"angle": 0, "axis": "y", "origin": [7.5, 17, 5.5]},
			"faces": {
				"north": {"uv": [0, 0, 1, 1], "texture": "#1"},
				"east": {"uv": [0, 0, 1, 1], "texture": "#1"},
				"south": {"uv": [0, 0, 1, 1], "texture": "#1"},
				"west": {"uv": [0, 0, 1, 1], "texture": "#1"},
				"up": {"uv": [0, 0, 1, 1], "texture": "#1"},
				"down": {"uv": [0, 0, 1, 1], "texture": "#1"}
			}
		},
		{
			"from": [6.5, 17, 6.5],
			"to": [7.5, 18, 7.5],
			"rotation": {"angle": 0, "axis": "y", "origin": [5.5, 17, 5.5]},
			"faces": {
				"north": {"uv": [0, 0, 1, 1], "texture": "#1"},
				"east": {"uv": [0, 0, 1, 1], "texture": "#1"},
				"south": {"uv": [0, 0, 1, 1], "texture": "#1"},
				"west": {"uv": [0, 0, 1, 1], "texture": "#1"},
				"up": {"uv": [0, 0, 1, 1], "texture": "#1"},
				"down": {"uv": [0, 0, 1, 1], "texture": "#1"}
			}
		},
		{
			"from": [6.5, 19, 6.5],
			"to": [7.5, 20, 7.5],
			"rotation": {"angle": 0, "axis": "y", "origin": [5.5, 19, 5.5]},
			"faces": {
				"north": {"uv": [0, 0, 1, 1], "texture": "#1"},
				"east": {"uv": [0, 0, 1, 1], "texture": "#1"},
				"south": {"uv": [0, 0, 1, 1], "texture": "#1"},
				"west": {"uv": [0, 0, 1, 1], "texture": "#1"},
				"up": {"uv": [0, 0, 1, 1], "texture": "#1"},
				"down": {"uv": [0, 0, 1, 1], "texture": "#1"}
			}
		},
		{
			"from": [6.5, 17, 8.5],
			"to": [7.5, 18, 9.5],
			"rotation": {"angle": 0, "axis": "y", "origin": [5.5, 17, 7.5]},
			"faces": {
				"north": {"uv": [0, 0, 1, 1], "texture": "#1"},
				"east": {"uv": [0, 0, 1, 1], "texture": "#1"},
				"south": {"uv": [0, 0, 1, 1], "texture": "#1"},
				"west": {"uv": [0, 0, 1, 1], "texture": "#1"},
				"up": {"uv": [0, 0, 1, 1], "texture": "#1"},
				"down": {"uv": [0, 0, 1, 1], "texture": "#1"}
			}
		},
		{
			"from": [6.5, 19, 8.5],
			"to": [7.5, 20, 9.5],
			"rotation": {"angle": 0, "axis": "y", "origin": [5.5, 19, 7.5]},
			"faces": {
				"north": {"uv": [0, 0, 1, 1], "texture": "#1"},
				"east": {"uv": [0, 0, 1, 1], "texture": "#1"},
				"south": {"uv": [0, 0, 1, 1], "texture": "#1"},
				"west": {"uv": [0, 0, 1, 1], "texture": "#1"},
				"up": {"uv": [0, 0, 1, 1], "texture": "#1"},
				"down": {"uv": [0, 0, 1, 1], "texture": "#1"}
			}
		},
		{
			"from": [8.5, 19, 8.5],
			"to": [9.5, 20, 9.5],
			"rotation": {"angle": 0, "axis": "y", "origin": [7.5, 19, 7.5]},
			"faces": {
				"north": {"uv": [0, 0, 1, 1], "texture": "#1"},
				"east": {"uv": [0, 0, 1, 1], "texture": "#1"},
				"south": {"uv": [0, 0, 1, 1], "texture": "#1"},
				"west": {"uv": [0, 0, 1, 1], "texture": "#1"},
				"up": {"uv": [0, 0, 1, 1], "texture": "#1"},
				"down": {"uv": [0, 0, 1, 1], "texture": "#1"}
			}
		},
		{
			"from": [8.5, 17, 8.5],
			"to": [9.5, 18, 9.5],
			"rotation": {"angle": 0, "axis": "y", "origin": [7.5, 17, 7.5]},
			"faces": {
				"north": {"uv": [0, 0, 1, 1], "texture": "#1"},
				"east": {"uv": [0, 0, 1, 1], "texture": "#1"},
				"south": {"uv": [0, 0, 1, 1], "texture": "#1"},
				"west": {"uv": [0, 0, 1, 1], "texture": "#1"},
				"up": {"uv": [0, 0, 1, 1], "texture": "#1"},
				"down": {"uv": [0, 0, 1, 1], "texture": "#1"}
			}
		},
		{
			"from": [6, 15, 6],
			"to": [10, 16, 10],
			"rotation": {"angle": 0, "axis": "y", "origin": [6.5, 15, 6.5]},
			"faces": {
				"north": {"uv": [0, 0, 4, 1], "texture": "#0"},
				"east": {"uv": [0, 0, 4, 1], "texture": "#0"},
				"south": {"uv": [0, 0, 4, 1], "texture": "#0"},
				"west": {"uv": [0, 0, 4, 1], "texture": "#0"},
				"up": {"uv": [0, 0, 4, 4], "texture": "#0"},
				"down": {"uv": [0, 0, 4, 4], "texture": "#0"}
			}
		},
		{
			"from": [6.5, 16, 6.5],
			"to": [9.5, 16.5, 9.5],
			"rotation": {"angle": 0, "axis": "y", "origin": [6.5, 15.5, 6.5]},
			"faces": {
				"north": {"uv": [0, 0, 3, 0.5], "texture": "#0"},
				"east": {"uv": [0, 0, 3, 0.5], "texture": "#0"},
				"south": {"uv": [0, 0, 3, 0.5], "texture": "#0"},
				"west": {"uv": [0, 0, 3, 0.5], "texture": "#0"},
				"up": {"uv": [0, 0, 3, 3], "texture": "#0"},
				"down": {"uv": [0, 0, 3, 3], "texture": "#0"}
			}
		},
		{
			"from": [6.5, 11, 6.5],
			"to": [9.5, 15, 9.5],
			"rotation": {"angle": 0, "axis": "y", "origin": [6.5, 7, 6.5]},
			"faces": {
				"north": {"uv": [0, 0, 3, 8], "texture": "#0"},
				"east": {"uv": [0, 0, 3, 8], "texture": "#0"},
				"south": {"uv": [0, 0, 3, 8], "texture": "#0"},
				"west": {"uv": [0, 0, 3, 8], "texture": "#0"},
				"up": {"uv": [0, 0, 3, 3], "texture": "#0"},
				"down": {"uv": [0, 0, 3, 3], "texture": "#0"}
			}
		}
	],
	"display": {
		"head": {
			"translation": [0, 18.75, 0],
			"scale": [2.6, 2.6, 2.6]
		}
	}
}