{
	"credit": "Made with Blockbench",
	"textures": {
		"0": "item/dark_prismarine",
		"4": "item/glass",
		"6": "item/Stone",
		"7": "item/campfire_e",
		"particle": "item/dark_prismarine"
	},
	"elements": [
		{
			"from": [5.5, -16, 5.5],
			"to": [10.5, -14, 10.5],
			"rotation": {"angle": 0, "axis": "y", "origin": [6.5, -16, 6.5]},
			"faces": {
				"north": {"uv": [0, 0, 5, 2], "texture": "#0"},
				"east": {"uv": [0, 0, 5, 2], "texture": "#0"},
				"south": {"uv": [0, 0, 5, 2], "texture": "#0"},
				"west": {"uv": [0, 0, 5, 2], "texture": "#0"},
				"up": {"uv": [0, 0, 5, 5], "texture": "#0"},
				"down": {"uv": [0, 0, 5, 5], "texture": "#0"}
			}
		},
		{
			"from": [6.5, -14, 6.5],
			"to": [9.5, -6, 9.5],
			"rotation": {"angle": 0, "axis": "y", "origin": [6.5, -14, 6.5]},
			"faces": {
				"north": {"uv": [0, 0, 3, 8], "texture": "#0"},
				"east": {"uv": [0, 0, 3, 8], "texture": "#0"},
				"south": {"uv": [0, 0, 3, 8], "texture": "#0"},
				"west": {"uv": [0, 0, 3, 8], "texture": "#0"},
				"up": {"uv": [0, 0, 3, 3], "texture": "#0"},
				"down": {"uv": [0, 0, 3, 3], "texture": "#0"}
			}
		},
		{
			"from": [6, -6, 6],
			"to": [10, -5, 10],
			"rotation": {"angle": 0, "axis": "y", "origin": [6.5, -6, 6.5]},
			"faces": {
				"north": {"uv": [0, 0, 4, 1], "texture": "#0"},
				"east": {"uv": [0, 0, 4, 1], "texture": "#0"},
				"south": {"uv": [0, 0, 4, 1], "texture": "#0"},
				"west": {"uv": [0, 0, 4, 1], "texture": "#0"},
				"up": {"uv": [0, 0, 4, 4], "texture": "#0"},
				"down": {"uv": [0, 0, 4, 4], "texture": "#0"}
			}
		},
		{
			"from": [6.5, -5, 6.5],
			"to": [9.5, -4.5, 9.5],
			"rotation": {"angle": 0, "axis": "y", "origin": [6.5, -5.5, 6.5]},
			"faces": {
				"north": {"uv": [0, 0, 3, 0.5], "texture": "#0"},
				"east": {"uv": [0, 0, 3, 0.5], "texture": "#0"},
				"south": {"uv": [0, 0, 3, 0.5], "texture": "#0"},
				"west": {"uv": [0, 0, 3, 0.5], "texture": "#0"},
				"up": {"uv": [0, 0, 3, 3], "texture": "#0"},
				"down": {"uv": [0, 0, 3, 3], "texture": "#0"}
			}
		},
		{
			"from": [7, -4.5, 7],
			"to": [9, 10, 9],
			"rotation": {"angle": 0, "axis": "y", "origin": [6.5, -5, 6.5]},
			"faces": {
				"north": {"uv": [0, 0, 2, 14.5], "texture": "#0"},
				"east": {"uv": [0, 0, 2, 14.5], "texture": "#0"},
				"south": {"uv": [0, 0, 2, 14.5], "texture": "#0"},
				"west": {"uv": [0, 0, 2, 14.5], "texture": "#0"},
				"up": {"uv": [0, 0, 2, 2], "texture": "#0"},
				"down": {"uv": [0, 0, 2, 2], "texture": "#0"}
			}
		},
		{
			"from": [7, 10, 7],
			"to": [9, 16.5, 9],
			"rotation": {"angle": 0, "axis": "y", "origin": [6.5, 9.5, 6.5]},
			"faces": {
				"north": {"uv": [0, 0, 2, 6.5], "texture": "#0"},
				"east": {"uv": [0, 0, 2, 6.5], "texture": "#0"},
				"south": {"uv": [0, 0, 2, 6.5], "texture": "#0"},
				"west": {"uv": [0, 0, 2, 6.5], "texture": "#0"},
				"up": {"uv": [0, 0, 2, 2], "texture": "#0"},
				"down": {"uv": [0, 0, 2, 2], "texture": "#0"}
			}
		},
		{
			"from": [6, 15, 6],
			"to": [10, 16, 10],
			"rotation": {"angle": 0, "axis": "y", "origin": [6.5, 15, 6.5]},
			"faces": {
				"north": {"uv": [0, 0, 4, 1], "texture": "#0"},
				"east": {"uv": [0, 0, 4, 1], "texture": "#0"},
				"south": {"uv": [0, 0, 4, 1], "texture": "#0"},
				"west": {"uv": [0, 0, 4, 1], "texture": "#0"},
				"up": {"uv": [0, 0, 4, 4], "texture": "#0"},
				"down": {"uv": [0, 0, 4, 4], "texture": "#0"}
			}
		},
		{
			"from": [6.5, 16, 6.5],
			"to": [9.5, 16.5, 9.5],
			"rotation": {"angle": 0, "axis": "y", "origin": [6.5, 15.5, 6.5]},
			"faces": {
				"north": {"uv": [0, 0, 3, 0.5], "texture": "#0"},
				"east": {"uv": [0, 0, 3, 0.5], "texture": "#0"},
				"south": {"uv": [0, 0, 3, 0.5], "texture": "#0"},
				"west": {"uv": [0, 0, 3, 0.5], "texture": "#0"},
				"up": {"uv": [0, 0, 3, 3], "texture": "#0"},
				"down": {"uv": [0, 0, 3, 3], "texture": "#0"}
			}
		},
		{
			"from": [6.5, 11, 6.5],
			"to": [9.5, 15, 9.5],
			"rotation": {"angle": 0, "axis": "y", "origin": [6.5, 7, 6.5]},
			"faces": {
				"north": {"uv": [0, 0, 3, 8], "texture": "#0"},
				"east": {"uv": [0, 0, 3, 8], "texture": "#0"},
				"south": {"uv": [0, 0, 3, 8], "texture": "#0"},
				"west": {"uv": [0, 0, 3, 8], "texture": "#0"},
				"up": {"uv": [0, 0, 3, 3], "texture": "#0"},
				"down": {"uv": [0, 0, 3, 3], "texture": "#0"}
			}
		},
		{
			"from": [6, 16, 6.3],
			"to": [6, 22, 9.7],
			"rotation": {"angle": 0, "axis": "y", "origin": [6.5, 16, 7]},
			"faces": {
				"north": {"uv": [0, 0, 0.5, 6], "texture": "#4"},
				"east": {"uv": [0, 0, 16, 16], "texture": "#4"},
				"south": {"uv": [0, 0, 0.5, 6], "texture": "#4"},
				"west": {"uv": [1, 0, 15, 16], "texture": "#4"},
				"up": {"uv": [0, 0, 0.5, 4.5], "texture": "#4"},
				"down": {"uv": [0, 0, 0.5, 4.5], "texture": "#4"}
			}
		},
		{
			"from": [10, 16, 6.3],
			"to": [10, 22, 9.7],
			"rotation": {"angle": 0, "axis": "y", "origin": [10, 16, 7]},
			"faces": {
				"north": {"uv": [0, 0, 0.5, 6], "texture": "#4"},
				"east": {"uv": [1, 0, 15, 16], "texture": "#4"},
				"south": {"uv": [0, 0, 0.5, 6], "texture": "#4"},
				"west": {"uv": [0, 0, 16, 16], "texture": "#4"},
				"up": {"uv": [0, 0, 0.5, 4.5], "texture": "#4"},
				"down": {"uv": [0, 0, 0.5, 4.5], "texture": "#4"}
			}
		},
		{
			"from": [6, 16, 6],
			"to": [10, 22, 6.3],
			"rotation": {"angle": 0, "axis": "y", "origin": [7, 16, 6]},
			"faces": {
				"north": {"uv": [0, 0, 16, 16], "texture": "#4"},
				"east": {"uv": [0, 0, 0.5, 6], "texture": "#4"},
				"south": {"uv": [0, 0, 16, 16], "texture": "#4"},
				"west": {"uv": [0, 0, 0.5, 6], "texture": "#4"},
				"up": {"uv": [0, 0, 0.5, 4], "rotation": 270, "texture": "#4"},
				"down": {"uv": [0, 0, 0.5, 4], "rotation": 90, "texture": "#4"}
			}
		},
		{
			"from": [6, 16, 9.7],
			"to": [10, 22, 10],
			"rotation": {"angle": 0, "axis": "y", "origin": [7, 16, 9.5]},
			"faces": {
				"north": {"uv": [0, 0, 16, 16], "texture": "#4"},
				"east": {"uv": [0, 0, 0.5, 6], "texture": "#4"},
				"south": {"uv": [0, 0, 16, 16], "texture": "#4"},
				"west": {"uv": [0, 0, 0.5, 6], "texture": "#4"},
				"up": {"uv": [0, 0, 0.5, 4.5], "rotation": 270, "texture": "#4"},
				"down": {"uv": [0, 0, 0.5, 4.5], "rotation": 90, "texture": "#4"}
			}
		},
		{
			"from": [6, 22, 6],
			"to": [10, 22, 10],
			"rotation": {"angle": 0, "axis": "y", "origin": [6.5, 22, 6.5]},
			"faces": {
				"north": {"uv": [0, 0, 4, 1], "texture": "#0"},
				"east": {"uv": [0, 0, 4, 1], "texture": "#0"},
				"south": {"uv": [0, 0, 4, 1], "texture": "#0"},
				"west": {"uv": [0, 0, 4, 1], "texture": "#0"},
				"up": {"uv": [0, 0, 4, 4], "texture": "#0"},
				"down": {"uv": [0, 0, 4, 4], "texture": "#0"}
			}
		},
		{
			"from": [7, 16.4, 7],
			"to": [9, 16.6, 9],
			"rotation": {"angle": 0, "axis": "y", "origin": [6.5, 15.9, 6.5]},
			"faces": {
				"north": {"uv": [0, 0, 4, 1], "texture": "#6"},
				"east": {"uv": [0, 0, 4, 1], "texture": "#6"},
				"south": {"uv": [0, 0, 4, 1], "texture": "#6"},
				"west": {"uv": [0, 0, 4, 1], "texture": "#6"},
				"up": {"uv": [0, 0, 4, 4], "texture": "#6"},
				"down": {"uv": [0, 0, 4, 4], "texture": "#6"}
			}
		},
		{
			"from": [7.4, 16.6, 8],
			"to": [8.6, 19, 8],
			"rotation": {"angle": 0, "axis": "y", "origin": [6.5, 16.6, 6.5]},
			"faces": {
				"north": {"uv": [3, 0, 13, 12], "texture": "#7"},
				"east": {"uv": [0, 0, 4, 1], "texture": "#7"},
				"south": {"uv": [3, 0, 13, 12], "texture": "#7"},
				"west": {"uv": [0, 0, 4, 1], "texture": "#7"},
				"up": {"uv": [0, 0, 4, 4], "texture": "#7"},
				"down": {"uv": [3, 0, 13, 12], "texture": "#7"}
			}
		},
		{
			"from": [8, 16.6, 7.4],
			"to": [8, 19, 8.6],
			"rotation": {"angle": 0, "axis": "y", "origin": [9.5, 16.6, 6.5]},
			"faces": {
				"north": {"uv": [0, 0, 4, 1], "texture": "#7"},
				"east": {"uv": [3, 0, 13, 12], "texture": "#7"},
				"south": {"uv": [0, 0, 4, 1], "texture": "#7"},
				"west": {"uv": [3, 0, 13, 12], "texture": "#7"},
				"up": {"uv": [0, 0, 4, 4], "rotation": 90, "texture": "#7"},
				"down": {"uv": [3, 0, 13, 12], "rotation": 270, "texture": "#7"}
			}
		},
		{
			"from": [6.5, 22, 6.5],
			"to": [9.5, 23, 9.5],
			"rotation": {"angle": 0, "axis": "y", "origin": [6.5, 22, 6.5]},
			"faces": {
				"north": {"uv": [0, 0, 4, 1], "texture": "#0"},
				"east": {"uv": [0, 0, 4, 1], "texture": "#0"},
				"south": {"uv": [0, 0, 4, 1], "texture": "#0"},
				"west": {"uv": [0, 0, 4, 1], "texture": "#0"},
				"up": {"uv": [0, 0, 4, 4], "texture": "#0"},
				"down": {"uv": [0, 0, 4, 4], "texture": "#0"}
			}
		},
		{
			"from": [4, 8.5, 7.5],
			"to": [12, 9.5, 8.5],
			"rotation": {"angle": 0, "axis": "y", "origin": [7, 8, 7]},
			"faces": {
				"north": {"uv": [0, 0, 8, 1], "texture": "#0"},
				"east": {"uv": [0, 0, 1, 1], "texture": "#0"},
				"south": {"uv": [0, 0, 8, 1], "texture": "#0"},
				"west": {"uv": [0, 0, 1, 1], "texture": "#0"},
				"up": {"uv": [0, 0, 8, 1], "texture": "#0"},
				"down": {"uv": [0, 0, 8, 1], "texture": "#0"}
			}
		}
	],
	"display": {
		"head": {
			"translation": [0, 18.75, 0],
			"scale": [2.6, 2.6, 2.6]
		}
	}
}