{
	"credit": "Made with Blockbench",
	"textures": {
		"0": "item/libertyarcade",
		"particle": "item/libertyarcade"
	},
	"elements": [
		{
			"from": [-16, 0, 0],
			"to": [32, 19, 0],
			"faces": {
				"north": {"uv": [0.22253, 0, 15.77747, 16], "texture": "#0"},
				"east": {"uv": [0, 0, 1, 16], "texture": "#missing"},
				"south": {"uv": [0.22253, 0, 15.71071, 16], "texture": "#0"},
				"west": {"uv": [0, 0, 1, 16], "texture": "#missing"},
				"up": {"uv": [0, 0, 16, 1], "texture": "#missing"},
				"down": {"uv": [0, 0, 16, 1], "texture": "#missing"}
			}
		}
	],
	"display": {
		"thirdperson_righthand": {
			"translation": [0, 0, 1],
			"scale": [0.2, 0.2, 0.2]
		},
		"thirdperson_lefthand": {
			"translation": [0, 0, 1.5],
			"scale": [0.2, 0.2, 0.2]
		},
		"firstperson_righthand": {
			"rotation": [0, 0, -50],
			"translation": [4, 0.5, 0],
			"scale": [0.2, 0.2, 0.2]
		},
		"firstperson_lefthand": {
			"rotation": [0, 0, -48.75],
			"translation": [4, 0, 0],
			"scale": [0.2, 0.2, 0.2]
		},
		"head": {
			"translation": [0, 0, 35],
			"scale": [2.7, 2.7, 2.7]
		}
	}
}