{
	"credit": "Made with Blockbench",
	"textures": {
		"0": "item/lylli_sboutique",
		"particle": "item/lylli_sboutique"
	},
	"elements": [
		{
			"from": [-16, 0, 0],
			"to": [32, 22, 0],
			"faces": {
				"north": {"uv": [0, 0, 16, 16], "texture": "#0"},
				"east": {"uv": [0, 0, 0, 16], "texture": "#missing"},
				"south": {"uv": [0, 0, 16, 16], "texture": "#0"},
				"west": {"uv": [0, 0, 0, 16], "texture": "#missing"},
				"up": {"uv": [0, 0, 16, 0], "texture": "#missing"},
				"down": {"uv": [0, 0, 16, 0], "texture": "#missing"}
			}
		}
	],
	"display": {
		"head": {
			"translation": [0, -17.5, 24.25],
			"scale": [1.6, 1.6, 1.6]
		}
	}
}