{
	"format_version": "1.21.6",
	"credit": "Made with Blockbench",
	"textures": {
		"0": "item/RailRoad",
		"1": "item/texture",
		"particle": "item/RailRoad"
	},
	"elements": [
		{
			"from": [0, 0.2, 8],
			"to": [16.1, 16.2, 8],
			"rotation": {"angle": 0, "axis": "y", "origin": [7, 0, 7]},
			"faces": {
				"north": {"uv": [0, 0, 16, 16], "texture": "#0"},
				"east": {"uv": [0, 0, 0, 16], "texture": "#missing"},
				"south": {"uv": [0, 0, 16, 16], "texture": "#0"},
				"west": {"uv": [0, 0, 0, 16], "texture": "#missing"},
				"up": {"uv": [0, 0, 16, 0], "texture": "#missing"},
				"down": {"uv": [0, 0, 16, 0], "texture": "#missing"}
			}
		},
		{
			"from": [-3, -0.6, 7.7],
			"to": [19, 0.2, 8.3],
			"rotation": {"angle": 0, "axis": "y", "origin": [7, -1.8, 7]},
			"faces": {
				"north": {"uv": [0, 0, 16, 0.8], "texture": "#1"},
				"east": {"uv": [0, 0, 0.6, 0.8], "texture": "#1"},
				"south": {"uv": [0, 0, 16, 0.8], "texture": "#1"},
				"west": {"uv": [0, 0, 0.6, 0.8], "texture": "#1"},
				"up": {"uv": [0, 0, 16, 0.6], "texture": "#1"},
				"down": {"uv": [0, 0, 16, 0.6], "texture": "#1"}
			}
		},
		{
			"from": [-0.8, 0.2, 7.7],
			"to": [0, 16.2, 8.3],
			"rotation": {"angle": 0, "axis": "y", "origin": [7, -1.8, 7]},
			"faces": {
				"north": {"uv": [0, 0, 0.8, 16], "texture": "#1"},
				"east": {"uv": [0, 0, 0.6, 16], "texture": "#1"},
				"south": {"uv": [0, 0, 0.8, 16], "texture": "#1"},
				"west": {"uv": [0, 0, 0.6, 16], "texture": "#1"},
				"up": {"uv": [0, 0, 0.8, 0.6], "texture": "#1"},
				"down": {"uv": [0, 0, 0.8, 0.6], "texture": "#1"}
			}
		},
		{
			"from": [-3, 16.2, 7.8],
			"to": [19, 17, 8.2],
			"rotation": {"angle": 0, "axis": "y", "origin": [7, 15.2, 7]},
			"faces": {
				"north": {"uv": [0, 0, 16, 0.8], "texture": "#1"},
				"east": {"uv": [0, 0, 0.4, 0.8], "texture": "#1"},
				"south": {"uv": [0, 0, 16, 0.8], "texture": "#1"},
				"west": {"uv": [0, 0, 0.4, 0.8], "texture": "#1"},
				"up": {"uv": [0, 0, 16, 0.4], "texture": "#1"},
				"down": {"uv": [0, 0, 16, 0.4], "texture": "#1"}
			}
		},
		{
			"from": [16, 0.2, 7.7],
			"to": [16.8, 16.2, 8.3],
			"rotation": {"angle": 0, "axis": "y", "origin": [24, -1.8, 7]},
			"faces": {
				"north": {"uv": [0, 0, 0.8, 16], "texture": "#1"},
				"east": {"uv": [0, 0, 0.6, 16], "texture": "#1"},
				"south": {"uv": [0, 0, 0.8, 16], "texture": "#1"},
				"west": {"uv": [0, 0, 0.6, 16], "texture": "#1"},
				"up": {"uv": [0, 0, 0.8, 0.6], "texture": "#1"},
				"down": {"uv": [0, 0, 0.8, 0.6], "texture": "#1"}
			}
		},
		{
			"from": [-3.8, -0.6, 7.7],
			"to": [-3, 17, 8.3],
			"rotation": {"angle": 0, "axis": "y", "origin": [4, -1.8, 7]},
			"faces": {
				"north": {"uv": [0, 0, 0.8, 16], "texture": "#1"},
				"east": {"uv": [0, 0, 0.6, 16], "texture": "#1"},
				"south": {"uv": [0, 0, 0.8, 16], "texture": "#1"},
				"west": {"uv": [0, 0, 0.6, 16], "texture": "#1"},
				"up": {"uv": [0, 0, 0.8, 0.6], "texture": "#1"},
				"down": {"uv": [0, 0, 0.8, 0.6], "texture": "#1"}
			}
		},
		{
			"from": [19, -0.6, 7.7],
			"to": [19.8, 17, 8.3],
			"rotation": {"angle": 0, "axis": "y", "origin": [27, -1.8, 7]},
			"faces": {
				"north": {"uv": [0, 0, 0.8, 16], "texture": "#1"},
				"east": {"uv": [0, 0, 0.6, 16], "texture": "#1"},
				"south": {"uv": [0, 0, 0.8, 16], "texture": "#1"},
				"west": {"uv": [0, 0, 0.6, 16], "texture": "#1"},
				"up": {"uv": [0, 0, 0.8, 0.6], "texture": "#1"},
				"down": {"uv": [0, 0, 0.8, 0.6], "texture": "#1"}
			}
		},
		{
			"from": [-3, 12.2, 7.8],
			"to": [-0.8, 13, 8.2],
			"rotation": {"angle": 0, "axis": "y", "origin": [7, 11.2, 7]},
			"faces": {
				"north": {"uv": [0, 0, 2.2, 0.8], "texture": "#1"},
				"east": {"uv": [0, 0, 0.4, 0.8], "texture": "#1"},
				"south": {"uv": [0, 0, 2.2, 0.8], "texture": "#1"},
				"west": {"uv": [0, 0, 0.4, 0.8], "texture": "#1"},
				"up": {"uv": [0, 0, 2.2, 0.4], "texture": "#1"},
				"down": {"uv": [0, 0, 2.2, 0.4], "texture": "#1"}
			}
		},
		{
			"from": [-3, 3.4, 7.7],
			"to": [-0.8, 4.2, 8.3],
			"rotation": {"angle": 0, "axis": "y", "origin": [7, 2.2, 7]},
			"faces": {
				"north": {"uv": [0, 0, 2.2, 0.8], "texture": "#1"},
				"east": {"uv": [0, 0, 0.6, 0.8], "texture": "#1"},
				"south": {"uv": [0, 0, 2.2, 0.8], "texture": "#1"},
				"west": {"uv": [0, 0, 0.6, 0.8], "texture": "#1"},
				"up": {"uv": [0, 0, 2.2, 0.6], "texture": "#1"},
				"down": {"uv": [0, 0, 2.2, 0.6], "texture": "#1"}
			}
		},
		{
			"from": [16.8, 3.4, 7.7],
			"to": [19, 4.2, 8.3],
			"rotation": {"angle": 0, "axis": "y", "origin": [26.8, 2.2, 7]},
			"faces": {
				"north": {"uv": [0, 0, 2.2, 0.8], "texture": "#1"},
				"east": {"uv": [0, 0, 0.6, 0.8], "texture": "#1"},
				"south": {"uv": [0, 0, 2.2, 0.8], "texture": "#1"},
				"west": {"uv": [0, 0, 0.6, 0.8], "texture": "#1"},
				"up": {"uv": [0, 0, 2.2, 0.6], "texture": "#1"},
				"down": {"uv": [0, 0, 2.2, 0.6], "texture": "#1"}
			}
		},
		{
			"from": [16.8, 12.2, 7.8],
			"to": [19, 13, 8.2],
			"rotation": {"angle": 0, "axis": "y", "origin": [26.8, 11.2, 7]},
			"faces": {
				"north": {"uv": [0, 0, 2.2, 0.8], "texture": "#1"},
				"east": {"uv": [0, 0, 0.4, 0.8], "texture": "#1"},
				"south": {"uv": [0, 0, 2.2, 0.8], "texture": "#1"},
				"west": {"uv": [0, 0, 0.4, 0.8], "texture": "#1"},
				"up": {"uv": [0, 0, 2.2, 0.4], "texture": "#1"},
				"down": {"uv": [0, 0, 2.2, 0.4], "texture": "#1"}
			}
		}
	],
	"display": {
		"head": {
			"translation": [0, -31.5, 13.75],
			"scale": [1.6, 1.6, 1.6]
		}
	}
}