{
	"credit": "Made with Blockbench",
	"textures": {
		"0": "item/grogusac",
		"1": "item/grogoumarron",
		"2": "item/vertmaronsacgrogu",
		"3": "item/grogougrenouille",
		"particle": "item/grogusac"
	},
	"elements": [
		{
			"from": [4.5, 14, 4],
			"to": [11.5, 16, 8],
			"rotation": {"angle": 0, "axis": "y", "origin": [2.5, 14, 6]},
			"faces": {
				"north": {"uv": [6.89473, 6.63158, 13.68421, 8.63158], "texture": "#2"},
				"east": {"uv": [2.84211, 3.47368, 6.84211, 5.47368], "texture": "#2"},
				"south": {"uv": [6.84578, 1.03654, 13.84578, 3.03654], "texture": "#3"},
				"west": {"uv": [6.63158, 2.10526, 10.63158, 4.10526], "texture": "#2"},
				"up": {"uv": [7.26316, 3.25848, 12.36842, 7.25848], "texture": "#2"},
				"down": {"uv": [0, 0, 7, 4], "texture": "#2"}
			}
		},
		{
			"from": [11.5, 14, 4],
			"to": [12.5, 15, 8],
			"rotation": {"angle": 0, "axis": "y", "origin": [2.5, 13, 6]},
			"faces": {
				"north": {"uv": [3.05263, 4.10526, 4.05263, 5.10526], "texture": "#2"},
				"east": {"uv": [2.84211, 3.68421, 6.84211, 4.68421], "texture": "#2"},
				"south": {"uv": [5.78947, 7.05263, 6.78947, 8.05263], "texture": "#2"},
				"west": {"uv": [0, 0, 4, 1], "texture": "#2"},
				"up": {"uv": [2.84211, 2.73684, 3.84211, 6.73684], "texture": "#2"},
				"down": {"uv": [0, 0, 1, 4], "texture": "#2"}
			}
		},
		{
			"from": [3.5, 14, 4],
			"to": [4.5, 15, 8],
			"rotation": {"angle": 0, "axis": "y", "origin": [-5.5, 13, 6]},
			"faces": {
				"north": {"uv": [10.31579, 6.73684, 11.31579, 7.73684], "texture": "#2"},
				"east": {"uv": [0, 0, 4, 1], "texture": "#2"},
				"south": {"uv": [4.63158, 5.68421, 5.63158, 6.68421], "texture": "#2"},
				"west": {"uv": [6.63158, 3.15789, 10.63158, 4.15789], "texture": "#2"},
				"up": {"uv": [2.84211, 2.73684, 3.84211, 6.73684], "texture": "#2"},
				"down": {"uv": [0, 0, 1, 4], "texture": "#2"}
			}
		},
		{
			"from": [2.5, 3, 4],
			"to": [3.5, 14, 8],
			"rotation": {"angle": 0, "axis": "y", "origin": [-6.5, 12, 6]},
			"faces": {
				"north": {"uv": [4.63158, 3.2, 5.63158, 14.57778], "texture": "#2"},
				"east": {"uv": [0, 0, 4, 11], "texture": "#2"},
				"south": {"uv": [11.33992, 1.13698, 12.75913, 4.10825], "texture": "#3"},
				"west": {"uv": [6.82257, 3.15789, 3.15789, 14.63158], "texture": "#2"},
				"up": {"uv": [2.84211, 2.73684, 3.84211, 6.73684], "texture": "#2"},
				"down": {"uv": [11.66316, 12, 12.66316, 16], "texture": "#2"}
			}
		},
		{
			"from": [12.5, 3, 4],
			"to": [13.5, 14, 8],
			"rotation": {"angle": 0, "axis": "y", "origin": [3.5, 12, 6]},
			"faces": {
				"north": {"uv": [5.26316, 0.02222, 6.26316, 16], "texture": "#2"},
				"east": {"uv": [0, 0, 16, 16], "texture": "#2"},
				"south": {"uv": [7.82533, 0.47252, 13.66744, 3.49345], "texture": "#3"},
				"west": {"uv": [6.21053, 0.10526, 10.21053, 11.10526], "texture": "#2"},
				"up": {"uv": [2.84211, 2.73684, 3.84211, 6.73684], "texture": "#2"},
				"down": {"uv": [12.54269, 12, 13.54269, 16], "texture": "#2"}
			}
		},
		{
			"from": [3.5, 2, 4],
			"to": [12.5, 3, 8],
			"rotation": {"angle": 0, "axis": "y", "origin": [2.5, 1, 6]},
			"faces": {
				"north": {"uv": [7, 6.94737, 16, 7.94737], "texture": "#1"},
				"east": {"uv": [7.57895, 4.63158, 11.57895, 5.63158], "texture": "#1"},
				"south": {"uv": [8.74672, 1.40611, 15.02183, 2.40611], "texture": "#3"},
				"west": {"uv": [8.42105, 6.10527, 12.42105, 7.10527], "texture": "#1"},
				"up": {"uv": [0, 0, 9, 4], "texture": "#1"},
				"down": {"uv": [7, 12, 16, 16], "texture": "#1"}
			}
		},
		{
			"from": [3.5, 3, 4],
			"to": [12.5, 14, 8],
			"rotation": {"angle": 0, "axis": "y", "origin": [2.5, 12, 6]},
			"faces": {
				"north": {"uv": [5.10526, 3.26316, 12.10526, 5.26316], "texture": "#missing"},
				"east": {"uv": [2.84211, 3.47368, 6.84211, 5.47368], "texture": "#missing"},
				"south": {"uv": [0, 0, 16, 15.0917], "texture": "#3"},
				"west": {"uv": [6.63158, 2.10526, 10.63158, 4.10526], "texture": "#missing"},
				"up": {"uv": [7.26316, 8.94737, 14.26316, 12.94737], "texture": "#missing"},
				"down": {"uv": [0, 0, 7, 4], "texture": "#missing"}
			}
		},
		{
			"from": [3.5, 3, 3],
			"to": [12.5, 14, 4],
			"rotation": {"angle": 0, "axis": "y", "origin": [3.5, 12, 6]},
			"faces": {
				"north": {"uv": [5.39299, 1.77778, 10.18246, 14.97895], "texture": "#2"},
				"east": {"uv": [5.78947, 1.06667, 6.78947, 15.23859], "texture": "#2"},
				"south": {"uv": [0, 0, 9, 11], "texture": "#2"},
				"west": {"uv": [7.50058, 3.37076, 6.50058, 14.37076], "texture": "#2"},
				"up": {"uv": [7.57895, 8.94737, 12.68421, 9.94737], "texture": "#2"},
				"down": {"uv": [6.28889, 13.63742, 15.28889, 14.63742], "texture": "#2"}
			}
		},
		{
			"from": [3.5, 13, 8],
			"to": [4.5, 14, 10],
			"rotation": {"angle": 0, "axis": "y", "origin": [3.5, 13, 8]},
			"faces": {
				"north": {"uv": [0, 0, 1, 1], "texture": "#2"},
				"east": {"uv": [0, 0, 2, 1], "texture": "#2"},
				"south": {"uv": [0, 0, 1, 1], "texture": "#2"},
				"west": {"uv": [0, 0, 2, 1], "texture": "#2"},
				"up": {"uv": [0, 0, 16, 9.95556], "texture": "#2"},
				"down": {"uv": [0, 0, 1, 0.21053], "texture": "#2"}
			}
		},
		{
			"from": [3.5, 14, 10],
			"to": [4.5, 15, 12],
			"rotation": {"angle": 0, "axis": "y", "origin": [3.5, 14, 10]},
			"faces": {
				"north": {"uv": [0, 0, 1, 1], "texture": "#2"},
				"east": {"uv": [0, 0, 2, 1], "texture": "#2"},
				"south": {"uv": [0, 0, 1, 1], "texture": "#2"},
				"west": {"uv": [0, 0, 2, 1], "texture": "#2"},
				"up": {"uv": [0, 0, 16, 9.95556], "texture": "#2"},
				"down": {"uv": [0, 0, 16, 9.6], "texture": "#2"}
			}
		},
		{
			"from": [3.5, 13, 12],
			"to": [4.5, 14, 13],
			"rotation": {"angle": 0, "axis": "y", "origin": [3.5, 13, 12]},
			"faces": {
				"north": {"uv": [0, 0, 1, 1], "texture": "#2"},
				"east": {"uv": [0, 0, 1, 1], "texture": "#2"},
				"south": {"uv": [0, 0, 1, 1], "texture": "#2"},
				"west": {"uv": [0, 0, 1, 1], "texture": "#2"},
				"up": {"uv": [0, 0, 1, 1], "texture": "#2"},
				"down": {"uv": [0, 0, 1, 1], "texture": "#2"}
			}
		},
		{
			"from": [3.5, 8, 13],
			"to": [4.5, 13, 14],
			"rotation": {"angle": 0, "axis": "y", "origin": [3.5, 12, 13]},
			"faces": {
				"north": {"uv": [0, 0, 16, 8.53333], "texture": "#2"},
				"east": {"uv": [0, 0, 1, 0.47368], "texture": "#2"},
				"south": {"uv": [0, 0, 16, 9.24444], "texture": "#2"},
				"west": {"uv": [0, 0, 1, 0.26316], "texture": "#2"},
				"up": {"uv": [0, 0, 1, 1], "texture": "#2"},
				"down": {"uv": [0, 0, 1, 1], "texture": "#2"}
			}
		},
		{
			"from": [3.5, 7, 11],
			"to": [4.5, 8, 13],
			"rotation": {"angle": 0, "axis": "y", "origin": [3.5, 7, 13]},
			"faces": {
				"north": {"uv": [0, 0, 1, 1], "texture": "#2"},
				"east": {"uv": [0, 0, 2, 1], "texture": "#2"},
				"south": {"uv": [0, 0, 1, 1], "texture": "#2"},
				"west": {"uv": [0, 0, 2, 1], "texture": "#2"},
				"up": {"uv": [0, 0, 16, 9.6], "texture": "#2"},
				"down": {"uv": [0, 0, 16, 9.95556], "texture": "#2"}
			}
		},
		{
			"from": [3.5, 6, 8],
			"to": [4.5, 7, 11],
			"rotation": {"angle": 0, "axis": "y", "origin": [3.5, 6, 10]},
			"faces": {
				"north": {"uv": [0, 0, 1, 1], "texture": "#2"},
				"east": {"uv": [0, 0, 0.47368, 1], "texture": "#2"},
				"south": {"uv": [0, 0, 1, 1], "texture": "#2"},
				"west": {"uv": [0, 0, 16, 9.24444], "texture": "#2"},
				"up": {"uv": [0, 0, 16, 9.95556], "texture": "#2"},
				"down": {"uv": [0, 0, 1, 0], "texture": "#2"}
			}
		},
		{
			"from": [11.5, 13, 8],
			"to": [12.5, 14, 10],
			"rotation": {"angle": 0, "axis": "y", "origin": [11.5, 13, 8]},
			"faces": {
				"north": {"uv": [0, 0, 1, 1], "texture": "#2"},
				"east": {"uv": [0, 0, 2, 1], "texture": "#2"},
				"south": {"uv": [0, 0, 1, 1], "texture": "#2"},
				"west": {"uv": [0, 0, 2, 1], "texture": "#2"},
				"up": {"uv": [0, 0, 1, 0.63158], "texture": "#2"},
				"down": {"uv": [0, 0, 1, 0.42105], "texture": "#2"}
			}
		},
		{
			"from": [11.5, 14, 10],
			"to": [12.5, 15, 12],
			"rotation": {"angle": 0, "axis": "y", "origin": [11.5, 14, 10]},
			"faces": {
				"north": {"uv": [0, 0, 1, 1], "texture": "#2"},
				"east": {"uv": [0, 0, 2, 1], "texture": "#2"},
				"south": {"uv": [0, 0, 1, 1], "texture": "#2"},
				"west": {"uv": [0, 0, 2, 1], "texture": "#2"},
				"up": {"uv": [0, 0, 1, 0.10526], "texture": "#2"},
				"down": {"uv": [0, 0, 1, 0.52632], "texture": "#2"}
			}
		},
		{
			"from": [11.5, 13, 12],
			"to": [12.5, 14, 13],
			"rotation": {"angle": 0, "axis": "y", "origin": [11.5, 13, 12]},
			"faces": {
				"north": {"uv": [0, 0, 1, 1], "texture": "#2"},
				"east": {"uv": [0, 0, 1, 1], "texture": "#2"},
				"south": {"uv": [0, 0, 1, 1], "texture": "#2"},
				"west": {"uv": [0, 0, 1, 1], "texture": "#2"},
				"up": {"uv": [0, 0, 1, 1], "texture": "#2"},
				"down": {"uv": [0, 0, 1, 1], "texture": "#2"}
			}
		},
		{
			"from": [11.5, 8, 13],
			"to": [12.5, 13, 14],
			"rotation": {"angle": 0, "axis": "y", "origin": [11.5, 12, 13]},
			"faces": {
				"north": {"uv": [0, 0, 16, 9.24444], "texture": "#2"},
				"east": {"uv": [0, 0, 16, 9.95556], "texture": "#2"},
				"south": {"uv": [0, 0, 16, 9.6], "texture": "#2"},
				"west": {"uv": [0, 0, 16, 9.24444], "texture": "#2"},
				"up": {"uv": [0, 0, 1, 1], "texture": "#2"},
				"down": {"uv": [0, 0, 1, 1], "texture": "#2"}
			}
		},
		{
			"from": [11.5, 6, 8],
			"to": [12.5, 7, 11],
			"rotation": {"angle": 0, "axis": "y", "origin": [11.5, 6, 10]},
			"faces": {
				"north": {"uv": [0, 0, 1, 1], "texture": "#2"},
				"east": {"uv": [0, 0, 16, 9.95556], "texture": "#2"},
				"south": {"uv": [0, 0, 1, 1], "texture": "#2"},
				"west": {"uv": [0, 0, 1.73684, 1], "texture": "#2"},
				"up": {"uv": [0, 0, 1, 0.47368], "texture": "#2"},
				"down": {"uv": [0, 0, 1, 0], "texture": "#2"}
			}
		},
		{
			"from": [11.5, 7, 11],
			"to": [12.5, 8, 13],
			"rotation": {"angle": 0, "axis": "y", "origin": [11.5, 7, 13]},
			"faces": {
				"north": {"uv": [0, 0, 1, 1], "texture": "#2"},
				"east": {"uv": [0, 0, 2, 1], "texture": "#2"},
				"south": {"uv": [0, 0, 1, 1], "texture": "#2"},
				"west": {"uv": [0, 0, 2, 1], "texture": "#2"},
				"up": {"uv": [0, 0, 1, 0.52632], "texture": "#2"},
				"down": {"uv": [0, 0, 1, 0.42105], "texture": "#2"}
			}
		},
		{
			"from": [0.7, 2, 2.9],
			"to": [15.5, 17, 2.9],
			"rotation": {"angle": 0, "axis": "y", "origin": [3.5, 12, 6]},
			"faces": {
				"north": {"uv": [0, 0.42105, 16, 16], "texture": "#0"},
				"east": {"uv": [5.78947, 2.10526, 6.78947, 13.10526], "texture": "#missing"},
				"south": {"uv": [0, 0, 16, 16], "texture": "#0"},
				"west": {"uv": [6.78947, 0.52632, 5.78947, 11.52632], "texture": "#missing"},
				"up": {"uv": [7.57895, 8.94737, 12.68421, 9.94737], "texture": "#missing"},
				"down": {"uv": [7, 6.52631, 16, 7.52631], "texture": "#missing"}
			}
		}
	],
	"display": {
		"thirdperson_righthand": {
			"rotation": [68, 180, 0],
			"translation": [-6, -6, 6.75]
		},
		"thirdperson_lefthand": {
			"rotation": [68, 180, 0],
			"translation": [-6, -6, 6.75]
		},
		"firstperson_righthand": {
			"rotation": [0, 144, 0],
			"translation": [3.75, 0.75, 0],
			"scale": [0.5, 0.5, 0.5]
		},
		"firstperson_lefthand": {
			"rotation": [0, 144, 0],
			"translation": [3.75, 0.75, 0],
			"scale": [0.5, 0.5, 0.5]
		},
		"ground": {
			"translation": [2.75, 6.25, 0]
		},
		"gui": {
			"rotation": [13, 140, 0],
			"translation": [-2, 0.75, 0],
			"scale": [0.8, 0.8, 0.8]
		},
		"head": {
			"translation": [0, 2.5, 0]
		},
		"fixed": {
			"translation": [2.5, 1, -0.25]
		}
	},
	"groups": [
		0,
		1,
		2,
		3,
		4,
		5,
		{
			"name": "hexadecagon",
			"origin": [8, 8, 8],
			"color": 0,
			"children": []
		},
		6,
		7,
		8,
		9,
		10,
		11,
		12,
		13,
		14,
		15,
		16,
		17,
		18,
		19,
		20
	]
}