{
	"credit": "Made with Blockbench",
	"textures": {
		"0": "item/logoPARISsac",
		"1": "item/loungflylogo1",
		"2": "item/oreille sac",
		"3": "item/sactexture2",
		"4": "item/bleusac",
		"particle": "item/logoPARISsac"
	},
	"elements": [
		{
			"from": [0.5, 14, 6],
			"to": [6.5, 20, 6],
			"rotation": {"angle": 0, "axis": "y", "origin": [2.5, 14, 6]},
			"faces": {
				"north": {"uv": [15.9697, 0, 0, 16.33333], "texture": "#2"},
				"east": {"uv": [0, 0, 0, 5], "texture": "#missing"},
				"south": {"uv": [0, 0, 16, 16], "texture": "#2"},
				"west": {"uv": [0, 0, 0, 5], "texture": "#missing"},
				"up": {"uv": [0, 0, 5, 0], "texture": "#missing"},
				"down": {"uv": [0, 0, 5, 0], "texture": "#missing"}
			}
		},
		{
			"from": [4.5, 14, 4],
			"to": [11.5, 16, 8],
			"rotation": {"angle": 0, "axis": "y", "origin": [2.5, 14, 6]},
			"faces": {
				"north": {"uv": [6.89473, 6.63158, 13.68421, 8.63158], "texture": "#3"},
				"east": {"uv": [2.84211, 3.47368, 6.84211, 5.47368], "texture": "#3"},
				"south": {"uv": [7.68421, 5.36842, 14.68421, 7.36842], "texture": "#3"},
				"west": {"uv": [6.63158, 2.10526, 10.63158, 4.10526], "texture": "#3"},
				"up": {"uv": [7.26316, 8.94737, 12.36842, 12.94737], "texture": "#3"},
				"down": {"uv": [0, 0, 7, 4], "texture": "#3"}
			}
		},
		{
			"from": [9.5, 14, 6],
			"to": [15.5, 20, 6],
			"rotation": {"angle": 0, "axis": "y", "origin": [11.5, 14, 6]},
			"faces": {
				"north": {"uv": [0, 0, 16, 16], "texture": "#2"},
				"east": {"uv": [0, 0, 1, 5], "texture": "#missing"},
				"south": {"uv": [16, 0, 0, 16], "texture": "#2"},
				"west": {"uv": [0, 0, 1, 5], "texture": "#missing"},
				"up": {"uv": [0, 0, 5, 1], "texture": "#missing"},
				"down": {"uv": [0, 0, 5, 1], "texture": "#missing"}
			}
		},
		{
			"from": [11.5, 14, 4],
			"to": [12.5, 15, 8],
			"rotation": {"angle": 0, "axis": "y", "origin": [2.5, 13, 6]},
			"faces": {
				"north": {"uv": [3.05263, 4.10526, 4.05263, 5.10526], "texture": "#3"},
				"east": {"uv": [2.84211, 3.68421, 6.84211, 4.68421], "texture": "#3"},
				"south": {"uv": [5.78947, 7.05263, 6.78947, 8.05263], "texture": "#3"},
				"west": {"uv": [0, 0, 4, 1], "texture": "#3"},
				"up": {"uv": [2.84211, 2.73684, 3.84211, 6.73684], "texture": "#3"},
				"down": {"uv": [0, 0, 1, 4], "texture": "#3"}
			}
		},
		{
			"from": [3.5, 14, 4],
			"to": [4.5, 15, 8],
			"rotation": {"angle": 0, "axis": "y", "origin": [-5.5, 13, 6]},
			"faces": {
				"north": {"uv": [10.31579, 6.73684, 11.31579, 7.73684], "texture": "#3"},
				"east": {"uv": [0, 0, 4, 1], "texture": "#3"},
				"south": {"uv": [4.63158, 5.68421, 5.63158, 6.68421], "texture": "#3"},
				"west": {"uv": [6.63158, 3.15789, 10.63158, 4.15789], "texture": "#3"},
				"up": {"uv": [2.84211, 2.73684, 3.84211, 6.73684], "texture": "#3"},
				"down": {"uv": [0, 0, 1, 4], "texture": "#3"}
			}
		},
		{
			"from": [2.5, 3, 4],
			"to": [3.5, 14, 8],
			"rotation": {"angle": 0, "axis": "y", "origin": [-6.5, 12, 6]},
			"faces": {
				"north": {"uv": [4.63158, 2.21053, 5.63158, 13.21053], "texture": "#3"},
				"east": {"uv": [0, 0, 4, 11], "texture": "#3"},
				"south": {"uv": [4.8421, 2.94736, 5.8421, 13.94736], "texture": "#3"},
				"west": {"uv": [6.82257, 3.15789, 3.15789, 14.63158], "texture": "#3"},
				"up": {"uv": [2.84211, 2.73684, 3.84211, 6.73684], "texture": "#3"},
				"down": {"uv": [5.26316, 2.52632, 6.26316, 6.52632], "texture": "#3"}
			}
		},
		{
			"from": [12.5, 3, 4],
			"to": [13.5, 14, 8],
			"rotation": {"angle": 0, "axis": "y", "origin": [3.5, 12, 6]},
			"faces": {
				"north": {"uv": [5.26316, 0.31579, 6.26316, 11.31579], "texture": "#3"},
				"east": {"uv": [2.84211, 3.57895, 6.84211, 14.57895], "texture": "#3"},
				"south": {"uv": [4.84211, 1.89474, 5.84211, 12.89474], "texture": "#3"},
				"west": {"uv": [6.21053, 0.10526, 10.21053, 11.10526], "texture": "#3"},
				"up": {"uv": [2.84211, 2.73684, 3.84211, 6.73684], "texture": "#3"},
				"down": {"uv": [8.63158, 4.84211, 9.63158, 8.84211], "texture": "#3"}
			}
		},
		{
			"from": [3.5, 2, 4],
			"to": [12.5, 3, 8],
			"rotation": {"angle": 0, "axis": "y", "origin": [2.5, 1, 6]},
			"faces": {
				"north": {"uv": [7, 6.94737, 16, 7.94737], "texture": "#3"},
				"east": {"uv": [7.57895, 4.63158, 11.57895, 5.63158], "texture": "#3"},
				"south": {"uv": [7, 10, 16, 11], "texture": "#3"},
				"west": {"uv": [8.42105, 6.10527, 12.42105, 7.10527], "texture": "#3"},
				"up": {"uv": [0, 0, 9, 4], "texture": "#3"},
				"down": {"uv": [7, 12, 16, 16], "texture": "#3"}
			}
		},
		{
			"name": "hexadecagon",
			"from": [7.20435, 3, 2],
			"to": [8.79565, 4, 3],
			"rotation": {"angle": -45, "axis": "z", "origin": [8, 7, 2.5]},
			"faces": {
				"north": {"uv": [0, 0, 1, 1], "texture": "#3"},
				"east": {"uv": [0, 0, 1, 1], "texture": "#3"},
				"south": {"uv": [0, 0, 1, 1], "texture": "#3"},
				"west": {"uv": [0, 0, 1, 1], "texture": "#3"},
				"up": {"uv": [0, 0, 1, 1], "texture": "#3"},
				"down": {"uv": [9.89474, 8.10526, 10.89474, 9.10526], "texture": "#3"}
			}
		},
		{
			"name": "hexadecagon",
			"from": [7.20435, 3, 2],
			"to": [8.79565, 4, 3],
			"rotation": {"angle": -22.5, "axis": "z", "origin": [8, 7, 2.5]},
			"faces": {
				"north": {"uv": [0, 0, 1, 1], "texture": "#3"},
				"east": {"uv": [0, 0, 1, 1], "texture": "#3"},
				"south": {"uv": [0, 0, 1, 1], "texture": "#3"},
				"west": {"uv": [0, 0, 1, 1], "texture": "#3"},
				"up": {"uv": [0, 0, 1, 1], "texture": "#3"},
				"down": {"uv": [9.26316, 8.10526, 10.26316, 9.10526], "texture": "#3"}
			}
		},
		{
			"name": "hexadecagon",
			"from": [7.20435, 3, 2],
			"to": [8.79565, 4, 3],
			"rotation": {"angle": 0, "axis": "y", "origin": [8, 7, 2.5]},
			"faces": {
				"north": {"uv": [0, 0, 1, 1], "texture": "#3"},
				"east": {"uv": [0, 0, 1, 1], "texture": "#3"},
				"south": {"uv": [0, 0, 1, 1], "texture": "#3"},
				"west": {"uv": [0, 0, 1, 1], "texture": "#3"},
				"up": {"uv": [0, 0, 1, 1], "texture": "#3"},
				"down": {"uv": [8.42105, 8.10526, 9.42105, 9.10526], "texture": "#3"}
			}
		},
		{
			"name": "hexadecagon",
			"from": [7.20435, 3, 2],
			"to": [8.79565, 4, 3],
			"rotation": {"angle": 22.5, "axis": "z", "origin": [8, 7, 2.5]},
			"faces": {
				"north": {"uv": [0, 0, 1, 1], "texture": "#3"},
				"east": {"uv": [0, 0, 1, 1], "texture": "#3"},
				"south": {"uv": [0, 0, 1, 1], "texture": "#3"},
				"west": {"uv": [0, 0, 1, 1], "texture": "#3"},
				"up": {"uv": [0, 0, 1, 1], "texture": "#3"},
				"down": {"uv": [9.05263, 8.10526, 10.05263, 9.10526], "texture": "#3"}
			}
		},
		{
			"name": "hexadecagon",
			"from": [7.20435, 3, 2],
			"to": [8.79565, 4, 3],
			"rotation": {"angle": 45, "axis": "z", "origin": [8, 7, 2.5]},
			"faces": {
				"north": {"uv": [0, 0, 1, 1], "texture": "#3"},
				"east": {"uv": [0, 0, 1, 1], "texture": "#3"},
				"south": {"uv": [0, 0, 1, 1], "texture": "#3"},
				"west": {"uv": [0, 0, 1, 1], "texture": "#3"},
				"up": {"uv": [0, 0, 1, 1], "texture": "#3"},
				"down": {"uv": [9.57895, 8.10526, 10.57895, 9.10526], "texture": "#3"}
			}
		},
		{
			"name": "hexadecagon",
			"from": [7.20435, 10, 2],
			"to": [8.79565, 11, 3],
			"rotation": {"angle": -45, "axis": "z", "origin": [8, 7, 2.5]},
			"faces": {
				"north": {"uv": [0, 0, 1, 1], "texture": "#3"},
				"east": {"uv": [0, 0, 1, 1], "texture": "#3"},
				"south": {"uv": [0, 0, 1, 1], "texture": "#3"},
				"west": {"uv": [0, 0, 1, 1], "texture": "#3"},
				"up": {"uv": [10, 8.94737, 11, 9.94737], "texture": "#3"},
				"down": {"uv": [0, 0, 1, 1], "texture": "#3"}
			}
		},
		{
			"name": "hexadecagon",
			"from": [7.20435, 10, 2],
			"to": [8.79565, 11, 3],
			"rotation": {"angle": -22.5, "axis": "z", "origin": [8, 7, 2.5]},
			"faces": {
				"north": {"uv": [0, 0, 1, 1], "texture": "#3"},
				"east": {"uv": [0, 0, 1, 1], "texture": "#3"},
				"south": {"uv": [0, 0, 1, 1], "texture": "#3"},
				"west": {"uv": [0, 0, 1, 1], "texture": "#3"},
				"up": {"uv": [8.94737, 8.94737, 9.94737, 9.94737], "texture": "#3"},
				"down": {"uv": [0, 0, 1, 1], "texture": "#3"}
			}
		},
		{
			"name": "hexadecagon",
			"from": [7.20435, 10, 2],
			"to": [8.79565, 11, 3],
			"rotation": {"angle": 0, "axis": "z", "origin": [8, 7, 2.5]},
			"faces": {
				"north": {"uv": [0, 0, 1, 1], "texture": "#3"},
				"east": {"uv": [0, 0, 1, 1], "texture": "#3"},
				"south": {"uv": [0, 0, 1, 1], "texture": "#3"},
				"west": {"uv": [0, 0, 1, 1], "texture": "#3"},
				"up": {"uv": [9.89474, 8.94737, 10.89474, 9.94737], "texture": "#3"},
				"down": {"uv": [0, 0, 1, 1], "texture": "#3"}
			}
		},
		{
			"name": "hexadecagon",
			"from": [7.20435, 10, 2],
			"to": [8.79565, 11, 3],
			"rotation": {"angle": 22.5, "axis": "z", "origin": [8, 7, 2.5]},
			"faces": {
				"north": {"uv": [0, 0, 1, 1], "texture": "#3"},
				"east": {"uv": [0, 0, 1, 1], "texture": "#3"},
				"south": {"uv": [0, 0, 1, 1], "texture": "#3"},
				"west": {"uv": [0, 0, 1, 1], "texture": "#3"},
				"up": {"uv": [10.31579, 8.94737, 11.31579, 9.94737], "texture": "#3"},
				"down": {"uv": [0, 0, 1, 1], "texture": "#3"}
			}
		},
		{
			"name": "hexadecagon",
			"from": [7.20435, 10, 2],
			"to": [8.79565, 11, 3],
			"rotation": {"angle": 45, "axis": "z", "origin": [8, 7, 2.5]},
			"faces": {
				"north": {"uv": [0, 0, 1, 1], "texture": "#3"},
				"east": {"uv": [0, 0, 1, 1], "texture": "#3"},
				"south": {"uv": [0, 0, 1, 1], "texture": "#3"},
				"west": {"uv": [0, 0, 1, 1], "texture": "#3"},
				"up": {"uv": [8.94737, 8.94737, 9.94737, 9.94737], "texture": "#3"},
				"down": {"uv": [0, 0, 1, 1], "texture": "#3"}
			}
		},
		{
			"name": "hexadecagon",
			"from": [4, 6.20435, 2],
			"to": [5, 7.79565, 3],
			"rotation": {"angle": -22.5, "axis": "z", "origin": [8, 7, 2.5]},
			"faces": {
				"north": {"uv": [0, 0, 1, 1], "texture": "#3"},
				"east": {"uv": [0, 0, 1, 1], "texture": "#3"},
				"south": {"uv": [0, 0, 1, 1], "texture": "#3"},
				"west": {"uv": [6.52632, 4.42105, 7.84211, 5.52632], "texture": "#3"},
				"up": {"uv": [0, 0, 1, 1], "texture": "#3"},
				"down": {"uv": [0, 0, 1, 1], "texture": "#3"}
			}
		},
		{
			"name": "hexadecagon",
			"from": [4, 6.20435, 2],
			"to": [5, 7.79565, 3],
			"rotation": {"angle": 0, "axis": "z", "origin": [8, 7, 2.5]},
			"faces": {
				"north": {"uv": [0, 0, 1, 1], "texture": "#3"},
				"east": {"uv": [0, 0, 1, 1], "texture": "#3"},
				"south": {"uv": [0, 0, 1, 1], "texture": "#3"},
				"west": {"uv": [6.63158, 6.63158, 7.63158, 7.63158], "texture": "#3"},
				"up": {"uv": [0, 0, 1, 1], "texture": "#3"},
				"down": {"uv": [0, 0, 1, 1], "texture": "#3"}
			}
		},
		{
			"name": "hexadecagon",
			"from": [4, 6.20435, 2],
			"to": [5, 7.79565, 3],
			"rotation": {"angle": 22.5, "axis": "z", "origin": [8, 7, 2.5]},
			"faces": {
				"north": {"uv": [0, 0, 1, 1], "texture": "#3"},
				"east": {"uv": [0, 0, 1, 1], "texture": "#3"},
				"south": {"uv": [0, 0, 1, 1], "texture": "#3"},
				"west": {"uv": [6.63158, 7.15789, 7.63158, 8.15789], "texture": "#3"},
				"up": {"uv": [0, 0, 1, 1], "texture": "#3"},
				"down": {"uv": [0, 0, 1, 1], "texture": "#3"}
			}
		},
		{
			"name": "hexadecagon",
			"from": [11, 6.20435, 2],
			"to": [12, 7.79565, 3],
			"rotation": {"angle": -22.5, "axis": "z", "origin": [8, 7, 2.5]},
			"faces": {
				"north": {"uv": [0, 0, 1, 1], "texture": "#3"},
				"east": {"uv": [5.78947, 5.26316, 6.78947, 6.26316], "texture": "#3"},
				"south": {"uv": [0, 0, 1, 1], "texture": "#3"},
				"west": {"uv": [0, 0, 1, 1], "texture": "#3"},
				"up": {"uv": [0, 0, 1, 1], "texture": "#3"},
				"down": {"uv": [0, 0, 1, 1], "texture": "#3"}
			}
		},
		{
			"name": "hexadecagon",
			"from": [11, 6.20435, 2],
			"to": [12, 7.79565, 3],
			"rotation": {"angle": 0, "axis": "z", "origin": [8, 7, 2.5]},
			"faces": {
				"north": {"uv": [0, 0, 1, 1], "texture": "#3"},
				"east": {"uv": [5.78947, 8.31579, 6.78947, 9.31579], "texture": "#3"},
				"south": {"uv": [0, 0, 1, 1], "texture": "#3"},
				"west": {"uv": [0, 0, 1, 1], "texture": "#3"},
				"up": {"uv": [0, 0, 1, 1], "texture": "#3"},
				"down": {"uv": [4.94737, 3.05263, 5.94737, 4.05263], "texture": "#3"}
			}
		},
		{
			"name": "hexadecagon",
			"from": [11, 6.20435, 2],
			"to": [12, 7.79565, 3],
			"rotation": {"angle": 22.5, "axis": "z", "origin": [8, 7, 2.5]},
			"faces": {
				"north": {"uv": [9.78947, 6.21053, 10.78947, 7.21053], "texture": "#3"},
				"east": {"uv": [5.78947, 4.52632, 6.78947, 5.52632], "texture": "#3"},
				"south": {"uv": [4.31579, 0.94737, 5.31579, 1.94737], "texture": "#3"},
				"west": {"uv": [5.68421, 2.10526, 6.68421, 3.10526], "texture": "#3"},
				"up": {"uv": [8.10526, 3.15789, 9.10526, 4.15789], "texture": "#3"},
				"down": {"uv": [2.84211, 3.68421, 3.84211, 4.68421], "texture": "#3"}
			}
		},
		{
			"from": [3.9, 2.9, 1.9],
			"to": [12.1, 11.1, 1.9],
			"rotation": {"angle": 0, "axis": "y", "origin": [3.5, 12, 3.9]},
			"faces": {
				"north": {"uv": [1.0752, 0.4096, 14.4896, 15.3344], "texture": "#0"},
				"east": {"uv": [0, 0, 0, 8], "texture": "#missing"},
				"south": {"uv": [1.0752, 0.4096, 14.2208, 15.296], "texture": "#0"},
				"west": {"uv": [0, 0, 0, 8], "texture": "#missing"},
				"up": {"uv": [0, 0, 8, 0], "texture": "#missing"},
				"down": {"uv": [0, 0, 8, 0], "texture": "#missing"}
			}
		},
		{
			"from": [6.4, 11.5, 2.7],
			"to": [9.6, 13.5, 3],
			"rotation": {"angle": 0, "axis": "y", "origin": [2.5, 11.5, 4.7]},
			"faces": {
				"north": {"uv": [0.5298, 0.21192, 15.57616, 15.57616], "texture": "#1"},
				"east": {"uv": [7.89474, 2.10526, 6.51053, 4.10526], "texture": "#3"},
				"south": {"uv": [0, 0, 3.2, 2], "texture": "#missing"},
				"west": {"uv": [7.36842, 8.31579, 8.19474, 10.31579], "texture": "#3"},
				"up": {"uv": [8.52632, 4.73684, 11.72632, 5.24737], "texture": "#3"},
				"down": {"uv": [8.42105, 7.78947, 11.62105, 8.08947], "texture": "#3"}
			}
		},
		{
			"from": [3.5, 3, 4],
			"to": [12.5, 14, 8],
			"rotation": {"angle": 0, "axis": "y", "origin": [2.5, 12, 6]},
			"faces": {
				"north": {"uv": [5.10526, 3.26316, 12.10526, 5.26316], "texture": "#3"},
				"east": {"uv": [2.84211, 3.47368, 6.84211, 5.47368], "texture": "#3"},
				"south": {"uv": [7.15789, 0.52632, 16, 8.73684], "texture": "#3"},
				"west": {"uv": [6.63158, 2.10526, 10.63158, 4.10526], "texture": "#3"},
				"up": {"uv": [7.26316, 8.94737, 14.26316, 12.94737], "texture": "#3"},
				"down": {"uv": [0, 0, 7, 4], "texture": "#3"}
			}
		},
		{
			"from": [3.5, 3, 3],
			"to": [12.5, 14, 4],
			"rotation": {"angle": 0, "axis": "y", "origin": [3.5, 12, 6]},
			"faces": {
				"north": {"uv": [7.52632, 0.42105, 12.31579, 8.57895], "texture": "#3"},
				"east": {"uv": [5.78947, 2.10526, 6.78947, 13.10526], "texture": "#3"},
				"south": {"uv": [0, 0, 9, 11], "texture": "#3"},
				"west": {"uv": [6.78947, 0.52632, 5.78947, 11.52632], "texture": "#3"},
				"up": {"uv": [7.57895, 8.94737, 12.68421, 9.94737], "texture": "#3"},
				"down": {"uv": [7, 6.52631, 16, 7.52631], "texture": "#3"}
			}
		},
		{
			"from": [3.5, 13, 8],
			"to": [4.5, 14, 10],
			"rotation": {"angle": 0, "axis": "y", "origin": [3.5, 13, 8]},
			"faces": {
				"north": {"uv": [0, 0, 1, 1], "texture": "#4"},
				"east": {"uv": [0, 0, 2, 1], "texture": "#4"},
				"south": {"uv": [0, 0, 1, 1], "texture": "#4"},
				"west": {"uv": [0, 0, 2, 1], "texture": "#4"},
				"up": {"uv": [0, 0, 16, 16], "texture": "#4"},
				"down": {"uv": [0, 0, 1, 0.21053], "texture": "#4"}
			}
		},
		{
			"from": [3.5, 14, 10],
			"to": [4.5, 15, 12],
			"rotation": {"angle": 0, "axis": "y", "origin": [3.5, 14, 10]},
			"faces": {
				"north": {"uv": [0, 0, 1, 1], "texture": "#4"},
				"east": {"uv": [0, 0, 2, 1], "texture": "#4"},
				"south": {"uv": [0, 0, 1, 1], "texture": "#4"},
				"west": {"uv": [0, 0, 2, 1], "texture": "#4"},
				"up": {"uv": [0, 0, 16, 16], "texture": "#4"},
				"down": {"uv": [0, 0, 16, 16], "texture": "#4"}
			}
		},
		{
			"from": [3.5, 13, 12],
			"to": [4.5, 14, 13],
			"rotation": {"angle": 0, "axis": "y", "origin": [3.5, 13, 12]},
			"faces": {
				"north": {"uv": [0, 0, 1, 1], "texture": "#4"},
				"east": {"uv": [0, 0, 1, 1], "texture": "#4"},
				"south": {"uv": [0, 0, 1, 1], "texture": "#4"},
				"west": {"uv": [0, 0, 1, 1], "texture": "#4"},
				"up": {"uv": [0, 0, 1, 1], "texture": "#4"},
				"down": {"uv": [0, 0, 1, 1], "texture": "#4"}
			}
		},
		{
			"from": [3.5, 8, 13],
			"to": [4.5, 13, 14],
			"rotation": {"angle": 0, "axis": "y", "origin": [3.5, 12, 13]},
			"faces": {
				"north": {"uv": [0, 0, 16, 16], "texture": "#4"},
				"east": {"uv": [0, 0, 1, 0.47368], "texture": "#4"},
				"south": {"uv": [0, 0, 16, 16], "texture": "#4"},
				"west": {"uv": [0, 0, 1, 0.26316], "texture": "#4"},
				"up": {"uv": [0, 0, 1, 1], "texture": "#4"},
				"down": {"uv": [0, 0, 1, 1], "texture": "#4"}
			}
		},
		{
			"from": [3.5, 7, 11],
			"to": [4.5, 8, 13],
			"rotation": {"angle": 0, "axis": "y", "origin": [3.5, 7, 13]},
			"faces": {
				"north": {"uv": [0, 0, 1, 1], "texture": "#4"},
				"east": {"uv": [0, 0, 2, 1], "texture": "#4"},
				"south": {"uv": [0, 0, 1, 1], "texture": "#4"},
				"west": {"uv": [0, 0, 2, 1], "texture": "#4"},
				"up": {"uv": [0, 0, 16, 16], "texture": "#4"},
				"down": {"uv": [0, 0, 16, 16], "texture": "#4"}
			}
		},
		{
			"from": [3.5, 6, 8],
			"to": [4.5, 7, 11],
			"rotation": {"angle": 0, "axis": "y", "origin": [3.5, 6, 10]},
			"faces": {
				"north": {"uv": [0, 0, 1, 1], "texture": "#4"},
				"east": {"uv": [0, 0, 0.47368, 1], "texture": "#4"},
				"south": {"uv": [0, 0, 1, 1], "texture": "#4"},
				"west": {"uv": [0, 0, 16, 16], "texture": "#4"},
				"up": {"uv": [0, 0, 16, 16], "texture": "#4"},
				"down": {"uv": [0, 0, 1, 0], "texture": "#4"}
			}
		},
		{
			"from": [11.5, 13, 8],
			"to": [12.5, 14, 10],
			"rotation": {"angle": 0, "axis": "y", "origin": [11.5, 13, 8]},
			"faces": {
				"north": {"uv": [0, 0, 1, 1], "texture": "#4"},
				"east": {"uv": [0, 0, 2, 1], "texture": "#4"},
				"south": {"uv": [0, 0, 1, 1], "texture": "#4"},
				"west": {"uv": [0, 0, 2, 1], "texture": "#4"},
				"up": {"uv": [0, 0, 1, 0.63158], "texture": "#4"},
				"down": {"uv": [0, 0, 1, 0.42105], "texture": "#4"}
			}
		},
		{
			"from": [11.5, 14, 10],
			"to": [12.5, 15, 12],
			"rotation": {"angle": 0, "axis": "y", "origin": [11.5, 14, 10]},
			"faces": {
				"north": {"uv": [0, 0, 1, 1], "texture": "#4"},
				"east": {"uv": [0, 0, 2, 1], "texture": "#4"},
				"south": {"uv": [0, 0, 1, 1], "texture": "#4"},
				"west": {"uv": [0, 0, 2, 1], "texture": "#4"},
				"up": {"uv": [0, 0, 1, 0.10526], "texture": "#4"},
				"down": {"uv": [0, 0, 1, 0.52632], "texture": "#4"}
			}
		},
		{
			"from": [11.5, 13, 12],
			"to": [12.5, 14, 13],
			"rotation": {"angle": 0, "axis": "y", "origin": [11.5, 13, 12]},
			"faces": {
				"north": {"uv": [0, 0, 1, 1], "texture": "#4"},
				"east": {"uv": [0, 0, 1, 1], "texture": "#4"},
				"south": {"uv": [0, 0, 1, 1], "texture": "#4"},
				"west": {"uv": [0, 0, 1, 1], "texture": "#4"},
				"up": {"uv": [0, 0, 1, 1], "texture": "#4"},
				"down": {"uv": [0, 0, 1, 1], "texture": "#4"}
			}
		},
		{
			"from": [11.5, 8, 13],
			"to": [12.5, 13, 14],
			"rotation": {"angle": 0, "axis": "y", "origin": [11.5, 12, 13]},
			"faces": {
				"north": {"uv": [0, 0, 16, 16], "texture": "#4"},
				"east": {"uv": [0, 0, 16, 16], "texture": "#4"},
				"south": {"uv": [0, 0, 16, 16], "texture": "#4"},
				"west": {"uv": [0, 0, 16, 16], "texture": "#4"},
				"up": {"uv": [0, 0, 1, 1], "texture": "#4"},
				"down": {"uv": [0, 0, 1, 1], "texture": "#4"}
			}
		},
		{
			"from": [11.5, 6, 8],
			"to": [12.5, 7, 11],
			"rotation": {"angle": 0, "axis": "y", "origin": [11.5, 6, 10]},
			"faces": {
				"north": {"uv": [0, 0, 1, 1], "texture": "#4"},
				"east": {"uv": [0, 0, 16, 16], "texture": "#4"},
				"south": {"uv": [0, 0, 1, 1], "texture": "#4"},
				"west": {"uv": [0, 0, 1.73684, 1], "texture": "#4"},
				"up": {"uv": [0, 0, 1, 0.47368], "texture": "#4"},
				"down": {"uv": [0, 0, 1, 0], "texture": "#4"}
			}
		},
		{
			"from": [11.5, 7, 11],
			"to": [12.5, 8, 13],
			"rotation": {"angle": 0, "axis": "y", "origin": [11.5, 7, 13]},
			"faces": {
				"north": {"uv": [0, 0, 1, 1], "texture": "#4"},
				"east": {"uv": [0, 0, 2, 1], "texture": "#4"},
				"south": {"uv": [0, 0, 1, 1], "texture": "#4"},
				"west": {"uv": [0, 0, 2, 1], "texture": "#4"},
				"up": {"uv": [0, 0, 1, 0.52632], "texture": "#4"},
				"down": {"uv": [0, 0, 1, 0.42105], "texture": "#4"}
			}
		}
	],
	"display": {
		"thirdperson_righthand": {
			"rotation": [68, 180, 0],
			"translation": [-6, -6, 6.75]
		},
		"thirdperson_lefthand": {
			"rotation": [68, 180, 0],
			"translation": [-6, -6, 6.75]
		},
		"firstperson_righthand": {
			"rotation": [0, 144, 0],
			"translation": [3.75, 0.75, 0],
			"scale": [0.5, 0.5, 0.5]
		},
		"firstperson_lefthand": {
			"rotation": [0, 144, 0],
			"translation": [3.75, 0.75, 0],
			"scale": [0.5, 0.5, 0.5]
		},
		"ground": {
			"translation": [2.75, 6.25, 0]
		},
		"gui": {
			"rotation": [13, 140, 0],
			"translation": [-2, 0.75, 0],
			"scale": [0.8, 0.8, 0.8]
		},
		"head": {
			"translation": [0, 2.5, 0]
		},
		"fixed": {
			"translation": [2.5, 1, -0.25]
		}
	},
	"groups": [
		0,
		1,
		2,
		3,
		4,
		5,
		6,
		7,
		{
			"name": "hexadecagon",
			"origin": [8, 8, 8],
			"color": 0,
			"children": [8, 9, 10, 11, 12, 13, 14, 15, 16, 17, 18, 19, 20, 21, 22, 23]
		},
		24,
		25,
		26,
		27,
		28,
		29,
		30,
		31,
		32,
		33,
		34,
		35,
		36,
		37,
		38,
		39
	]
}