{
	"credit": "Made with Blockbench",
	"textures": {
		"0": "item/mainstreetimage2",
		"particle": "item/mainstreetimage2"
	},
	"elements": [
		{
			"from": [-3, 0, 0],
			"to": [19, 32, 0],
			"rotation": {"angle": 0, "axis": "y", "origin": [3, 0, 0]},
			"faces": {
				"north": {"uv": [0, 0, 16, 16], "texture": "#0"},
				"east": {"uv": [0, 0, 0, 16], "texture": "#missing"},
				"south": {"uv": [16, 0, 0, 16], "texture": "#0"},
				"west": {"uv": [0, 0, 0, 16], "texture": "#missing"},
				"up": {"uv": [0, 0, 16, 0], "texture": "#missing"},
				"down": {"uv": [0, 0, 16, 0], "texture": "#missing"}
			}
		}
	],
	"display": {
		"head": {
			"translation": [0, 0, 32.25],
			"scale": [1.6, 1.6, 1.6]
		}
	}
}