{
	"credit": "Made with Blockbench",
	"textures": {
		"0": "item/MainStreetTransportationCo",
		"particle": "item/MainStreetTransportationCo"
	},
	"elements": [
		{
			"from": [-16, 0, 0],
			"to": [32, 28, 0],
			"faces": {
				"north": {"uv": [0, 0, 16, 16], "texture": "#0"},
				"east": {"uv": [0, 0, 0, 16], "texture": "#missing"},
				"south": {"uv": [0, 0, 16, 16], "texture": "#0"},
				"west": {"uv": [0, 0, 0, 16], "texture": "#missing"},
				"up": {"uv": [0, 0, 16, 0], "texture": "#missing"},
				"down": {"uv": [0, 0, 16, 0], "texture": "#missing"}
			}
		}
	],
	"display": {
		"head": {
			"translation": [0, 0, 18.5],
			"scale": [2.5, 2.5, 2.5]
		}
	}
}