{
	"credit": "Made with Blockbench",
	"textures": {
		"0": "item/MainstreetG",
		"particle": "item/MainstreetG"
	},
	"elements": [
		{
			"from": [-16, 0, 0],
			"to": [16, 4, 0],
			"faces": {
				"north": {"uv": [0.61202, 4.02186, 15.56284, 12.85246], "texture": "#0"},
				"east": {"uv": [0, 0, 0, 8], "texture": "#missing"},
				"south": {"uv": [0.61202, 4.02186, 15.47541, 12.80874], "texture": "#0"},
				"west": {"uv": [0, 0, 0, 8], "texture": "#missing"},
				"up": {"uv": [0, 0, 16, 0], "texture": "#missing"},
				"down": {"uv": [0, 0, 16, 0], "texture": "#missing"}
			}
		}
	],
	"display": {
		"head": {
			"translation": [26.75, 4.5, 51],
			"scale": [3.2, 3.2, 3.2]
		}
	}
}