{
	"credit": "Made with Blockbench",
	"textures": {
		"0": "item/stripped_oak_log_top",
		"1": "item/stripped_oak_log",
		"particle": "item/stripped_oak_log_top"
	},
	"elements": [
		{
			"from": [0, -1, 0],
			"to": [16, 15, 8],
			"rotation": {"angle": 0, "axis": "y", "origin": [0, -1, 0]},
			"faces": {
				"north": {"uv": [0, 0, 16, 16], "texture": "#1"},
				"east": {"uv": [0, 0, 8, 16], "texture": "#1"},
				"south": {"uv": [0, 0, 16, 16], "texture": "#1"},
				"west": {"uv": [0, 0, 8, 16], "texture": "#1"},
				"up": {"uv": [0, 0, 16, 8], "texture": "#1"},
				"down": {"uv": [0, 0, 16, 8], "texture": "#1"}
			}
		},
		{
			"from": [0, 15, 0],
			"to": [16, 31, 8],
			"rotation": {"angle": 0, "axis": "y", "origin": [0, 15, 0]},
			"faces": {
				"north": {"uv": [0, 0, 16, 16], "texture": "#1"},
				"east": {"uv": [0, 0, 8, 16], "texture": "#1"},
				"south": {"uv": [0, 0, 16, 16], "texture": "#1"},
				"west": {"uv": [0, 0, 8, 16], "texture": "#1"},
				"up": {"uv": [0, 0, 16, 8], "texture": "#0"},
				"down": {"uv": [0, 0, 16, 8], "texture": "#1"}
			}
		},
		{
			"from": [0, -16, 0],
			"to": [16, -1, 8],
			"rotation": {"angle": 0, "axis": "y", "origin": [0, -16, 0]},
			"faces": {
				"north": {"uv": [0, 0, 16, 15], "texture": "#1"},
				"east": {"uv": [0, 0, 8, 15], "texture": "#1"},
				"south": {"uv": [0, 0, 16, 15], "texture": "#1"},
				"west": {"uv": [0, 0, 8, 15], "texture": "#1"},
				"up": {"uv": [0, 0, 16, 8], "texture": "#1"},
				"down": {"uv": [0, 8, 16, 16], "texture": "#0"}
			}
		}
	],
	"display": {
		"head": {
			"translation": [-80, 0, 19.75],
			"scale": [1.6, 1.6, 1.6]
		}
	}
}