{
	"credit": "Made with Blockbench",
	"texture_size": [16, 26],
	"textures": {
		"0": "item/MUSIQUEofCOMMERCE",
		"particle": "item/MUSIQUEofCOMMERCE"
	},
	"elements": [
		{
			"from": [-16, -16, 0],
			"to": [16, 32, 0],
			"faces": {
				"north": {"uv": [0, 0, 15.60736, 16], "texture": "#0"},
				"east": {"uv": [0, 0, 0, 16], "texture": "#missing"},
				"south": {"uv": [0, 0, 16, 16], "texture": "#0"},
				"west": {"uv": [0, 0, 0, 16], "texture": "#missing"},
				"up": {"uv": [0, 0, 16, 0], "texture": "#missing"},
				"down": {"uv": [0, 0, 16, 0], "texture": "#missing"}
			}
		}
	],
	"display": {
		"head": {
			"translation": [8.75, 0, 19.25],
			"scale": [1.6, 1.6, 1.6]
		}
	}
}