{
	"format_version": "1.9.0",
	"credit": "Made with Blockbench",
	"textures": {
		"0": "item/new_century------",
		"particle": "item/new_century------"
	},
	"elements": [
		{
			"from": [0, 0, -8],
			"to": [0, 24, 32],
			"faces": {
				"north": {"uv": [0, 0, 0, 16], "texture": "#missing"},
				"east": {"uv": [0, 0, 16, 16], "texture": "#0"},
				"south": {"uv": [0, 0, 0, 16], "texture": "#missing"},
				"west": {"uv": [0, 0, 16, 16], "texture": "#0"},
				"up": {"uv": [0, 0, 0, 16], "texture": "#missing"},
				"down": {"uv": [0, 0, 0, 16], "texture": "#missing"}
			}
		}
	],
	"display": {
		"gui": {
			"rotation": [0, 90, 0],
			"translation": [-1.5, 0, 0],
			"scale": [0.39, 0.39, 0.39]
		},
		"head": {
			"rotation": [0, 90, 0],
			"translation": [-6.75, -8.5, 0],
			"scale": [1.6, 1.6, 1.6]
		},
		"fixed": {
			"rotation": [0, 90, 0],
			"translation": [-3.75, 0, -8]
		}
	}
}