{
	"credit": "Made with Blockbench",
	"textures": {
		"0": "item/beige_1",
		"1": "item/beige_2",
		"2": "item/beige_3",
		"particle": "item/beige_1"
	},
	"elements": [
		{
			"from": [0, -11, 0.4],
			"to": [1, 29, 1],
			"rotation": {"angle": 0, "axis": "y", "origin": [-1, 5, 0]},
			"faces": {
				"north": {"uv": [0, 0, 1, 16], "texture": "#2"},
				"east": {"uv": [0, 0, 0.6, 16], "texture": "#2"},
				"south": {"uv": [0, 0, 1, 16], "texture": "#2"},
				"west": {"uv": [0, 0, 0.6, 16], "texture": "#2"},
				"up": {"uv": [0, 0, 1, 0.6], "texture": "#2"},
				"down": {"uv": [0, 0, 1, 0.6], "texture": "#2"}
			}
		},
		{
			"from": [18, -11, 0.4],
			"to": [19, 29, 1],
			"rotation": {"angle": 0, "axis": "y", "origin": [-1, 5, 0]},
			"faces": {
				"north": {"uv": [0, 0, 1, 16], "texture": "#2"},
				"east": {"uv": [0, 0, 0.6, 16], "texture": "#2"},
				"south": {"uv": [0, 0, 1, 16], "texture": "#2"},
				"west": {"uv": [0, 0, 0.6, 16], "texture": "#2"},
				"up": {"uv": [0, 0, 1, 0.6], "texture": "#2"},
				"down": {"uv": [0, 0, 1, 0.6], "texture": "#2"}
			}
		},
		{
			"from": [1, 27, 0.4],
			"to": [18, 28, 1],
			"rotation": {"angle": 0, "axis": "y", "origin": [-1, 5, 0]},
			"faces": {
				"north": {"uv": [0, 0, 16, 1], "texture": "#2"},
				"east": {"uv": [0, 0, 0.6, 1], "texture": "#2"},
				"south": {"uv": [0, 0, 16, 1], "texture": "#2"},
				"west": {"uv": [0, 0, 0.6, 1], "texture": "#2"},
				"up": {"uv": [0, 0, 16, 0.6], "texture": "#2"},
				"down": {"uv": [0, 0, 16, 0.6], "texture": "#2"}
			}
		},
		{
			"from": [1, -9, 0.4],
			"to": [18, -8, 1],
			"rotation": {"angle": 0, "axis": "y", "origin": [-1, 5, 0]},
			"faces": {
				"north": {"uv": [0, 0, 16, 1], "texture": "#2"},
				"east": {"uv": [0, 0, 0.6, 1], "texture": "#2"},
				"south": {"uv": [0, 0, 16, 1], "texture": "#2"},
				"west": {"uv": [0, 0, 0.6, 1], "texture": "#2"},
				"up": {"uv": [0, 0, 16, 0.6], "texture": "#2"},
				"down": {"uv": [0, 0, 16, 0.6], "texture": "#2"}
			}
		},
		{
			"from": [1, -8, 1],
			"to": [18, 27, 1],
			"rotation": {"angle": 0, "axis": "y", "origin": [-1, 5, 0]},
			"faces": {
				"north": {"uv": [0, 0, 16, 16], "texture": "#0"},
				"east": {"uv": [0, 0, 0, 16], "texture": "#0"},
				"south": {"uv": [0, 0, 16, 16], "texture": "#0"},
				"west": {"uv": [0, 0, 0, 16], "texture": "#0"},
				"up": {"uv": [0, 0, 16, 0], "texture": "#0"},
				"down": {"uv": [0, 0, 16, 0], "texture": "#0"}
			}
		},
		{
			"from": [4.8, 1, 0.8],
			"to": [14.8, 2, 1],
			"rotation": {"angle": -45, "axis": "z", "origin": [-1, 5, 0]},
			"faces": {
				"north": {"uv": [0, 0, 10, 1], "texture": "#1"},
				"east": {"uv": [0, 0, 0.2, 1], "texture": "#1"},
				"south": {"uv": [0, 0, 10, 1], "texture": "#1"},
				"west": {"uv": [0, 0, 0.2, 1], "texture": "#1"},
				"up": {"uv": [0, 0, 10, 0.2], "texture": "#1"},
				"down": {"uv": [0, 0, 10, 0.2], "texture": "#1"}
			}
		},
		{
			"from": [7.7, -2, 0.8],
			"to": [11.6, -1, 1],
			"rotation": {"angle": -45, "axis": "z", "origin": [-1, 5, 0]},
			"faces": {
				"north": {"uv": [0, 0, 3.9, 1], "texture": "#1"},
				"east": {"uv": [0, 0, 0.2, 1], "texture": "#1"},
				"south": {"uv": [0, 0, 3.9, 1], "texture": "#1"},
				"west": {"uv": [0, 0, 0.2, 1], "texture": "#1"},
				"up": {"uv": [0, 0, 3.9, 0.2], "texture": "#1"},
				"down": {"uv": [0, 0, 3.9, 0.2], "texture": "#1"}
			}
		},
		{
			"from": [1.8, 4, 0.8],
			"to": [17.7, 5, 1],
			"rotation": {"angle": -45, "axis": "z", "origin": [-1, 5, 0]},
			"faces": {
				"north": {"uv": [0, 0, 15.9, 1], "texture": "#1"},
				"east": {"uv": [0, 0, 0.2, 1], "texture": "#1"},
				"south": {"uv": [0, 0, 15.9, 1], "texture": "#1"},
				"west": {"uv": [0, 0, 0.2, 1], "texture": "#1"},
				"up": {"uv": [0, 0, 15.9, 0.2], "texture": "#1"},
				"down": {"uv": [0, 0, 15.9, 0.2], "texture": "#1"}
			}
		},
		{
			"from": [-1.2, 7, 0.8],
			"to": [20.7, 8, 1],
			"rotation": {"angle": -45, "axis": "z", "origin": [-1, 5, 0]},
			"faces": {
				"north": {"uv": [0, 0, 16, 1], "texture": "#1"},
				"east": {"uv": [0, 0, 0.2, 1], "texture": "#1"},
				"south": {"uv": [0, 0, 16, 1], "texture": "#1"},
				"west": {"uv": [0, 0, 0.2, 1], "texture": "#1"},
				"up": {"uv": [0, 0, 16, 0.2], "texture": "#1"},
				"down": {"uv": [0, 0, 16, 0.2], "texture": "#1"}
			}
		},
		{
			"from": [-4.2, 10, 0.8],
			"to": [21, 11, 1],
			"rotation": {"angle": -45, "axis": "z", "origin": [-1, 5, 0]},
			"faces": {
				"north": {"uv": [0, 0, 16, 1], "texture": "#1"},
				"east": {"uv": [0, 0, 0.2, 1], "texture": "#1"},
				"south": {"uv": [0, 0, 16, 1], "texture": "#1"},
				"west": {"uv": [0, 0, 0.2, 1], "texture": "#1"},
				"up": {"uv": [0, 0, 16, 0.2], "texture": "#1"},
				"down": {"uv": [0, 0, 16, 0.2], "texture": "#1"}
			}
		},
		{
			"from": [-7.2, 13, 0.8],
			"to": [18, 14, 1],
			"rotation": {"angle": -45, "axis": "z", "origin": [-1, 5, 0]},
			"faces": {
				"north": {"uv": [0, 0, 16, 1], "texture": "#1"},
				"east": {"uv": [0, 0, 0.2, 1], "texture": "#1"},
				"south": {"uv": [0, 0, 16, 1], "texture": "#1"},
				"west": {"uv": [0, 0, 0.2, 1], "texture": "#1"},
				"up": {"uv": [0, 0, 16, 0.2], "texture": "#1"},
				"down": {"uv": [0, 0, 16, 0.2], "texture": "#1"}
			}
		},
		{
			"from": [-10.2, 16, 0.8],
			"to": [15, 17, 1],
			"rotation": {"angle": -45, "axis": "z", "origin": [-1, 5, 0]},
			"faces": {
				"north": {"uv": [0, 0, 16, 1], "texture": "#1"},
				"east": {"uv": [0, 0, 0.2, 1], "texture": "#1"},
				"south": {"uv": [0, 0, 16, 1], "texture": "#1"},
				"west": {"uv": [0, 0, 0.2, 1], "texture": "#1"},
				"up": {"uv": [0, 0, 16, 0.2], "texture": "#1"},
				"down": {"uv": [0, 0, 16, 0.2], "texture": "#1"}
			}
		},
		{
			"from": [-13.2, 19, 0.8],
			"to": [12, 20, 1],
			"rotation": {"angle": -45, "axis": "z", "origin": [-1, 5, 0]},
			"faces": {
				"north": {"uv": [0, 0, 16, 1], "texture": "#1"},
				"east": {"uv": [0, 0, 0.2, 1], "texture": "#1"},
				"south": {"uv": [0, 0, 16, 1], "texture": "#1"},
				"west": {"uv": [0, 0, 0.2, 1], "texture": "#1"},
				"up": {"uv": [0, 0, 16, 0.2], "texture": "#1"},
				"down": {"uv": [0, 0, 16, 0.2], "texture": "#1"}
			}
		},
		{
			"from": [-15.2, 22, 0.8],
			"to": [9, 23, 1],
			"rotation": {"angle": -45, "axis": "z", "origin": [-1, 5, 0]},
			"faces": {
				"north": {"uv": [0, 0, 16, 1], "texture": "#1"},
				"east": {"uv": [0, 0, 0.2, 1], "texture": "#1"},
				"south": {"uv": [0, 0, 16, 1], "texture": "#1"},
				"west": {"uv": [0, 0, 0.2, 1], "texture": "#1"},
				"up": {"uv": [0, 0, 16, 0.2], "texture": "#1"},
				"down": {"uv": [0, 0, 16, 0.2], "texture": "#1"}
			}
		},
		{
			"from": [-12.5, 25, 0.8],
			"to": [6, 26, 1],
			"rotation": {"angle": -45, "axis": "z", "origin": [-1, 5, 0]},
			"faces": {
				"north": {"uv": [0, 0, 16, 1], "texture": "#1"},
				"east": {"uv": [0, 0, 0.2, 1], "texture": "#1"},
				"south": {"uv": [0, 0, 16, 1], "texture": "#1"},
				"west": {"uv": [0, 0, 0.2, 1], "texture": "#1"},
				"up": {"uv": [0, 0, 16, 0.2], "texture": "#1"},
				"down": {"uv": [0, 0, 16, 0.2], "texture": "#1"}
			}
		},
		{
			"from": [-9.5, 28, 0.8],
			"to": [3, 29, 1],
			"rotation": {"angle": -45, "axis": "z", "origin": [-1, 5, 0]},
			"faces": {
				"north": {"uv": [0, 0, 12.5, 1], "texture": "#1"},
				"east": {"uv": [0, 0, 0.2, 1], "texture": "#1"},
				"south": {"uv": [0, 0, 12.5, 1], "texture": "#1"},
				"west": {"uv": [0, 0, 0.2, 1], "texture": "#1"},
				"up": {"uv": [0, 0, 12.5, 0.2], "texture": "#1"},
				"down": {"uv": [0, 0, 12.5, 0.2], "texture": "#1"}
			}
		},
		{
			"from": [-6.5, 31, 0.8],
			"to": [0, 32, 1],
			"rotation": {"angle": -45, "axis": "z", "origin": [-1, 5, 0]},
			"faces": {
				"north": {"uv": [0, 0, 6.5, 1], "texture": "#1"},
				"east": {"uv": [0, 0, 0.2, 1], "texture": "#1"},
				"south": {"uv": [0, 0, 6.5, 1], "texture": "#1"},
				"west": {"uv": [0, 0, 0.2, 1], "texture": "#1"},
				"up": {"uv": [0, 0, 6.5, 0.2], "texture": "#1"},
				"down": {"uv": [0, 0, 6.5, 0.2], "texture": "#1"}
			}
		},
		{
			"from": [0.2, -16, 0.6],
			"to": [6, -15, 0.8],
			"rotation": {"angle": 45, "axis": "z", "origin": [-1, 5, 0]},
			"faces": {
				"north": {"uv": [0, 0, 5.8, 1], "texture": "#1"},
				"east": {"uv": [0, 0, 0.2, 1], "texture": "#1"},
				"south": {"uv": [0, 0, 5.8, 1], "texture": "#1"},
				"west": {"uv": [0, 0, 0.2, 1], "texture": "#1"},
				"up": {"uv": [0, 0, 5.8, 0.2], "texture": "#1"},
				"down": {"uv": [0, 0, 5.8, 0.2], "texture": "#1"}
			}
		},
		{
			"from": [-2.8, -13, 0.6],
			"to": [9, -12, 0.8],
			"rotation": {"angle": 45, "axis": "z", "origin": [-1, 5, 0]},
			"faces": {
				"north": {"uv": [0, 0, 11.8, 1], "texture": "#1"},
				"east": {"uv": [0, 0, 0.2, 1], "texture": "#1"},
				"south": {"uv": [0, 0, 11.8, 1], "texture": "#1"},
				"west": {"uv": [0, 0, 0.2, 1], "texture": "#1"},
				"up": {"uv": [0, 0, 11.8, 0.2], "texture": "#1"},
				"down": {"uv": [0, 0, 11.8, 0.2], "texture": "#1"}
			}
		},
		{
			"from": [-5.8, -10, 0.6],
			"to": [12, -9, 0.8],
			"rotation": {"angle": 45, "axis": "z", "origin": [-1, 5, 0]},
			"faces": {
				"north": {"uv": [0, 0, 16, 1], "texture": "#1"},
				"east": {"uv": [0, 0, 0.2, 1], "texture": "#1"},
				"south": {"uv": [0, 0, 16, 1], "texture": "#1"},
				"west": {"uv": [0, 0, 0.2, 1], "texture": "#1"},
				"up": {"uv": [0, 0, 16, 0.2], "texture": "#1"},
				"down": {"uv": [0, 0, 16, 0.2], "texture": "#1"}
			}
		},
		{
			"from": [-8.8, -7, 0.6],
			"to": [15, -6, 0.8],
			"rotation": {"angle": 45, "axis": "z", "origin": [-1, 5, 0]},
			"faces": {
				"north": {"uv": [0, 0, 16, 1], "texture": "#1"},
				"east": {"uv": [0, 0, 0.2, 1], "texture": "#1"},
				"south": {"uv": [0, 0, 16, 1], "texture": "#1"},
				"west": {"uv": [0, 0, 0.2, 1], "texture": "#1"},
				"up": {"uv": [0, 0, 16, 0.2], "texture": "#1"},
				"down": {"uv": [0, 0, 16, 0.2], "texture": "#1"}
			}
		},
		{
			"from": [-7.5, -4, 0.6],
			"to": [18, -3, 0.8],
			"rotation": {"angle": 45, "axis": "z", "origin": [-1, 5, 0]},
			"faces": {
				"north": {"uv": [0, 0, 16, 1], "texture": "#1"},
				"east": {"uv": [0, 0, 0.2, 1], "texture": "#1"},
				"south": {"uv": [0, 0, 16, 1], "texture": "#1"},
				"west": {"uv": [0, 0, 0.2, 1], "texture": "#1"},
				"up": {"uv": [0, 0, 16, 0.2], "texture": "#1"},
				"down": {"uv": [0, 0, 16, 0.2], "texture": "#1"}
			}
		},
		{
			"from": [-4.2, -1, 0.6],
			"to": [21, 0, 0.8],
			"rotation": {"angle": 45, "axis": "z", "origin": [-1, 5, 0]},
			"faces": {
				"north": {"uv": [0, 0, 16, 1], "texture": "#1"},
				"east": {"uv": [0, 0, 0.2, 1], "texture": "#1"},
				"south": {"uv": [0, 0, 16, 1], "texture": "#1"},
				"west": {"uv": [0, 0, 0.2, 1], "texture": "#1"},
				"up": {"uv": [0, 0, 16, 0.2], "texture": "#1"},
				"down": {"uv": [0, 0, 16, 0.2], "texture": "#1"}
			}
		},
		{
			"from": [1.5, 5, 0.6],
			"to": [27, 6, 0.8],
			"rotation": {"angle": 45, "axis": "z", "origin": [-1, 5, 0]},
			"faces": {
				"north": {"uv": [0, 0, 16, 1], "texture": "#1"},
				"east": {"uv": [0, 0, 0.2, 1], "texture": "#1"},
				"south": {"uv": [0, 0, 16, 1], "texture": "#1"},
				"west": {"uv": [0, 0, 0.2, 1], "texture": "#1"},
				"up": {"uv": [0, 0, 16, 0.2], "texture": "#1"},
				"down": {"uv": [0, 0, 16, 0.2], "texture": "#1"}
			}
		},
		{
			"from": [-1.5, 2, 0.6],
			"to": [24, 3, 0.8],
			"rotation": {"angle": 45, "axis": "z", "origin": [-1, 5, 0]},
			"faces": {
				"north": {"uv": [0, 0, 16, 1], "texture": "#1"},
				"east": {"uv": [0, 0, 0.2, 1], "texture": "#1"},
				"south": {"uv": [0, 0, 16, 1], "texture": "#1"},
				"west": {"uv": [0, 0, 0.2, 1], "texture": "#1"},
				"up": {"uv": [0, 0, 16, 0.2], "texture": "#1"},
				"down": {"uv": [0, 0, 16, 0.2], "texture": "#1"}
			}
		},
		{
			"from": [4.5, 8, 0.6],
			"to": [27, 9, 0.8],
			"rotation": {"angle": 45, "axis": "z", "origin": [-1, 5, 0]},
			"faces": {
				"north": {"uv": [0, 0, 16, 1], "texture": "#1"},
				"east": {"uv": [0, 0, 0.2, 1], "texture": "#1"},
				"south": {"uv": [0, 0, 16, 1], "texture": "#1"},
				"west": {"uv": [0, 0, 0.2, 1], "texture": "#1"},
				"up": {"uv": [0, 0, 16, 0.2], "texture": "#1"},
				"down": {"uv": [0, 0, 16, 0.2], "texture": "#1"}
			}
		},
		{
			"from": [7.5, 11, 0.6],
			"to": [24, 12, 0.8],
			"rotation": {"angle": 45, "axis": "z", "origin": [-1, 5, 0]},
			"faces": {
				"north": {"uv": [0, 0, 16, 1], "texture": "#1"},
				"east": {"uv": [0, 0, 0.2, 1], "texture": "#1"},
				"south": {"uv": [0, 0, 16, 1], "texture": "#1"},
				"west": {"uv": [0, 0, 0.2, 1], "texture": "#1"},
				"up": {"uv": [0, 0, 16, 0.2], "texture": "#1"},
				"down": {"uv": [0, 0, 16, 0.2], "texture": "#1"}
			}
		},
		{
			"from": [10.5, 14, 0.6],
			"to": [21, 15, 0.8],
			"rotation": {"angle": 45, "axis": "z", "origin": [-1, 5, 0]},
			"faces": {
				"north": {"uv": [0, 0, 10.5, 1], "texture": "#1"},
				"east": {"uv": [0, 0, 0.2, 1], "texture": "#1"},
				"south": {"uv": [0, 0, 10.5, 1], "texture": "#1"},
				"west": {"uv": [0, 0, 0.2, 1], "texture": "#1"},
				"up": {"uv": [0, 0, 10.5, 0.2], "texture": "#1"},
				"down": {"uv": [0, 0, 10.5, 0.2], "texture": "#1"}
			}
		},
		{
			"from": [13.5, 17, 0.6],
			"to": [18, 18, 0.8],
			"rotation": {"angle": 45, "axis": "z", "origin": [-1, 5, 0]},
			"faces": {
				"north": {"uv": [0, 0, 4.5, 1], "texture": "#1"},
				"east": {"uv": [0, 0, 0.2, 1], "texture": "#1"},
				"south": {"uv": [0, 0, 4.5, 1], "texture": "#1"},
				"west": {"uv": [0, 0, 0.2, 1], "texture": "#1"},
				"up": {"uv": [0, 0, 4.5, 0.2], "texture": "#1"},
				"down": {"uv": [0, 0, 4.5, 0.2], "texture": "#1"}
			}
		}
	],
	"display": {
		"thirdperson_righthand": {
			"rotation": [-176.54, -1.87, 179.09],
			"translation": [6, 15, -6.5]
		},
		"thirdperson_lefthand": {
			"rotation": [175.73, 1.07, -179.42],
			"translation": [5.25, 12, -8.5]
		},
		"firstperson_righthand": {
			"translation": [0, -7.75, 0]
		},
		"firstperson_lefthand": {
			"translation": [0, -7.75, 0]
		},
		"head": {
			"translation": [-2.25, -6, 2.5],
			"scale": [2.22352, 2.12, 2]
		}
	}
}