{
	"format_version": "1.21.6",
	"credit": "Made with Blockbench",
	"textures": {
		"0": "item/petit new century",
		"particle": "item/petit new century"
	},
	"elements": [
		{
			"from": [-8, 0, 0],
			"to": [24, 18, 0],
			"rotation": {"angle": 0, "axis": "y", "origin": [8, 0, 0]},
			"faces": {
				"north": {"uv": [0.45528, 2.21138, 15.54472, 15.60976], "texture": "#0"},
				"east": {"uv": [0, 0, 0, 16], "texture": "#0"},
				"south": {"uv": [0.45528, 2.21138, 15.54472, 15.54472], "texture": "#0"},
				"west": {"uv": [0, 0, 0, 16], "texture": "#0"},
				"up": {"uv": [0, 0, 16, 0], "texture": "#0"},
				"down": {"uv": [0, 0, 16, 0], "texture": "#0"}
			}
		}
	],
	"display": {
		"head": {
			"translation": [0, -16.5, 21.5],
			"scale": [1.6, 1.6, 1.6]
		}
	}
}