{
	"credit": "Made with Blockbench",
	"textures": {
		"1": "item/gris",
		"2": "item/Noire",
		"5": "item/gris2",
		"6": "item/vitregrise ",
		"particle": "item/vitregrise "
	},
	"elements": [
		{
			"from": [6, 0.01256, -14.00522],
			"to": [10, 17.51256, -6.00522],
			"rotation": {"angle": 0, "axis": "y", "origin": [0, 0.01256, -6.04695]},
			"faces": {
				"north": {"uv": [16, 0, 12, 16], "texture": "#5"},
				"east": {"uv": [0, 0, 8, 16], "texture": "#5"},
				"south": {"uv": [0, 0, 4, 16], "texture": "#5"},
				"west": {"uv": [8, 7.63636, 16, 16], "texture": "#5"},
				"up": {"uv": [0, 0, 4, 8], "texture": "#5"},
				"down": {"uv": [0, 0, 4, 8], "texture": "#5"}
			}
		},
		{
			"from": [6, 24.69044, -6.9141],
			"to": [10, 24.89044, -0.5141],
			"rotation": {"angle": -22.5, "axis": "x", "origin": [0, 5.89044, 9.5859]},
			"faces": {
				"north": {"uv": [0, 0, 4, 0.2], "texture": "#5"},
				"east": {"uv": [0, 0, 6.4, 0.2], "texture": "#5"},
				"south": {"uv": [0, 0, 4, 0.2], "texture": "#5"},
				"west": {"uv": [0, 0, 6.4, 0.2], "texture": "#5"},
				"up": {"uv": [0, 0, 4, 6.4], "texture": "#5"},
				"down": {"uv": [0, 0, 4, 6.4], "texture": "#5"}
			}
		},
		{
			"from": [6, 18, -6],
			"to": [10, 20, -6],
			"rotation": {"angle": 0, "axis": "x", "origin": [0, 0, 3]},
			"faces": {
				"north": {"uv": [0, 0, 4, 2], "texture": "#5"},
				"east": {"uv": [0, 0, 0, 2], "texture": "#5"},
				"south": {"uv": [0, 0, 4, 2], "texture": "#5"},
				"west": {"uv": [0, 0, 0, 2], "texture": "#5"},
				"up": {"uv": [0, 0, 4, 0], "texture": "#5"},
				"down": {"uv": [0, 0, 4, 0], "texture": "#5"}
			}
		},
		{
			"from": [7.3, 19, -6],
			"to": [8.7, 20, 5],
			"rotation": {"angle": 0, "axis": "y", "origin": [0, 0, 3]},
			"faces": {
				"north": {"uv": [0, 0, 1.4, 1], "texture": "#5"},
				"east": {"uv": [0, 0, 11, 1], "texture": "#5"},
				"south": {"uv": [0, 0, 1.4, 1], "texture": "#5"},
				"west": {"uv": [0, 0, 11, 1], "texture": "#5"},
				"up": {"uv": [0, 0, 1.4, 11], "texture": "#5"},
				"down": {"uv": [0, 0, 1.4, 11], "texture": "#5"}
			}
		},
		{
			"from": [6.3, 17, 5],
			"to": [9.7, 20.3, 6],
			"rotation": {"angle": 0, "axis": "y", "origin": [0, 0, 3]},
			"faces": {
				"north": {"uv": [0, 0, 3.4, 3.3], "texture": "#1"},
				"east": {"uv": [0, 0, 1, 3.3], "texture": "#1"},
				"south": {"uv": [0, 0, 3.4, 3.3], "texture": "#1"},
				"west": {"uv": [0, 0, 1, 3.3], "texture": "#1"},
				"up": {"uv": [0, 0, 3.4, 1], "texture": "#1"},
				"down": {"uv": [0, 0, 3.4, 1], "texture": "#1"}
			}
		},
		{
			"from": [6.3, 17, 6],
			"to": [9.7, 20.3, 8],
			"rotation": {"angle": 0, "axis": "y", "origin": [0, 0, 3]},
			"faces": {
				"north": {"uv": [0, 0, 3.4, 3.3], "texture": "#1"},
				"east": {"uv": [0, 0, 2, 3.3], "texture": "#1"},
				"south": {"uv": [0, 0, 3.4, 3.3], "texture": "#1"},
				"west": {"uv": [0, 0, 2, 3.3], "texture": "#1"},
				"up": {"uv": [0, 0, 3.4, 2], "texture": "#1"},
				"down": {"uv": [0, 0, 3.4, 2], "texture": "#1"}
			}
		},
		{
			"from": [8.7, 18, -6],
			"to": [9.7, 19, 5],
			"rotation": {"angle": 0, "axis": "y", "origin": [0, 0, 3]},
			"faces": {
				"north": {"uv": [0, 0, 1, 1], "texture": "#5"},
				"east": {"uv": [0, 0, 11, 1], "texture": "#5"},
				"south": {"uv": [0, 0, 1, 1], "texture": "#5"},
				"west": {"uv": [0, 0, 11, 1], "texture": "#5"},
				"up": {"uv": [0, 0, 1, 11], "texture": "#5"},
				"down": {"uv": [0, 0, 1, 11], "texture": "#5"}
			}
		},
		{
			"from": [6.3, 18, -6],
			"to": [7.3, 19, 5],
			"rotation": {"angle": 0, "axis": "y", "origin": [0, 0, 3]},
			"faces": {
				"north": {"uv": [0, 0, 1, 1], "texture": "#5"},
				"east": {"uv": [0, 0, 11, 1], "texture": "#5"},
				"south": {"uv": [0, 0, 1, 1], "texture": "#5"},
				"west": {"uv": [0, 0, 11, 1], "texture": "#5"},
				"up": {"uv": [0, 0, 1, 11], "texture": "#5"},
				"down": {"uv": [0, 0, 1, 11], "texture": "#5"}
			}
		},
		{
			"from": [7.3, 17, -6],
			"to": [8.7, 18, 5],
			"rotation": {"angle": 0, "axis": "y", "origin": [0, 0, 3]},
			"faces": {
				"north": {"uv": [0, 0, 1.4, 1], "texture": "#5"},
				"east": {"uv": [0, 0, 11, 1], "texture": "#5"},
				"south": {"uv": [0, 0, 1.4, 1], "texture": "#5"},
				"west": {"uv": [0, 0, 11, 1], "texture": "#5"},
				"up": {"uv": [0, 0, 1.4, 11], "texture": "#5"},
				"down": {"uv": [0, 0, 1.4, 11], "texture": "#5"}
			}
		},
		{
			"from": [9.7, 17, 6],
			"to": [10.7, 20.3, 7],
			"rotation": {"angle": 0, "axis": "y", "origin": [0, 0, 3]},
			"faces": {
				"north": {"uv": [0, 0, 1, 3.3], "texture": "#1"},
				"east": {"uv": [0, 0, 1, 3.3], "texture": "#1"},
				"south": {"uv": [0, 0, 1, 3.3], "texture": "#1"},
				"west": {"uv": [0, 0, 1, 3.3], "texture": "#1"},
				"up": {"uv": [0, 0, 1, 1], "texture": "#1"},
				"down": {"uv": [0, 0, 1, 1], "texture": "#1"}
			}
		},
		{
			"from": [5.3, 17, 6],
			"to": [6.3, 20.3, 7],
			"rotation": {"angle": 0, "axis": "y", "origin": [0, 0, 3]},
			"faces": {
				"north": {"uv": [0, 0, 1, 3.3], "texture": "#1"},
				"east": {"uv": [0, 0, 1, 3.3], "texture": "#1"},
				"south": {"uv": [0, 0, 1, 3.3], "texture": "#1"},
				"west": {"uv": [0, 0, 1, 3.3], "texture": "#1"},
				"up": {"uv": [0, 0, 1, 1], "texture": "#1"},
				"down": {"uv": [0, 0, 1, 1], "texture": "#1"}
			}
		},
		{
			"from": [7.3, 19, 8],
			"to": [8.7, 20, 19],
			"rotation": {"angle": 0, "axis": "y", "origin": [0, 0, 3]},
			"faces": {
				"north": {"uv": [0, 0, 1.4, 1], "texture": "#5"},
				"east": {"uv": [0, 0, 11, 1], "texture": "#5"},
				"south": {"uv": [0, 0, 1.4, 1], "texture": "#5"},
				"west": {"uv": [0, 0, 11, 1], "texture": "#5"},
				"up": {"uv": [0, 0, 1.4, 11], "texture": "#5"},
				"down": {"uv": [0, 0, 1.4, 11], "texture": "#5"}
			}
		},
		{
			"from": [8.7, 18, 8],
			"to": [9.7, 19, 19],
			"rotation": {"angle": 0, "axis": "y", "origin": [0, 0, 3]},
			"faces": {
				"north": {"uv": [0, 0, 1, 1], "texture": "#5"},
				"east": {"uv": [0, 0, 11, 1], "texture": "#5"},
				"south": {"uv": [0, 0, 1, 1], "texture": "#5"},
				"west": {"uv": [0, 0, 11, 1], "texture": "#5"},
				"up": {"uv": [0, 0, 1, 11], "texture": "#5"},
				"down": {"uv": [0, 0, 1, 11], "texture": "#5"}
			}
		},
		{
			"from": [6.3, 18, 8],
			"to": [7.3, 19, 19],
			"rotation": {"angle": 0, "axis": "y", "origin": [0, 0, 3]},
			"faces": {
				"north": {"uv": [0, 0, 1, 1], "texture": "#5"},
				"east": {"uv": [0, 0, 11, 1], "texture": "#5"},
				"south": {"uv": [0, 0, 1, 1], "texture": "#5"},
				"west": {"uv": [0, 0, 11, 1], "texture": "#5"},
				"up": {"uv": [0, 0, 1, 11], "texture": "#5"},
				"down": {"uv": [0, 0, 1, 11], "texture": "#5"}
			}
		},
		{
			"from": [7.3, 17, 8],
			"to": [8.7, 18, 19],
			"rotation": {"angle": 0, "axis": "y", "origin": [0, 0, 3]},
			"faces": {
				"north": {"uv": [0, 0, 1.4, 1], "texture": "#5"},
				"east": {"uv": [0, 0, 11, 1], "texture": "#5"},
				"south": {"uv": [0, 0, 1.4, 1], "texture": "#5"},
				"west": {"uv": [0, 0, 11, 1], "texture": "#5"},
				"up": {"uv": [0, 0, 1.4, 11], "texture": "#5"},
				"down": {"uv": [0, 0, 1.4, 11], "texture": "#5"}
			}
		},
		{
			"from": [6.3, 0, 19],
			"to": [9.7, 20, 21],
			"rotation": {"angle": 0, "axis": "y", "origin": [0, 0, 3]},
			"faces": {
				"north": {"uv": [0, 0, 3.4, 16], "texture": "#5"},
				"east": {"uv": [0, 0, 2, 16], "texture": "#5"},
				"south": {"uv": [0, 0, 3.4, 16], "texture": "#5"},
				"west": {"uv": [0, 0, 2, 16], "texture": "#5"},
				"up": {"uv": [0, 0, 3.4, 2], "texture": "#5"},
				"down": {"uv": [0, 0, 3.4, 2], "texture": "#5"}
			}
		},
		{
			"from": [7.1, 0, 21],
			"to": [8, 20, 21.8],
			"rotation": {"angle": 0, "axis": "y", "origin": [7, 20, 21]},
			"faces": {
				"north": {"uv": [0, 0, 0.9, 16], "texture": "#5"},
				"east": {"uv": [0, 0, 0.8, 16], "texture": "#5"},
				"south": {"uv": [0, 0, 0.9, 16], "texture": "#5"},
				"west": {"uv": [0, 0, 0.8, 16], "texture": "#5"},
				"up": {"uv": [0, 0, 0.9, 0.8], "texture": "#5"},
				"down": {"uv": [0, 0, 0.9, 0.8], "texture": "#5"}
			}
		},
		{
			"from": [6.3, 0, -6],
			"to": [9.7, 5, 19],
			"rotation": {"angle": 0, "axis": "y", "origin": [0, 0, 3]},
			"faces": {
				"north": {"uv": [0, 0, 3.4, 5], "texture": "#5"},
				"east": {"uv": [0, 9.45455, 16, 14.45455], "texture": "#5"},
				"south": {"uv": [0, 0, 3.4, 5], "texture": "#5"},
				"west": {"uv": [0, 11, 16, 16], "texture": "#5"},
				"up": {"uv": [0, 0, 3.4, 16], "texture": "#5"},
				"down": {"uv": [0, 0, 3.4, 16], "texture": "#5"}
			}
		},
		{
			"from": [8.02391, -2.16188, -6],
			"to": [10.42391, -1.16188, 19],
			"rotation": {"angle": 45, "axis": "z", "origin": [-0.27609, -0.16188, 3]},
			"faces": {
				"north": {"uv": [0, 0, 2.4, 1], "texture": "#5"},
				"east": {"uv": [0, 0, 16, 1], "texture": "#5"},
				"south": {"uv": [0, 0, 2.4, 1], "texture": "#5"},
				"west": {"uv": [0, 0, 16, 1], "texture": "#5"},
				"up": {"uv": [0, 0, 2.4, 16], "texture": "#5"},
				"down": {"uv": [0, 0, 2.4, 16], "texture": "#5"}
			}
		},
		{
			"from": [2.19132, 11.66655, -6],
			"to": [4.59132, 12.66655, 19],
			"rotation": {"angle": -45, "axis": "z", "origin": [-2.10868, 2.66655, 3]},
			"faces": {
				"north": {"uv": [0, 0, 2.4, 1], "texture": "#5"},
				"east": {"uv": [0, 0, 16, 1], "texture": "#5"},
				"south": {"uv": [0, 0, 2.4, 1], "texture": "#5"},
				"west": {"uv": [0, 0, 16, 1], "texture": "#5"},
				"up": {"uv": [0, 0, 2.4, 16], "texture": "#5"},
				"down": {"uv": [0, 0, 2.4, 16], "texture": "#5"}
			}
		},
		{
			"from": [6, 17, -10.4],
			"to": [10, 18.5, -6],
			"rotation": {"angle": 0, "axis": "y", "origin": [0, 0, 3]},
			"faces": {
				"north": {"uv": [0, 0, 4, 1.5], "texture": "#5"},
				"east": {"uv": [0, 0, 4.4, 1.5], "texture": "#5"},
				"south": {"uv": [0, 0, 4, 1.5], "texture": "#5"},
				"west": {"uv": [0, 0, 4.4, 1.5], "texture": "#5"},
				"up": {"uv": [0, 0, 4, 4.4], "texture": "#5"},
				"down": {"uv": [0, 0, 4, 4.4], "texture": "#5"}
			}
		},
		{
			"from": [6, 18, -7.7],
			"to": [10, 19.5, -6],
			"rotation": {"angle": 0, "axis": "y", "origin": [0, 0, 3]},
			"faces": {
				"north": {"uv": [0, 0, 4, 1.5], "texture": "#5"},
				"east": {"uv": [0, 0, 1.7, 1.5], "texture": "#5"},
				"south": {"uv": [0, 0, 4, 1.5], "texture": "#5"},
				"west": {"uv": [0, 0, 1.7, 1.5], "texture": "#5"},
				"up": {"uv": [0, 0, 4, 1.7], "texture": "#5"},
				"down": {"uv": [0, 0, 4, 1.7], "texture": "#5"}
			}
		},
		{
			"from": [6, 23.93423, -7.88303],
			"to": [10, 25.33423, -1.38303],
			"rotation": {"angle": -22.5, "axis": "x", "origin": [0, 6.03423, 8.71697]},
			"faces": {
				"north": {"uv": [0, 0, 4, 1.4], "texture": "#5"},
				"east": {"uv": [0, 0, 6.5, 1.4], "texture": "#5"},
				"south": {"uv": [0, 0, 4, 1.4], "texture": "#5"},
				"west": {"uv": [0, 0, 6.5, 1.4], "texture": "#5"},
				"up": {"uv": [4.36364, 2.90909, 7.63636, 6.5], "texture": "#5"},
				"down": {"uv": [0, 0, 4, 6.5], "texture": "#5"}
			}
		},
		{
			"from": [6, 18.7, -6.4],
			"to": [10, 19.6, -6],
			"rotation": {"angle": 0, "axis": "y", "origin": [0, 0, 3]},
			"faces": {
				"north": {"uv": [0, 0, 4, 0.9], "texture": "#5"},
				"east": {"uv": [0, 0, 0.4, 0.9], "texture": "#5"},
				"south": {"uv": [0, 0, 4, 0.9], "texture": "#5"},
				"west": {"uv": [0, 0, 0.4, 0.9], "texture": "#5"},
				"up": {"uv": [0, 0, 4, 0.4], "texture": "#5"},
				"down": {"uv": [0, 0, 4, 0.4], "texture": "#5"}
			}
		},
		{
			"from": [12.54106, 10.91264, -6],
			"to": [13.54106, 12.31264, 5],
			"rotation": {"angle": 45, "axis": "z", "origin": [1.84106, 10.31264, 3]},
			"faces": {
				"north": {"uv": [0, 0, 1, 1.4], "texture": "#5"},
				"east": {"uv": [0, 0, 11, 1.4], "texture": "#5"},
				"south": {"uv": [0, 0, 1, 1.4], "texture": "#5"},
				"west": {"uv": [0, 0, 11, 1.4], "texture": "#5"},
				"up": {"uv": [0, 0, 1, 11], "texture": "#5"},
				"down": {"uv": [0, 0, 1, 11], "texture": "#5"}
			}
		},
		{
			"from": [1.83396, 20.02391, -6],
			"to": [2.83396, 21.42391, 5],
			"rotation": {"angle": -45, "axis": "z", "origin": [2.13396, 11.42391, 3]},
			"faces": {
				"north": {"uv": [0, 0, 1, 1.4], "texture": "#5"},
				"east": {"uv": [0, 0, 11, 1.4], "texture": "#5"},
				"south": {"uv": [0, 0, 1, 1.4], "texture": "#5"},
				"west": {"uv": [0, 0, 11, 1.4], "texture": "#5"},
				"up": {"uv": [0, 0, 1, 11], "texture": "#5"},
				"down": {"uv": [0, 0, 1, 11], "texture": "#5"}
			}
		},
		{
			"from": [9.9636, 14.55528, -6],
			"to": [10.9636, 15.95528, 5],
			"rotation": {"angle": 45, "axis": "z", "origin": [5.6636, 12.55528, 3]},
			"faces": {
				"north": {"uv": [0, 0, 1, 1.4], "rotation": 180, "texture": "#5"},
				"east": {"uv": [0, 0, 11, 1.4], "rotation": 180, "texture": "#5"},
				"south": {"uv": [0, 0, 1, 1.4], "rotation": 180, "texture": "#5"},
				"west": {"uv": [0, 0, 11, 1.4], "rotation": 180, "texture": "#5"},
				"up": {"uv": [0, 0, 1, 11], "rotation": 180, "texture": "#5"},
				"down": {"uv": [0, 0, 1, 11], "rotation": 180, "texture": "#5"}
			}
		},
		{
			"from": [9.06188, 21.96655, -6],
			"to": [10.46188, 22.96655, 5],
			"rotation": {"angle": 45, "axis": "z", "origin": [12.46188, 17.66655, 3]},
			"faces": {
				"north": {"uv": [0, 0, 1, 1.4], "rotation": 270, "texture": "#5"},
				"east": {"uv": [0, 0, 1, 11], "rotation": 90, "texture": "#5"},
				"south": {"uv": [0, 0, 1, 1.4], "rotation": 90, "texture": "#5"},
				"west": {"uv": [0, 0, 1, 11], "rotation": 90, "texture": "#5"},
				"up": {"uv": [0, 0, 11, 1.4], "rotation": 90, "texture": "#5"},
				"down": {"uv": [0, 0, 11, 1.4], "rotation": 90, "texture": "#5"}
			}
		},
		{
			"from": [1.83396, 20.02391, 8],
			"to": [2.83396, 21.42391, 19],
			"rotation": {"angle": -45, "axis": "z", "origin": [2.13396, 11.42391, 17]},
			"faces": {
				"north": {"uv": [0, 0, 1, 1.4], "texture": "#5"},
				"east": {"uv": [0, 0, 11, 1.4], "texture": "#5"},
				"south": {"uv": [0, 0, 1, 1.4], "texture": "#5"},
				"west": {"uv": [0, 0, 11, 1.4], "texture": "#5"},
				"up": {"uv": [0, 0, 1, 11], "texture": "#5"},
				"down": {"uv": [0, 0, 1, 11], "texture": "#5"}
			}
		},
		{
			"from": [12.54106, 10.91264, 8],
			"to": [13.54106, 12.31264, 19],
			"rotation": {"angle": 45, "axis": "z", "origin": [1.84106, 10.31264, 17]},
			"faces": {
				"north": {"uv": [0, 0, 1, 1.4], "texture": "#5"},
				"east": {"uv": [0, 0, 11, 1.4], "texture": "#5"},
				"south": {"uv": [0, 0, 1, 1.4], "texture": "#5"},
				"west": {"uv": [0, 0, 11, 1.4], "texture": "#5"},
				"up": {"uv": [0, 0, 1, 11], "texture": "#5"},
				"down": {"uv": [0, 0, 1, 11], "texture": "#5"}
			}
		},
		{
			"from": [9.06188, 21.96655, 8],
			"to": [10.46188, 22.96655, 19],
			"rotation": {"angle": 45, "axis": "z", "origin": [12.46188, 17.66655, 17]},
			"faces": {
				"north": {"uv": [0, 0, 1, 1.4], "rotation": 270, "texture": "#5"},
				"east": {"uv": [0, 0, 1, 11], "rotation": 90, "texture": "#5"},
				"south": {"uv": [0, 0, 1, 1.4], "rotation": 90, "texture": "#5"},
				"west": {"uv": [0, 0, 1, 11], "rotation": 90, "texture": "#5"},
				"up": {"uv": [0, 0, 11, 1.4], "rotation": 90, "texture": "#5"},
				"down": {"uv": [0, 0, 11, 1.4], "rotation": 90, "texture": "#5"}
			}
		},
		{
			"from": [9.9636, 14.55528, 8],
			"to": [10.9636, 15.95528, 19],
			"rotation": {"angle": 45, "axis": "z", "origin": [5.6636, 12.55528, 17]},
			"faces": {
				"north": {"uv": [0, 0, 1, 1.4], "rotation": 180, "texture": "#5"},
				"east": {"uv": [0, 0, 11, 1.4], "rotation": 180, "texture": "#5"},
				"south": {"uv": [0, 0, 1, 1.4], "rotation": 180, "texture": "#5"},
				"west": {"uv": [0, 0, 11, 1.4], "rotation": 180, "texture": "#5"},
				"up": {"uv": [0, 0, 1, 11], "rotation": 180, "texture": "#5"},
				"down": {"uv": [0, 0, 1, 11], "rotation": 180, "texture": "#5"}
			}
		},
		{
			"from": [4.9234, 17, 4.09081],
			"to": [5.6234, 20.3, 5.49081],
			"rotation": {"angle": 45, "axis": "y", "origin": [8.6234, 19, 5.09081]},
			"faces": {
				"north": {"uv": [0, 0, 0.7, 3.3], "texture": "#1"},
				"east": {"uv": [0, 0, 1.4, 3.3], "texture": "#1"},
				"south": {"uv": [0, 0, 0.7, 3.3], "texture": "#1"},
				"west": {"uv": [0, 0, 1.4, 3.3], "texture": "#1"},
				"up": {"uv": [0, 0, 0.7, 1.4], "texture": "#1"},
				"down": {"uv": [0, 0, 0.7, 1.4], "texture": "#1"}
			}
		},
		{
			"from": [4.49914, 17, 7.33345],
			"to": [5.19914, 20.3, 8.73345],
			"rotation": {"angle": -45, "axis": "y", "origin": [8.19914, 19, 8.33345]},
			"faces": {
				"north": {"uv": [0, 0, 0.7, 3.3], "texture": "#1"},
				"east": {"uv": [0, 0, 1.4, 3.3], "texture": "#1"},
				"south": {"uv": [0, 0, 0.7, 3.3], "texture": "#1"},
				"west": {"uv": [0, 0, 1.4, 3.3], "texture": "#1"},
				"up": {"uv": [0, 0, 0.7, 1.4], "texture": "#1"},
				"down": {"uv": [0, 0, 0.7, 1.4], "texture": "#1"}
			}
		},
		{
			"from": [6.80086, 17, 7.66655],
			"to": [8.20086, 20.3, 8.36655],
			"rotation": {"angle": 45, "axis": "y", "origin": [7.80086, 19, 4.66655]},
			"faces": {
				"north": {"uv": [0, 0, 1.4, 3.3], "texture": "#1"},
				"east": {"uv": [0, 0, 0.7, 3.3], "texture": "#1"},
				"south": {"uv": [0, 0, 1.4, 3.3], "texture": "#1"},
				"west": {"uv": [0, 0, 0.7, 3.3], "texture": "#1"},
				"up": {"uv": [0, 0, 0.7, 1.4], "rotation": 270, "texture": "#1"},
				"down": {"uv": [0, 0, 0.7, 1.4], "rotation": 90, "texture": "#1"}
			}
		},
		{
			"from": [6.9766, 17, 4.20919],
			"to": [8.3766, 20.3, 4.90919],
			"rotation": {"angle": -45, "axis": "y", "origin": [7.3766, 19, 7.90919]},
			"faces": {
				"north": {"uv": [0, 0, 1.4, 3.3], "texture": "#1"},
				"east": {"uv": [0, 0, 0.7, 3.3], "texture": "#1"},
				"south": {"uv": [0, 0, 1.4, 3.3], "texture": "#1"},
				"west": {"uv": [0, 0, 0.7, 3.3], "texture": "#1"},
				"up": {"uv": [0, 0, 0.7, 1.4], "rotation": 90, "texture": "#1"},
				"down": {"uv": [0, 0, 0.7, 1.4], "rotation": 270, "texture": "#1"}
			}
		},
		{
			"from": [6, 18, -8],
			"to": [10, 20, -6],
			"rotation": {"angle": 0, "axis": "y", "origin": [0, 0, 3]},
			"faces": {
				"north": {"uv": [0, 0, 4, 2], "texture": "#5"},
				"east": {"uv": [0, 0, 2, 2], "texture": "#5"},
				"south": {"uv": [0, 0, 4, 2], "texture": "#5"},
				"west": {"uv": [0, 0, 2, 2], "texture": "#5"},
				"up": {"uv": [0, 0, 4, 2], "texture": "#5"},
				"down": {"uv": [0, 0, 4, 2], "texture": "#5"}
			}
		},
		{
			"from": [6.2, 20.3, 4.8],
			"to": [9.8, 20.4, 8.2],
			"rotation": {"angle": 0, "axis": "y", "origin": [0, 0, 3]},
			"faces": {
				"north": {"uv": [0, 0, 3.6, 0.1], "texture": "#2"},
				"east": {"uv": [0, 0, 3.4, 0.1], "texture": "#2"},
				"south": {"uv": [0, 0, 3.6, 0.1], "texture": "#2"},
				"west": {"uv": [0, 0, 3.4, 0.1], "texture": "#2"},
				"up": {"uv": [0, 0, 3.6, 3.4], "texture": "#2"},
				"down": {"uv": [0, 0, 3.6, 3.4], "texture": "#2"}
			}
		},
		{
			"from": [4.29914, 20.3, 7.23345],
			"to": [5.19914, 20.4, 8.83345],
			"rotation": {"angle": -45, "axis": "y", "origin": [8.19914, 19, 8.33345]},
			"faces": {
				"north": {"uv": [0, 0, 0.9, 0.1], "texture": "#2"},
				"east": {"uv": [0, 0, 1.6, 0.1], "texture": "#2"},
				"south": {"uv": [0, 0, 0.9, 0.1], "texture": "#2"},
				"west": {"uv": [0, 0, 1.6, 0.1], "texture": "#2"},
				"up": {"uv": [0, 0, 0.9, 1.6], "texture": "#2"},
				"down": {"uv": [0, 0, 0.9, 1.6], "texture": "#2"}
			}
		},
		{
			"from": [5.1, 20.3, 5.9],
			"to": [6.3, 20.4, 7.1],
			"rotation": {"angle": 0, "axis": "y", "origin": [0, 0, 3]},
			"faces": {
				"north": {"uv": [0, 0, 1.2, 0.1], "texture": "#2"},
				"east": {"uv": [0, 0, 1.2, 0.1], "texture": "#2"},
				"south": {"uv": [0, 0, 1.2, 0.1], "texture": "#2"},
				"west": {"uv": [0, 0, 1.2, 0.1], "texture": "#2"},
				"up": {"uv": [0, 0, 1.2, 1.2], "texture": "#2"},
				"down": {"uv": [0, 0, 1.2, 1.2], "texture": "#2"}
			}
		},
		{
			"from": [4.7234, 20.3, 3.99081],
			"to": [5.6234, 20.4, 5.59081],
			"rotation": {"angle": 45, "axis": "y", "origin": [8.6234, 19, 5.09081]},
			"faces": {
				"north": {"uv": [0, 0, 0.9, 0.1], "texture": "#2"},
				"east": {"uv": [0, 0, 1.6, 0.1], "texture": "#2"},
				"south": {"uv": [0, 0, 0.9, 0.1], "texture": "#2"},
				"west": {"uv": [0, 0, 1.6, 0.1], "texture": "#2"},
				"up": {"uv": [0, 0, 0.9, 1.6], "texture": "#2"},
				"down": {"uv": [0, 0, 0.9, 1.6], "texture": "#2"}
			}
		},
		{
			"from": [6.70086, 20.3, 7.66655],
			"to": [8.30086, 20.4, 8.56655],
			"rotation": {"angle": 45, "axis": "y", "origin": [7.80086, 19, 4.66655]},
			"faces": {
				"north": {"uv": [0, 0, 1.6, 0.1], "texture": "#2"},
				"east": {"uv": [0, 0, 0.9, 0.1], "texture": "#2"},
				"south": {"uv": [0, 0, 1.6, 0.1], "texture": "#2"},
				"west": {"uv": [0, 0, 0.9, 0.1], "texture": "#2"},
				"up": {"uv": [0, 0, 0.9, 1.6], "rotation": 270, "texture": "#2"},
				"down": {"uv": [0, 0, 0.9, 1.6], "rotation": 90, "texture": "#2"}
			}
		},
		{
			"from": [6.8766, 20.3, 4.00919],
			"to": [8.4766, 20.4, 4.90919],
			"rotation": {"angle": -45, "axis": "y", "origin": [7.3766, 19, 7.90919]},
			"faces": {
				"north": {"uv": [0, 0, 1.6, 0.1], "texture": "#2"},
				"east": {"uv": [0, 0, 0.9, 0.1], "texture": "#2"},
				"south": {"uv": [0, 0, 1.6, 0.1], "texture": "#2"},
				"west": {"uv": [0, 0, 0.9, 0.1], "texture": "#2"},
				"up": {"uv": [0, 0, 0.9, 1.6], "rotation": 90, "texture": "#2"},
				"down": {"uv": [0, 0, 0.9, 1.6], "rotation": 270, "texture": "#2"}
			}
		},
		{
			"from": [9.7, 20.3, 5.9],
			"to": [10.9, 20.4, 7.1],
			"rotation": {"angle": 0, "axis": "y", "origin": [0, 0, 3]},
			"faces": {
				"north": {"uv": [0, 0, 1.2, 0.1], "texture": "#2"},
				"east": {"uv": [0, 0, 1.2, 0.1], "texture": "#2"},
				"south": {"uv": [0, 0, 1.2, 0.1], "texture": "#2"},
				"west": {"uv": [0, 0, 1.2, 0.1], "texture": "#2"},
				"up": {"uv": [0, 0, 1.2, 1.2], "texture": "#2"},
				"down": {"uv": [0, 0, 1.2, 1.2], "texture": "#2"}
			}
		},
		{
			"from": [8, 0, 21],
			"to": [8.9, 20, 21.8],
			"rotation": {"angle": 0, "axis": "y", "origin": [7, 20, 21]},
			"faces": {
				"north": {"uv": [0, 0, 0.9, 16], "texture": "#5"},
				"east": {"uv": [0, 0, 0.8, 16], "texture": "#5"},
				"south": {"uv": [0, 0, 0.9, 16], "texture": "#5"},
				"west": {"uv": [0, 0, 0.8, 16], "texture": "#5"},
				"up": {"uv": [0, 0, 0.9, 0.8], "texture": "#5"},
				"down": {"uv": [0, 0, 0.9, 0.8], "texture": "#5"}
			}
		},
		{
			"from": [6.85858, 0, 20.52721],
			"to": [7.95858, 20, 21.32721],
			"rotation": {"angle": -45, "axis": "y", "origin": [6.95858, 20, 20.52721]},
			"faces": {
				"north": {"uv": [0, 0, 1.1, 16], "texture": "#5"},
				"east": {"uv": [0, 0, 0.8, 16], "texture": "#5"},
				"south": {"uv": [0, 0, 1.1, 16], "texture": "#5"},
				"west": {"uv": [0, 0, 0.8, 16], "texture": "#5"},
				"up": {"uv": [0, 0, 1.1, 0.8], "texture": "#5"},
				"down": {"uv": [0, 0, 1.1, 0.8], "texture": "#5"}
			}
		},
		{
			"from": [9.9201, 0, 20.23431],
			"to": [11.0201, 20, 21.03431],
			"rotation": {"angle": 45, "axis": "y", "origin": [10.33431, 20, 22.64853]},
			"faces": {
				"north": {"uv": [0, 0, 1.1, 16], "texture": "#5"},
				"east": {"uv": [0, 0, 0.8, 16], "texture": "#5"},
				"south": {"uv": [0, 0, 1.1, 16], "texture": "#5"},
				"west": {"uv": [0, 0, 0.8, 16], "texture": "#5"},
				"up": {"uv": [0, 0, 1.1, 0.8], "texture": "#5"},
				"down": {"uv": [0, 0, 1.1, 0.8], "texture": "#5"}
			}
		},
		{
			"from": [8, 6.7, -6],
			"to": [8, 17, 19],
			"faces": {
				"north": {"uv": [0, 0, 0, 10.3], "texture": "#missing"},
				"east": {"uv": [0, 0, 16, 10.3], "texture": "#6"},
				"south": {"uv": [0, 0, 0, 10.3], "texture": "#missing"},
				"west": {"uv": [0, 0, 16, 10.3], "texture": "#6"},
				"up": {"uv": [0, 0, 0, 16], "texture": "#missing"},
				"down": {"uv": [0, 0, 0, 16], "texture": "#missing"}
			}
		}
	],
	"display": {
		"thirdperson_righthand": {
			"scale": [0.2, 0.2, 0.2]
		},
		"thirdperson_lefthand": {
			"scale": [0.2, 0.2, 0.2]
		},
		"firstperson_righthand": {
			"scale": [0.2, 0.2, 0.2]
		},
		"firstperson_lefthand": {
			"scale": [0.2, 0.2, 0.2]
		},
		"head": {
			"translation": [0, -33.25, 20.75],
			"scale": [1.5, 1.5, 1.5]
		}
	}
}