{
	"credit": "Made with Blockbench",
	"textures": {
		"0": "item/gris2",
		"1": "item/portique2",
		"2": "item/portique1",
		"particle": "item/gris2"
	},
	"elements": [
		{
			"from": [6.2, 15.4, 6.5],
			"to": [6.7, 17, 6.5],
			"rotation": {"angle": 0, "axis": "y", "origin": [4.8, 15, 4.9]},
			"faces": {
				"north": {"uv": [0, 0, 0.5, 1.6], "texture": "#0"},
				"east": {"uv": [0, 0, 0, 1.6], "texture": "#0"},
				"south": {"uv": [0, 0, 0.5, 1.6], "texture": "#0"},
				"west": {"uv": [0, 0, 0, 1.6], "texture": "#0"},
				"up": {"uv": [0, 0, 0.5, 0], "texture": "#0"},
				"down": {"uv": [0, 0, 0.5, 0], "texture": "#0"}
			}
		},
		{
			"from": [6.2, 5, 6.5],
			"to": [6.7, 6.6, 6.5],
			"rotation": {"angle": 0, "axis": "y", "origin": [4.8, 4, 4.9]},
			"faces": {
				"north": {"uv": [0, 0, 0.5, 1.6], "texture": "#0"},
				"east": {"uv": [0, 0, 0, 1.6], "texture": "#0"},
				"south": {"uv": [0, 0, 0.5, 1.6], "texture": "#0"},
				"west": {"uv": [0, 0, 0, 1.6], "texture": "#0"},
				"up": {"uv": [0, 0, 0.5, 0], "texture": "#0"},
				"down": {"uv": [0, 0, 0.5, 0], "texture": "#0"}
			}
		},
		{
			"from": [5.3, 5.6, 6.5],
			"to": [6.3, 6.6, 6.5],
			"rotation": {"angle": 0, "axis": "y", "origin": [4.4, 4.6, 4.9]},
			"faces": {
				"north": {"uv": [0, 0, 1, 1], "texture": "#0"},
				"east": {"uv": [0, 0, 0, 1], "texture": "#0"},
				"south": {"uv": [0, 0, 1, 1], "texture": "#0"},
				"west": {"uv": [0, 0, 0, 1], "texture": "#0"},
				"up": {"uv": [0, 0, 1, 0], "texture": "#0"},
				"down": {"uv": [0, 0, 1, 0], "texture": "#0"}
			}
		},
		{
			"from": [5.2, 15.4, 6.5],
			"to": [6.2, 16.4, 6.5],
			"rotation": {"angle": 0, "axis": "y", "origin": [4.3, 14.4, 4.9]},
			"faces": {
				"north": {"uv": [0, 0, 1, 1], "texture": "#0"},
				"east": {"uv": [0, 0, 0, 1], "texture": "#0"},
				"south": {"uv": [0, 0, 1, 1], "texture": "#0"},
				"west": {"uv": [0, 0, 0, 1], "texture": "#0"},
				"up": {"uv": [0, 0, 1, 0], "texture": "#0"},
				"down": {"uv": [0, 0, 1, 0], "texture": "#0"}
			}
		},
		{
			"from": [-4.6, 15.4, 6.5],
			"to": [5.2, 16.4, 6.5],
			"rotation": {"angle": 0, "axis": "y", "origin": [4.7, 13.4, 5.8]},
			"faces": {
				"north": {"uv": [6, 12, 15.7, 13], "texture": "#2"},
				"east": {"uv": [0, 0, 0, 1], "texture": "#1"},
				"south": {"uv": [0, 0, 9.7, 1], "texture": "#2"},
				"west": {"uv": [0, 0, 0, 1], "texture": "#1"},
				"up": {"uv": [0, 0, 9.7, 0], "texture": "#1"},
				"down": {"uv": [0, 0, 9.7, 0], "texture": "#1"}
			}
		},
		{
			"from": [1.3, 15.1, 6.5],
			"to": [2.5, 15.7, 6.5],
			"rotation": {"angle": -45, "axis": "z", "origin": [4.7, 12.7, 5.8]},
			"faces": {
				"north": {"uv": [0, 0, 1.2, 0.6], "texture": "#1"},
				"east": {"uv": [0, 0, 0, 0.6], "texture": "#1"},
				"south": {"uv": [0, 0, 1.2, 0.6], "texture": "#1"},
				"west": {"uv": [0, 0, 0, 0.6], "texture": "#1"},
				"up": {"uv": [0, 0, 1.2, 0], "texture": "#1"},
				"down": {"uv": [0, 0, 1.2, 0], "texture": "#1"}
			}
		},
		{
			"from": [-4.6, 16.4, 6.5],
			"to": [4.4, 17.2, 6.5],
			"rotation": {"angle": 0, "axis": "y", "origin": [4.7, 13.4, 5.8]},
			"faces": {
				"north": {"uv": [0, 0, 9, 0.8], "texture": "#1"},
				"east": {"uv": [0, 0, 0, 0.8], "texture": "#1"},
				"south": {"uv": [0, 0, 9, 0.8], "texture": "#1"},
				"west": {"uv": [0, 0, 0, 0.8], "texture": "#1"},
				"up": {"uv": [0, 0, 9, 0], "texture": "#1"},
				"down": {"uv": [0, 0, 9, 0], "texture": "#1"}
			}
		},
		{
			"from": [-4.5, 17.2, 6.5],
			"to": [4.4, 18.2, 6.5],
			"rotation": {"angle": 0, "axis": "y", "origin": [4.7, 14.2, 5.8]},
			"faces": {
				"north": {"uv": [0, 0, 8.9, 1], "texture": "#1"},
				"east": {"uv": [0, 0, 0, 1], "texture": "#1"},
				"south": {"uv": [0, 0, 8.9, 1], "texture": "#1"},
				"west": {"uv": [0, 0, 0, 1], "texture": "#1"},
				"up": {"uv": [0, 0, 8.9, 0], "texture": "#1"},
				"down": {"uv": [0, 0, 8.9, 0], "texture": "#1"}
			}
		},
		{
			"from": [-4.5, 18.2, 6.5],
			"to": [4.4, 19.2, 6.5],
			"rotation": {"angle": 0, "axis": "y", "origin": [4.7, 15.2, 5.8]},
			"faces": {
				"north": {"uv": [0, 0, 8.9, 1], "texture": "#1"},
				"east": {"uv": [0, 0, 0, 1], "texture": "#1"},
				"south": {"uv": [0, 0, 8.9, 1], "texture": "#1"},
				"west": {"uv": [0, 0, 0, 1], "texture": "#1"},
				"up": {"uv": [0, 0, 8.9, 0], "texture": "#1"},
				"down": {"uv": [0, 0, 8.9, 0], "texture": "#1"}
			}
		},
		{
			"from": [-4.4, 19.2, 6.5],
			"to": [4.4, 20.2, 6.5],
			"rotation": {"angle": 0, "axis": "y", "origin": [4.7, 16.2, 5.8]},
			"faces": {
				"north": {"uv": [0, 0, 8.8, 1], "texture": "#1"},
				"east": {"uv": [0, 0, 0, 1], "texture": "#1"},
				"south": {"uv": [0, 0, 8.8, 1], "texture": "#1"},
				"west": {"uv": [0, 0, 0, 1], "texture": "#1"},
				"up": {"uv": [0, 0, 8.8, 0], "texture": "#1"},
				"down": {"uv": [0, 0, 8.8, 0], "texture": "#1"}
			}
		},
		{
			"from": [-4.4, 20.2, 6.5],
			"to": [4.4, 21.2, 6.5],
			"rotation": {"angle": 0, "axis": "y", "origin": [4.7, 17.2, 5.8]},
			"faces": {
				"north": {"uv": [0, 0, 8.8, 1], "texture": "#1"},
				"east": {"uv": [0, 0, 0, 1], "texture": "#1"},
				"south": {"uv": [0, 0, 8.8, 1], "texture": "#1"},
				"west": {"uv": [0, 0, 0, 1], "texture": "#1"},
				"up": {"uv": [0, 0, 8.8, 0], "texture": "#1"},
				"down": {"uv": [0, 0, 8.8, 0], "texture": "#1"}
			}
		},
		{
			"from": [-3.4, 5.6, 6.5],
			"to": [5.3, 5.9, 6.5],
			"rotation": {"angle": 0, "axis": "y", "origin": [4.7, 13.4, 5.8]},
			"faces": {
				"north": {"uv": [0, 0, 8.7, 0.3], "texture": "#1"},
				"east": {"uv": [0, 0, 0, 0.3], "texture": "#1"},
				"south": {"uv": [0, 0, 8.7, 0.3], "texture": "#1"},
				"west": {"uv": [0, 0, 0, 0.3], "texture": "#1"},
				"up": {"uv": [0, 0, 8.7, 0], "texture": "#1"},
				"down": {"uv": [0, 0, 8.7, 0], "texture": "#1"}
			}
		},
		{
			"from": [-4.6, 14.4, 6.5],
			"to": [5.2, 15.4, 6.5],
			"rotation": {"angle": 0, "axis": "y", "origin": [4.7, 12.4, 5.8]},
			"faces": {
				"north": {"uv": [0, 0, 9.8, 1], "texture": "#1"},
				"east": {"uv": [0, 0, 0, 1], "texture": "#1"},
				"south": {"uv": [0, 0, 9.8, 1], "texture": "#1"},
				"west": {"uv": [0, 0, 0, 1], "texture": "#1"},
				"up": {"uv": [0, 0, 9.8, 0], "texture": "#1"},
				"down": {"uv": [0, 0, 9.8, 0], "texture": "#1"}
			}
		},
		{
			"from": [-4.5, 13.4, 6.5],
			"to": [5.2, 14.4, 6.5],
			"rotation": {"angle": 0, "axis": "y", "origin": [4.7, 11.4, 5.8]},
			"faces": {
				"north": {"uv": [0, 0, 9.7, 1], "texture": "#1"},
				"east": {"uv": [0, 0, 0, 1], "texture": "#1"},
				"south": {"uv": [0, 0, 9.7, 1], "texture": "#1"},
				"west": {"uv": [0, 0, 0, 1], "texture": "#1"},
				"up": {"uv": [0, 0, 9.7, 0], "texture": "#1"},
				"down": {"uv": [0, 0, 9.7, 0], "texture": "#1"}
			}
		},
		{
			"from": [-4.5, 12.4, 6.5],
			"to": [5.2, 13.4, 6.5],
			"rotation": {"angle": 0, "axis": "y", "origin": [4.7, 10.4, 5.8]},
			"faces": {
				"north": {"uv": [0, 0, 9.7, 1], "texture": "#1"},
				"east": {"uv": [0, 0, 0, 1], "texture": "#1"},
				"south": {"uv": [0, 0, 9.7, 1], "texture": "#1"},
				"west": {"uv": [0, 0, 0, 1], "texture": "#1"},
				"up": {"uv": [0, 0, 9.7, 0], "texture": "#1"},
				"down": {"uv": [0, 0, 9.7, 0], "texture": "#1"}
			}
		},
		{
			"from": [-4.4, 11.4, 6.5],
			"to": [5.2, 12.4, 6.5],
			"rotation": {"angle": 0, "axis": "y", "origin": [4.7, 9.4, 5.8]},
			"faces": {
				"north": {"uv": [0, 0, 9.6, 1], "texture": "#1"},
				"east": {"uv": [0, 0, 0, 1], "texture": "#1"},
				"south": {"uv": [0, 0, 9.6, 1], "texture": "#1"},
				"west": {"uv": [0, 0, 0, 1], "texture": "#1"},
				"up": {"uv": [0, 0, 9.6, 0], "texture": "#1"},
				"down": {"uv": [0, 0, 9.6, 0], "texture": "#1"}
			}
		},
		{
			"from": [-4.4, 10.4, 6.5],
			"to": [5.2, 11.4, 6.5],
			"rotation": {"angle": 0, "axis": "y", "origin": [4.7, 8.4, 5.8]},
			"faces": {
				"north": {"uv": [0, 0, 9.6, 1], "texture": "#1"},
				"east": {"uv": [0, 0, 0, 1], "texture": "#1"},
				"south": {"uv": [0, 0, 9.6, 1], "texture": "#1"},
				"west": {"uv": [0, 0, 0, 1], "texture": "#1"},
				"up": {"uv": [0, 0, 9.6, 0], "texture": "#1"},
				"down": {"uv": [0, 0, 9.6, 0], "texture": "#1"}
			}
		},
		{
			"from": [-4.2, 9.4, 6.5],
			"to": [5.2, 10.4, 6.5],
			"rotation": {"angle": 0, "axis": "y", "origin": [4.7, 7.4, 5.8]},
			"faces": {
				"north": {"uv": [0, 0, 9.4, 1], "texture": "#1"},
				"east": {"uv": [0, 0, 0, 1], "texture": "#1"},
				"south": {"uv": [0, 0, 9.4, 1], "texture": "#1"},
				"west": {"uv": [0, 0, 0, 1], "texture": "#1"},
				"up": {"uv": [0, 0, 9.4, 0], "texture": "#1"},
				"down": {"uv": [0, 0, 9.4, 0], "texture": "#1"}
			}
		},
		{
			"from": [-4.2, 8.4, 6.5],
			"to": [5.2, 9.4, 6.5],
			"rotation": {"angle": 0, "axis": "y", "origin": [4.7, 6.4, 5.8]},
			"faces": {
				"north": {"uv": [0, 0, 9.4, 1], "texture": "#1"},
				"east": {"uv": [0, 0, 0, 1], "texture": "#1"},
				"south": {"uv": [0, 0, 9.4, 1], "texture": "#1"},
				"west": {"uv": [0, 0, 0, 1], "texture": "#1"},
				"up": {"uv": [0, 0, 9.4, 0], "texture": "#1"},
				"down": {"uv": [0, 0, 9.4, 0], "texture": "#1"}
			}
		},
		{
			"from": [-3.9, 7.4, 6.5],
			"to": [5.2, 8.4, 6.5],
			"rotation": {"angle": 0, "axis": "y", "origin": [4.7, 5.4, 5.8]},
			"faces": {
				"north": {"uv": [0, 0, 9.1, 1], "texture": "#1"},
				"east": {"uv": [0, 0, 0, 1], "texture": "#1"},
				"south": {"uv": [0, 0, 9.1, 1], "texture": "#1"},
				"west": {"uv": [0, 0, 0, 1], "texture": "#1"},
				"up": {"uv": [0, 0, 9.1, 0], "texture": "#1"},
				"down": {"uv": [0, 0, 9.1, 0], "texture": "#1"}
			}
		},
		{
			"from": [-3.9, 6.6, 6.5],
			"to": [5.2, 7.4, 6.5],
			"rotation": {"angle": 0, "axis": "y", "origin": [4.7, 4.4, 5.8]},
			"faces": {
				"north": {"uv": [0, 0, 9.1, 0.8], "texture": "#1"},
				"east": {"uv": [0, 0, 0, 0.8], "texture": "#1"},
				"south": {"uv": [0, 0, 9.1, 0.8], "texture": "#1"},
				"west": {"uv": [0, 0, 0, 0.8], "texture": "#1"},
				"up": {"uv": [0, 0, 9.1, 0], "texture": "#1"},
				"down": {"uv": [0, 0, 9.1, 0], "texture": "#1"}
			}
		},
		{
			"from": [-4.2, 22.2, 6.5],
			"to": [4.4, 23.2, 6.5],
			"rotation": {"angle": 0, "axis": "y", "origin": [4.7, 19.2, 5.8]},
			"faces": {
				"north": {"uv": [0, 0, 8.6, 1], "texture": "#1"},
				"east": {"uv": [0, 0, 0, 1], "texture": "#1"},
				"south": {"uv": [0, 0, 8.6, 1], "texture": "#1"},
				"west": {"uv": [0, 0, 0, 1], "texture": "#1"},
				"up": {"uv": [0, 0, 8.6, 0], "texture": "#1"},
				"down": {"uv": [0, 0, 8.6, 0], "texture": "#1"}
			}
		},
		{
			"from": [-4.2, 21.2, 6.5],
			"to": [4.4, 22.2, 6.5],
			"rotation": {"angle": 0, "axis": "y", "origin": [4.7, 18.2, 5.8]},
			"faces": {
				"north": {"uv": [0, 0, 8.6, 1], "texture": "#1"},
				"east": {"uv": [0, 0, 0, 1], "texture": "#1"},
				"south": {"uv": [0, 0, 8.6, 1], "texture": "#1"},
				"west": {"uv": [0, 0, 0, 1], "texture": "#1"},
				"up": {"uv": [0, 0, 8.6, 0], "texture": "#1"},
				"down": {"uv": [0, 0, 8.6, 0], "texture": "#1"}
			}
		},
		{
			"from": [-4, 23.2, 6.5],
			"to": [4.4, 24.2, 6.5],
			"rotation": {"angle": 0, "axis": "y", "origin": [4.7, 20.2, 5.8]},
			"faces": {
				"north": {"uv": [0, 0, 8.4, 1], "texture": "#1"},
				"east": {"uv": [0, 0, 0, 1], "texture": "#1"},
				"south": {"uv": [0, 0, 8.4, 1], "texture": "#1"},
				"west": {"uv": [0, 0, 0, 1], "texture": "#1"},
				"up": {"uv": [0, 0, 8.4, 0], "texture": "#1"},
				"down": {"uv": [0, 0, 8.4, 0], "texture": "#1"}
			}
		},
		{
			"from": [-4, 24.2, 6.5],
			"to": [4.4, 25.2, 6.5],
			"rotation": {"angle": 0, "axis": "y", "origin": [4.7, 21.2, 5.8]},
			"faces": {
				"north": {"uv": [0, 0, 8.4, 1], "texture": "#1"},
				"east": {"uv": [0, 0, 0, 1], "texture": "#1"},
				"south": {"uv": [0, 0, 8.4, 1], "texture": "#1"},
				"west": {"uv": [0, 0, 0, 1], "texture": "#1"},
				"up": {"uv": [0, 0, 8.4, 0], "texture": "#1"},
				"down": {"uv": [0, 0, 8.4, 0], "texture": "#1"}
			}
		},
		{
			"from": [-3.4, 25.9, 6.5],
			"to": [4.2, 26.2, 6.5],
			"rotation": {"angle": 0, "axis": "y", "origin": [4.7, 33, 5.8]},
			"faces": {
				"north": {"uv": [0, 0, 7.6, 0.3], "texture": "#1"},
				"east": {"uv": [0, 0, 0, 0.3], "texture": "#1"},
				"south": {"uv": [0, 0, 7.6, 0.3], "texture": "#1"},
				"west": {"uv": [0, 0, 0, 0.3], "texture": "#1"},
				"up": {"uv": [0, 0, 7.6, 0], "texture": "#1"},
				"down": {"uv": [0, 0, 7.6, 0], "texture": "#1"}
			}
		},
		{
			"from": [-3.7, 25.2, 6.5],
			"to": [4.3, 25.9, 6.5],
			"rotation": {"angle": 0, "axis": "y", "origin": [4.7, 33, 5.8]},
			"faces": {
				"north": {"uv": [0, 0, 8, 0.7], "texture": "#1"},
				"east": {"uv": [0, 0, 0, 0.7], "texture": "#1"},
				"south": {"uv": [0, 0, 8, 0.7], "texture": "#1"},
				"west": {"uv": [0, 0, 0, 0.7], "texture": "#1"},
				"up": {"uv": [0, 0, 8, 0], "texture": "#1"},
				"down": {"uv": [0, 0, 8, 0], "texture": "#1"}
			}
		},
		{
			"from": [-3.7, 5.9, 6.5],
			"to": [5.3, 6.6, 6.5],
			"rotation": {"angle": 0, "axis": "y", "origin": [4.7, 13.4, 5.8]},
			"faces": {
				"north": {"uv": [0, 0, 9, 0.7], "texture": "#1"},
				"east": {"uv": [0, 0, 0, 0.7], "texture": "#1"},
				"south": {"uv": [0, 0, 9, 0.7], "texture": "#1"},
				"west": {"uv": [0, 0, 0, 0.7], "texture": "#1"},
				"up": {"uv": [0, 0, 9, 0], "texture": "#1"},
				"down": {"uv": [0, 0, 9, 0], "texture": "#1"}
			}
		}
	],
	"display": {
		"head": {
			"translation": [0, -33.25, 54.25],
			"scale": [1.5, 1.5, 1.5]
		}
	}
}