{
	"credit": "Made with Blockbench",
	"textures": {
		"1": "item/gris",
		"2": "item/noire",
		"3": "item/imageportiquecarte",
		"4": "item/camera",
		"6": "item/vitregrise",
		"7": "item/gris2portic",
		"8": "item/gris2",
		"particle": "item/vitregrise"
	},
	"elements": [
		{
			"from": [6, 0.01256, -14.00522],
			"to": [10, 17.51256, -6.00522],
			"rotation": {"angle": 0, "axis": "y", "origin": [0, 0.01256, -6.04695]},
			"faces": {
				"north": {"uv": [12, 0, 16, 16], "texture": "#8"},
				"east": {"uv": [8, 0, 16, 16], "texture": "#7"},
				"south": {"uv": [7.27273, 0, 11.27273, 16], "texture": "#7"},
				"west": {"uv": [8, 7.63636, 16, 16], "texture": "#7"},
				"up": {"uv": [5.45455, 0.72727, 9.45455, 8.72727], "texture": "#7"},
				"down": {"uv": [7.63636, 0.72727, 11.63636, 8.72727], "texture": "#7"}
			}
		},
		{
			"from": [6, 24.69044, -6.9141],
			"to": [10, 24.89044, -0.5141],
			"rotation": {"angle": -22.5, "axis": "x", "origin": [0, 5.89044, 9.5859]},
			"faces": {
				"north": {"uv": [0, 0, 4, 0.2], "texture": "#7"},
				"east": {"uv": [0, 0, 6.4, 0.2], "texture": "#7"},
				"south": {"uv": [0, 0, 4, 0.2], "texture": "#7"},
				"west": {"uv": [0, 0, 6.4, 0.2], "texture": "#7"},
				"up": {"uv": [0, 0, 4, 6.4], "texture": "#7"},
				"down": {"uv": [0, 0, 4, 6.4], "texture": "#7"}
			}
		},
		{
			"from": [6, 18, -6],
			"to": [10, 20, -6],
			"rotation": {"angle": 0, "axis": "x", "origin": [0, 0, 3]},
			"faces": {
				"north": {"uv": [0, 0, 4, 2], "texture": "#7"},
				"east": {"uv": [0, 0, 0, 2], "texture": "#7"},
				"south": {"uv": [0, 0, 4, 2], "texture": "#7"},
				"west": {"uv": [0, 0, 0, 2], "texture": "#7"},
				"up": {"uv": [0, 0, 4, 0], "texture": "#7"},
				"down": {"uv": [0, 0, 4, 0], "texture": "#7"}
			}
		},
		{
			"from": [7.3, 19, -6],
			"to": [8.7, 20, 5],
			"rotation": {"angle": 0, "axis": "y", "origin": [0, 0, 3]},
			"faces": {
				"north": {"uv": [0, 0, 1.4, 1], "texture": "#7"},
				"east": {"uv": [2.54545, 7.27273, 13.54545, 8.27273], "texture": "#7"},
				"south": {"uv": [0, 0, 1.4, 1], "texture": "#7"},
				"west": {"uv": [3.63636, 8.36364, 14.63636, 9.36364], "texture": "#7"},
				"up": {"uv": [5.09091, 5, 6.49091, 16], "texture": "#7"},
				"down": {"uv": [12.36364, 5, 13.76364, 16], "texture": "#7"}
			}
		},
		{
			"from": [6.3, 17, 5],
			"to": [9.7, 20.3, 6],
			"rotation": {"angle": 0, "axis": "y", "origin": [0, 0, 3]},
			"faces": {
				"north": {"uv": [0, 0, 3.4, 3.3], "texture": "#1"},
				"east": {"uv": [0, 0, 1, 3.3], "texture": "#1"},
				"south": {"uv": [0, 0, 3.4, 3.3], "texture": "#1"},
				"west": {"uv": [0, 0, 1, 3.3], "texture": "#1"},
				"up": {"uv": [0, 0, 3.4, 1], "texture": "#1"},
				"down": {"uv": [0, 0, 3.4, 1], "texture": "#1"}
			}
		},
		{
			"from": [6.3, 17, 6],
			"to": [9.7, 20.3, 8],
			"rotation": {"angle": 0, "axis": "y", "origin": [0, 0, 3]},
			"faces": {
				"north": {"uv": [0, 0, 3.4, 3.3], "texture": "#1"},
				"east": {"uv": [0, 0, 2, 3.3], "texture": "#1"},
				"south": {"uv": [0, 0, 3.4, 3.3], "texture": "#1"},
				"west": {"uv": [0, 0, 2, 3.3], "texture": "#1"},
				"up": {"uv": [0, 0, 3.4, 2], "texture": "#1"},
				"down": {"uv": [0, 0, 3.4, 2], "texture": "#1"}
			}
		},
		{
			"from": [8.7, 18, -6],
			"to": [9.7, 19, 5],
			"rotation": {"angle": 0, "axis": "y", "origin": [0, 0, 3]},
			"faces": {
				"north": {"uv": [0, 0, 1, 1], "texture": "#7"},
				"east": {"uv": [4.72727, 5.45455, 15.72727, 6.45455], "texture": "#7"},
				"south": {"uv": [0, 0, 1, 1], "texture": "#7"},
				"west": {"uv": [0, 0, 11, 1], "texture": "#7"},
				"up": {"uv": [0, 0, 1, 11], "texture": "#7"},
				"down": {"uv": [0, 0, 1, 11], "texture": "#7"}
			}
		},
		{
			"from": [6.3, 18, -6],
			"to": [7.3, 19, 5],
			"rotation": {"angle": 0, "axis": "y", "origin": [0, 0, 3]},
			"faces": {
				"north": {"uv": [0, 0, 1, 1], "texture": "#7"},
				"east": {"uv": [0, 0, 11, 1], "texture": "#7"},
				"south": {"uv": [0, 0, 1, 1], "texture": "#7"},
				"west": {"uv": [5, 5.45455, 16, 6.45455], "texture": "#7"},
				"up": {"uv": [0, 0, 1, 11], "texture": "#7"},
				"down": {"uv": [0, 0, 1, 11], "texture": "#7"}
			}
		},
		{
			"from": [7.3, 17, -6],
			"to": [8.7, 18, 5],
			"rotation": {"angle": 0, "axis": "y", "origin": [0, 0, 3]},
			"faces": {
				"north": {"uv": [0, 0, 1.4, 1], "texture": "#7"},
				"east": {"uv": [5, 5.09091, 16, 6.09091], "texture": "#7"},
				"south": {"uv": [4.72727, 7.27273, 6.12727, 8.27273], "texture": "#7"},
				"west": {"uv": [2.90909, 8.36364, 13.90909, 9.36364], "texture": "#7"},
				"up": {"uv": [9.45455, 5, 10.85455, 16], "texture": "#7"},
				"down": {"uv": [4.72727, 2.54545, 6.12727, 13.54545], "texture": "#7"}
			}
		},
		{
			"from": [9.7, 17, 6],
			"to": [10.7, 20.3, 7],
			"rotation": {"angle": 0, "axis": "y", "origin": [0, 0, 3]},
			"faces": {
				"north": {"uv": [0, 0, 1, 3.3], "texture": "#1"},
				"east": {"uv": [0, 0, 1, 3.3], "texture": "#1"},
				"south": {"uv": [0, 0, 1, 3.3], "texture": "#1"},
				"west": {"uv": [0, 0, 1, 3.3], "texture": "#1"},
				"up": {"uv": [0, 0, 1, 1], "texture": "#1"},
				"down": {"uv": [0, 0, 1, 1], "texture": "#1"}
			}
		},
		{
			"from": [5.3, 17, 6],
			"to": [6.3, 20.3, 7],
			"rotation": {"angle": 0, "axis": "y", "origin": [0, 0, 3]},
			"faces": {
				"north": {"uv": [0, 0, 1, 3.3], "texture": "#1"},
				"east": {"uv": [0, 0, 1, 3.3], "texture": "#1"},
				"south": {"uv": [0, 0, 1, 3.3], "texture": "#1"},
				"west": {"uv": [0, 0, 1, 3.3], "texture": "#1"},
				"up": {"uv": [0, 0, 1, 1], "texture": "#1"},
				"down": {"uv": [0, 0, 1, 1], "texture": "#1"}
			}
		},
		{
			"from": [7.3, 19, 8],
			"to": [8.7, 20, 19],
			"rotation": {"angle": 0, "axis": "y", "origin": [0, 0, 3]},
			"faces": {
				"north": {"uv": [0, 0, 1.4, 1], "texture": "#7"},
				"east": {"uv": [0, 0, 11, 1], "texture": "#7"},
				"south": {"uv": [0, 0, 1.4, 1], "texture": "#7"},
				"west": {"uv": [0, 4, 11, 5], "texture": "#7"},
				"up": {"uv": [10, 5, 11.4, 16], "texture": "#7"},
				"down": {"uv": [0, 5, 1.4, 16], "texture": "#7"}
			}
		},
		{
			"from": [8.7, 18, 8],
			"to": [9.7, 19, 19],
			"rotation": {"angle": 0, "axis": "y", "origin": [0, 0, 3]},
			"faces": {
				"north": {"uv": [0, 0, 1, 1], "texture": "#7"},
				"east": {"uv": [2.54545, 9.45455, 13.54545, 10.45455], "texture": "#7"},
				"south": {"uv": [0.72727, 2.54545, 1.72727, 3.54545], "texture": "#7"},
				"west": {"uv": [5, 8, 16, 9], "texture": "#7"},
				"up": {"uv": [6.90909, 0.36364, 7.90909, 11.36364], "texture": "#7"},
				"down": {"uv": [7.63636, 1.09091, 8.63636, 12.09091], "texture": "#7"}
			}
		},
		{
			"from": [6.3, 18, 8],
			"to": [7.3, 19, 19],
			"rotation": {"angle": 0, "axis": "y", "origin": [0, 0, 3]},
			"faces": {
				"north": {"uv": [0, 0, 1, 1], "texture": "#7"},
				"east": {"uv": [0, 0, 11, 1], "texture": "#7"},
				"south": {"uv": [0, 0, 1, 1], "texture": "#7"},
				"west": {"uv": [5, 6.54545, 16, 7.54545], "texture": "#7"},
				"up": {"uv": [0, 0, 1, 11], "texture": "#7"},
				"down": {"uv": [0, 0, 1, 11], "texture": "#7"}
			}
		},
		{
			"from": [7.3, 17, 8],
			"to": [8.7, 18, 19],
			"rotation": {"angle": 0, "axis": "y", "origin": [0, 0, 3]},
			"faces": {
				"north": {"uv": [0, 0, 1.4, 1], "texture": "#7"},
				"east": {"uv": [0, 0, 11, 1], "texture": "#7"},
				"south": {"uv": [0, 0, 1.4, 1], "texture": "#7"},
				"west": {"uv": [3.27273, 7.27273, 14.27273, 8.27273], "texture": "#7"},
				"up": {"uv": [0, 0, 1.4, 11], "texture": "#7"},
				"down": {"uv": [8.36364, 5, 9.76364, 16], "texture": "#7"}
			}
		},
		{
			"from": [6.3, 0, 19],
			"to": [9.7, 20, 21],
			"rotation": {"angle": 0, "axis": "y", "origin": [0, 0, 3]},
			"faces": {
				"north": {"uv": [12.6, 0, 16, 16], "texture": "#7"},
				"east": {"uv": [12.72727, 0, 14.72727, 16], "texture": "#7"},
				"south": {"uv": [12.6, 0, 16, 16], "texture": "#7"},
				"west": {"uv": [10.90909, 0, 12.90909, 16], "texture": "#7"},
				"up": {"uv": [4.23636, 0, 7.63636, 2], "texture": "#7"},
				"down": {"uv": [5.76364, 14, 9.16364, 16], "texture": "#7"}
			}
		},
		{
			"from": [7.1, 0, 21],
			"to": [8, 20, 21.8],
			"rotation": {"angle": 0, "axis": "y", "origin": [7, 20, 21]},
			"faces": {
				"north": {"uv": [0, 0, 0.9, 16], "texture": "#7"},
				"east": {"uv": [0, 0, 0.8, 16], "texture": "#7"},
				"south": {"uv": [0, 0, 0.9, 16], "texture": "#7"},
				"west": {"uv": [0, 0, 0.8, 16], "texture": "#7"},
				"up": {"uv": [0, 0, 0.9, 0.8], "texture": "#7"},
				"down": {"uv": [0, 0, 0.9, 0.8], "texture": "#7"}
			}
		},
		{
			"from": [6.3, 0, -6],
			"to": [9.7, 5, 19],
			"rotation": {"angle": 0, "axis": "y", "origin": [0, 0, 3]},
			"faces": {
				"north": {"uv": [0, 0, 3.4, 5], "texture": "#7"},
				"east": {"uv": [0, 9.45455, 16, 14.45455], "texture": "#7"},
				"south": {"uv": [0, 0, 3.4, 5], "texture": "#7"},
				"west": {"uv": [0, 11, 16, 16], "texture": "#7"},
				"up": {"uv": [0, 0, 3.4, 16], "texture": "#7"},
				"down": {"uv": [0, 0, 3.4, 16], "texture": "#7"}
			}
		},
		{
			"from": [8.02391, -2.16188, -6],
			"to": [10.42391, -1.16188, 19],
			"rotation": {"angle": 45, "axis": "z", "origin": [-0.27609, -0.16188, 3]},
			"faces": {
				"north": {"uv": [0, 0, 2.4, 1], "texture": "#7"},
				"east": {"uv": [0, 0, 16, 1], "texture": "#7"},
				"south": {"uv": [0, 0, 2.4, 1], "texture": "#7"},
				"west": {"uv": [0, 0, 16, 1], "texture": "#7"},
				"up": {"uv": [16, 0, 13.67273, 16], "texture": "#7"},
				"down": {"uv": [0, 0, 2.4, 16], "texture": "#7"}
			}
		},
		{
			"from": [2.19132, 11.66655, -6],
			"to": [4.59132, 12.66655, 19],
			"rotation": {"angle": -45, "axis": "z", "origin": [-2.10868, 2.66655, 3]},
			"faces": {
				"north": {"uv": [0, 0, 2.4, 1], "texture": "#7"},
				"east": {"uv": [0, 0, 16, 1], "texture": "#7"},
				"south": {"uv": [0, 0, 2.4, 1], "texture": "#7"},
				"west": {"uv": [5.81818, 0, 15.63636, 1], "texture": "#7"},
				"up": {"uv": [11.27273, 0, 13.67273, 16], "texture": "#7"},
				"down": {"uv": [0.36364, 0, 2.76364, 16], "texture": "#7"}
			}
		},
		{
			"from": [6, 17, -10.4],
			"to": [10, 18.5, -6],
			"rotation": {"angle": 0, "axis": "y", "origin": [0, 0, 3]},
			"faces": {
				"north": {"uv": [2.18182, 5.81818, 6.18182, 7.31818], "texture": "#7"},
				"east": {"uv": [11.6, 9.09091, 16, 9.13636], "texture": "#7"},
				"south": {"uv": [12, 8.72727, 16, 10.22727], "texture": "#7"},
				"west": {"uv": [1.09091, 13.81818, 5.49091, 15.31818], "texture": "#7"},
				"up": {"uv": [10.22727, 11.6, 14.22727, 16], "texture": "#7"},
				"down": {"uv": [4.76364, 2.54545, 8.76364, 6.94545], "texture": "#7"}
			}
		},
		{
			"from": [6, 18, -7.7],
			"to": [10, 19.5, -6],
			"rotation": {"angle": 0, "axis": "y", "origin": [0, 0, 3]},
			"faces": {
				"north": {"uv": [3.63636, 3.27273, 7.63636, 4.77273], "texture": "#7"},
				"east": {"uv": [2.18182, 4, 3.88182, 5.5], "texture": "#7"},
				"south": {"uv": [2.54545, 2.54545, 6.54545, 4.04545], "texture": "#7"},
				"west": {"uv": [5.45455, 2.18182, 7.15455, 3.68182], "texture": "#7"},
				"up": {"uv": [4, 4.72727, 8, 6.42727], "texture": "#7"},
				"down": {"uv": [7.27273, 4.72727, 11.27273, 6.42727], "texture": "#7"}
			}
		},
		{
			"from": [6, 23.93423, -7.88303],
			"to": [10, 25.33423, -1.38303],
			"rotation": {"angle": -22.5, "axis": "x", "origin": [0, 6.03423, 8.71697]},
			"faces": {
				"north": {"uv": [7.27273, 12, 11.27273, 13.4], "texture": "#7"},
				"east": {"uv": [9.5, 9.05455, 16, 9], "texture": "#7"},
				"south": {"uv": [8, 9.09091, 12, 10.49091], "texture": "#7"},
				"west": {"uv": [0.72727, 6.54545, 7.22727, 7.94545], "texture": "#7"},
				"up": {"uv": [0.36364, 0, 3.63636, 3.59091], "texture": "#7"},
				"down": {"uv": [4, 4, 8, 10.5], "texture": "#7"}
			}
		},
		{
			"from": [6, 18.7, -6.4],
			"to": [10, 19.6, -6],
			"rotation": {"angle": 0, "axis": "y", "origin": [0, 0, 3]},
			"faces": {
				"north": {"uv": [0, 0, 4, 0.9], "texture": "#7"},
				"east": {"uv": [0, 0, 0.4, 0.9], "texture": "#7"},
				"south": {"uv": [0, 0, 4, 0.9], "texture": "#7"},
				"west": {"uv": [0, 0, 0.4, 0.9], "texture": "#7"},
				"up": {"uv": [0, 0, 4, 0.4], "texture": "#7"},
				"down": {"uv": [0, 0, 4, 0.4], "texture": "#7"}
			}
		},
		{
			"from": [12.54106, 10.91264, -6],
			"to": [13.54106, 12.31264, 5],
			"rotation": {"angle": 45, "axis": "z", "origin": [1.84106, 10.31264, 3]},
			"faces": {
				"north": {"uv": [0, 4.72727, 1, 6.12727], "texture": "#7"},
				"east": {"uv": [1.09091, 10.18182, 12.09091, 11.58182], "texture": "#7"},
				"south": {"uv": [2.18182, 4.36364, 3.18182, 5.76364], "texture": "#7"},
				"west": {"uv": [0, 8.72727, 11, 10.12727], "texture": "#7"},
				"up": {"uv": [6.90909, 0.36364, 7.90909, 11.36364], "texture": "#7"},
				"down": {"uv": [6.18182, 1.45455, 7.18182, 12.45455], "texture": "#7"}
			}
		},
		{
			"from": [1.83396, 20.02391, -6],
			"to": [2.83396, 21.42391, 5],
			"rotation": {"angle": -45, "axis": "z", "origin": [2.13396, 11.42391, 3]},
			"faces": {
				"north": {"uv": [5.09091, 3.63636, 6.09091, 5.03636], "texture": "#7"},
				"east": {"uv": [4.36364, 10.18182, 15.36364, 11.58182], "texture": "#7"},
				"south": {"uv": [1.09091, 6.54545, 2.09091, 7.94545], "texture": "#7"},
				"west": {"uv": [2.54545, 8.72727, 13.54545, 10.12727], "texture": "#7"},
				"up": {"uv": [7.27273, 5, 8.27273, 16], "texture": "#7"},
				"down": {"uv": [4.72727, 5, 5.72727, 16], "texture": "#7"}
			}
		},
		{
			"from": [9.9636, 14.55528, -6],
			"to": [10.9636, 15.95528, 5],
			"rotation": {"angle": 45, "axis": "z", "origin": [5.6636, 12.55528, 3]},
			"faces": {
				"north": {"uv": [0, 0, 1, 1.4], "rotation": 180, "texture": "#7"},
				"east": {"uv": [0.36364, 6.18182, 11.36364, 7.58182], "rotation": 180, "texture": "#7"},
				"south": {"uv": [0, 0, 1, 1.4], "rotation": 180, "texture": "#7"},
				"west": {"uv": [1.09091, 11.27273, 12.09091, 6.85455], "rotation": 180, "texture": "#7"},
				"up": {"uv": [0, 0, 1, 11], "rotation": 180, "texture": "#7"},
				"down": {"uv": [0, 0, 1, 11], "rotation": 180, "texture": "#7"}
			}
		},
		{
			"from": [9.06188, 21.96655, -6],
			"to": [10.46188, 22.96655, 5],
			"rotation": {"angle": 45, "axis": "z", "origin": [12.46188, 17.66655, 3]},
			"faces": {
				"north": {"uv": [0, 0, 1, 1.4], "rotation": 270, "texture": "#7"},
				"east": {"uv": [0, 0, 1, 11], "rotation": 90, "texture": "#7"},
				"south": {"uv": [0, 0, 1, 1.4], "rotation": 90, "texture": "#7"},
				"west": {"uv": [0, 0, 1, 11], "rotation": 90, "texture": "#7"},
				"up": {"uv": [4.36364, 9.81818, 15.36364, 11.21818], "rotation": 90, "texture": "#7"},
				"down": {"uv": [0, 0, 11, 1.4], "rotation": 90, "texture": "#7"}
			}
		},
		{
			"from": [1.83396, 20.02391, 8],
			"to": [2.83396, 21.42391, 19],
			"rotation": {"angle": -45, "axis": "z", "origin": [2.13396, 11.42391, 17]},
			"faces": {
				"north": {"uv": [0.72727, 2.90909, 1.72727, 4.30909], "texture": "#7"},
				"east": {"uv": [2.54545, 3.63636, 13.54545, 5.03636], "texture": "#7"},
				"south": {"uv": [0.72727, 3.27273, 1.72727, 4.67273], "texture": "#7"},
				"west": {"uv": [5, 6.54545, 16, 7.94545], "texture": "#7"},
				"up": {"uv": [7.63636, 5, 8.63636, 16], "texture": "#7"},
				"down": {"uv": [2.54545, 5, 3.54545, 16], "texture": "#7"}
			}
		},
		{
			"from": [12.54106, 10.91264, 8],
			"to": [13.54106, 12.31264, 19],
			"rotation": {"angle": 45, "axis": "z", "origin": [1.84106, 10.31264, 17]},
			"faces": {
				"north": {"uv": [0, 0, 1, 1.4], "texture": "#7"},
				"east": {"uv": [5, 5, 16, 6.4], "texture": "#7"},
				"south": {"uv": [0, 0, 1, 1.4], "texture": "#7"},
				"west": {"uv": [5, 9, 16, 10.4], "texture": "#7"},
				"up": {"uv": [0, 0, 1, 11], "texture": "#7"},
				"down": {"uv": [0, 0, 1, 11], "texture": "#7"}
			}
		},
		{
			"from": [9.06188, 21.96655, 8],
			"to": [10.46188, 22.96655, 19],
			"rotation": {"angle": 45, "axis": "z", "origin": [12.46188, 17.66655, 17]},
			"faces": {
				"north": {"uv": [0, 0, 1, 1.4], "rotation": 270, "texture": "#7"},
				"east": {"uv": [10.18182, 4, 11.18182, 15], "rotation": 90, "texture": "#7"},
				"south": {"uv": [2.18182, 5.45455, 3.18182, 6.85455], "rotation": 90, "texture": "#7"},
				"west": {"uv": [8, 5, 9, 16], "rotation": 90, "texture": "#7"},
				"up": {"uv": [3.27273, 9.09091, 14.27273, 10.49091], "rotation": 90, "texture": "#7"},
				"down": {"uv": [1.81818, 5.81818, 12.81818, 7.21818], "rotation": 90, "texture": "#7"}
			}
		},
		{
			"from": [9.9636, 14.55528, 8],
			"to": [10.9636, 15.95528, 19],
			"rotation": {"angle": 45, "axis": "z", "origin": [5.6636, 12.55528, 17]},
			"faces": {
				"north": {"uv": [0, 0, 1, 1.4], "rotation": 180, "texture": "#7"},
				"east": {"uv": [0, 0, 11, 1.4], "rotation": 180, "texture": "#7"},
				"south": {"uv": [0, 0, 1, 1.4], "rotation": 180, "texture": "#7"},
				"west": {"uv": [5, 10.18182, 16, 11.58182], "rotation": 180, "texture": "#7"},
				"up": {"uv": [0, 0, 1, 11], "rotation": 180, "texture": "#7"},
				"down": {"uv": [0, 0, 1, 11], "rotation": 180, "texture": "#7"}
			}
		},
		{
			"from": [4.9234, 17, 4.09081],
			"to": [5.6234, 20.3, 5.49081],
			"rotation": {"angle": 45, "axis": "y", "origin": [8.6234, 19, 5.09081]},
			"faces": {
				"north": {"uv": [0, 0, 0.7, 3.3], "texture": "#1"},
				"east": {"uv": [0, 0, 1.4, 3.3], "texture": "#1"},
				"south": {"uv": [0, 0, 0.7, 3.3], "texture": "#1"},
				"west": {"uv": [0, 0, 1.4, 3.3], "texture": "#1"},
				"up": {"uv": [0, 0, 0.7, 1.4], "texture": "#1"},
				"down": {"uv": [0, 0, 0.7, 1.4], "texture": "#1"}
			}
		},
		{
			"from": [4.49914, 17, 7.33345],
			"to": [5.19914, 20.3, 8.73345],
			"rotation": {"angle": -45, "axis": "y", "origin": [8.19914, 19, 8.33345]},
			"faces": {
				"north": {"uv": [0, 0, 0.7, 3.3], "texture": "#1"},
				"east": {"uv": [0, 0, 1.4, 3.3], "texture": "#1"},
				"south": {"uv": [0, 0, 0.7, 3.3], "texture": "#1"},
				"west": {"uv": [0, 0, 1.4, 3.3], "texture": "#1"},
				"up": {"uv": [0, 0, 0.7, 1.4], "texture": "#1"},
				"down": {"uv": [0, 0, 0.7, 1.4], "texture": "#1"}
			}
		},
		{
			"from": [6.80086, 17, 7.66655],
			"to": [8.20086, 20.3, 8.36655],
			"rotation": {"angle": 45, "axis": "y", "origin": [7.80086, 19, 4.66655]},
			"faces": {
				"north": {"uv": [0, 0, 1.4, 3.3], "texture": "#1"},
				"east": {"uv": [0, 0, 0.7, 3.3], "texture": "#1"},
				"south": {"uv": [0, 0, 1.4, 3.3], "texture": "#1"},
				"west": {"uv": [0, 0, 0.7, 3.3], "texture": "#1"},
				"up": {"uv": [0, 0, 0.7, 1.4], "rotation": 270, "texture": "#1"},
				"down": {"uv": [0, 0, 0.7, 1.4], "rotation": 90, "texture": "#1"}
			}
		},
		{
			"from": [6.9766, 17, 4.20919],
			"to": [8.3766, 20.3, 4.90919],
			"rotation": {"angle": -45, "axis": "y", "origin": [7.3766, 19, 7.90919]},
			"faces": {
				"north": {"uv": [0, 0, 1.4, 3.3], "texture": "#1"},
				"east": {"uv": [0, 0, 0.7, 3.3], "texture": "#1"},
				"south": {"uv": [0, 0, 1.4, 3.3], "texture": "#1"},
				"west": {"uv": [0, 0, 0.7, 3.3], "texture": "#1"},
				"up": {"uv": [0, 0, 0.7, 1.4], "rotation": 90, "texture": "#1"},
				"down": {"uv": [0, 0, 0.7, 1.4], "rotation": 270, "texture": "#1"}
			}
		},
		{
			"from": [6, 18, -8],
			"to": [10, 20, -6],
			"rotation": {"angle": 0, "axis": "y", "origin": [0, 0, 3]},
			"faces": {
				"north": {"uv": [0, 5.45455, 4, 7.45455], "texture": "#7"},
				"east": {"uv": [4, 0, 6, 2], "texture": "#7"},
				"south": {"uv": [0, 7.27273, 4, 9.27273], "texture": "#7"},
				"west": {"uv": [4.36364, 1.81818, 6.36364, 3.81818], "texture": "#7"},
				"up": {"uv": [3.63636, 6.90909, 7.63636, 8.90909], "texture": "#7"},
				"down": {"uv": [1.09091, 9.09091, 5.09091, 11.09091], "texture": "#7"}
			}
		},
		{
			"from": [6.2, 20.3, 4.8],
			"to": [9.8, 20.4, 8.2],
			"rotation": {"angle": 0, "axis": "y", "origin": [0, 0, 3]},
			"faces": {
				"north": {"uv": [0, 0, 3.6, 0.1], "texture": "#2"},
				"east": {"uv": [0, 0, 3.4, 0.1], "texture": "#2"},
				"south": {"uv": [0, 0, 3.6, 0.1], "texture": "#2"},
				"west": {"uv": [0, 0, 3.4, 0.1], "texture": "#2"},
				"up": {"uv": [0, 0, 3.6, 3.4], "texture": "#2"},
				"down": {"uv": [0, 0, 3.6, 3.4], "texture": "#2"}
			}
		},
		{
			"from": [4.29914, 20.3, 7.23345],
			"to": [5.19914, 20.4, 8.83345],
			"rotation": {"angle": -45, "axis": "y", "origin": [8.19914, 19, 8.33345]},
			"faces": {
				"north": {"uv": [0, 0, 0.9, 0.1], "texture": "#2"},
				"east": {"uv": [0, 0, 1.6, 0.1], "texture": "#2"},
				"south": {"uv": [0, 0, 0.9, 0.1], "texture": "#2"},
				"west": {"uv": [0, 0, 1.6, 0.1], "texture": "#2"},
				"up": {"uv": [0, 0, 0.9, 1.6], "texture": "#2"},
				"down": {"uv": [0, 0, 0.9, 1.6], "texture": "#2"}
			}
		},
		{
			"from": [5.1, 20.3, 5.9],
			"to": [6.3, 20.4, 7.1],
			"rotation": {"angle": 0, "axis": "y", "origin": [0, 0, 3]},
			"faces": {
				"north": {"uv": [0, 0, 1.2, 0.1], "texture": "#2"},
				"east": {"uv": [0, 0, 1.2, 0.1], "texture": "#2"},
				"south": {"uv": [0, 0, 1.2, 0.1], "texture": "#2"},
				"west": {"uv": [0, 0, 1.2, 0.1], "texture": "#2"},
				"up": {"uv": [0, 0, 1.2, 1.2], "texture": "#2"},
				"down": {"uv": [0, 0, 1.2, 1.2], "texture": "#2"}
			}
		},
		{
			"from": [4.7234, 20.3, 3.99081],
			"to": [5.6234, 20.4, 5.59081],
			"rotation": {"angle": 45, "axis": "y", "origin": [8.6234, 19, 5.09081]},
			"faces": {
				"north": {"uv": [0, 0, 0.9, 0.1], "texture": "#2"},
				"east": {"uv": [0, 0, 1.6, 0.1], "texture": "#2"},
				"south": {"uv": [0, 0, 0.9, 0.1], "texture": "#2"},
				"west": {"uv": [0, 0, 1.6, 0.1], "texture": "#2"},
				"up": {"uv": [0, 0, 0.9, 1.6], "texture": "#2"},
				"down": {"uv": [0, 0, 0.9, 1.6], "texture": "#2"}
			}
		},
		{
			"from": [6.70086, 20.3, 7.66655],
			"to": [8.30086, 20.4, 8.56655],
			"rotation": {"angle": 45, "axis": "y", "origin": [7.80086, 19, 4.66655]},
			"faces": {
				"north": {"uv": [0, 0, 1.6, 0.1], "texture": "#2"},
				"east": {"uv": [0, 0, 0.9, 0.1], "texture": "#2"},
				"south": {"uv": [0, 0, 1.6, 0.1], "texture": "#2"},
				"west": {"uv": [0, 0, 0.9, 0.1], "texture": "#2"},
				"up": {"uv": [0, 0, 0.9, 1.6], "rotation": 270, "texture": "#2"},
				"down": {"uv": [0, 0, 0.9, 1.6], "rotation": 90, "texture": "#2"}
			}
		},
		{
			"from": [6.8766, 20.3, 4.00919],
			"to": [8.4766, 20.4, 4.90919],
			"rotation": {"angle": -45, "axis": "y", "origin": [7.3766, 19, 7.90919]},
			"faces": {
				"north": {"uv": [0, 0, 1.6, 0.1], "texture": "#2"},
				"east": {"uv": [0, 0, 0.9, 0.1], "texture": "#2"},
				"south": {"uv": [0, 0, 1.6, 0.1], "texture": "#2"},
				"west": {"uv": [0, 0, 0.9, 0.1], "texture": "#2"},
				"up": {"uv": [0, 0, 0.9, 1.6], "rotation": 90, "texture": "#2"},
				"down": {"uv": [0, 0, 0.9, 1.6], "rotation": 270, "texture": "#2"}
			}
		},
		{
			"from": [9.7, 20.3, 5.9],
			"to": [10.9, 20.4, 7.1],
			"rotation": {"angle": 0, "axis": "y", "origin": [0, 0, 3]},
			"faces": {
				"north": {"uv": [0, 0, 1.2, 0.1], "texture": "#2"},
				"east": {"uv": [0, 0, 1.2, 0.1], "texture": "#2"},
				"south": {"uv": [0, 0, 1.2, 0.1], "texture": "#2"},
				"west": {"uv": [0, 0, 1.2, 0.1], "texture": "#2"},
				"up": {"uv": [0, 0, 1.2, 1.2], "texture": "#2"},
				"down": {"uv": [0, 0, 1.2, 1.2], "texture": "#2"}
			}
		},
		{
			"from": [8, 0, 21],
			"to": [8.9, 20, 21.8],
			"rotation": {"angle": 0, "axis": "y", "origin": [7, 20, 21]},
			"faces": {
				"north": {"uv": [0, 0, 0.9, 16], "texture": "#7"},
				"east": {"uv": [0, 0, 0.8, 16], "texture": "#7"},
				"south": {"uv": [0, 0, 0.9, 16], "texture": "#7"},
				"west": {"uv": [0, 0, 0.8, 16], "texture": "#7"},
				"up": {"uv": [0, 0, 0.9, 0.8], "texture": "#7"},
				"down": {"uv": [0, 0, 0.9, 0.8], "texture": "#7"}
			}
		},
		{
			"from": [6.85858, 0, 20.52721],
			"to": [7.95858, 20, 21.32721],
			"rotation": {"angle": -45, "axis": "y", "origin": [6.95858, 20, 20.52721]},
			"faces": {
				"north": {"uv": [0, 0, 1.1, 16], "texture": "#7"},
				"east": {"uv": [0, 0, 0.8, 16], "texture": "#7"},
				"south": {"uv": [0, 0, 1.1, 16], "texture": "#7"},
				"west": {"uv": [0, 0, 0.8, 16], "texture": "#7"},
				"up": {"uv": [0, 0, 1.1, 0.8], "texture": "#7"},
				"down": {"uv": [0, 0, 1.1, 0.8], "texture": "#7"}
			}
		},
		{
			"from": [9.9201, 0, 20.23431],
			"to": [11.0201, 20, 21.03431],
			"rotation": {"angle": 45, "axis": "y", "origin": [10.33431, 20, 22.64853]},
			"faces": {
				"north": {"uv": [0, 0, 1.1, 16], "texture": "#7"},
				"east": {"uv": [0, 0, 0.8, 16], "texture": "#7"},
				"south": {"uv": [0, 0, 1.1, 16], "texture": "#7"},
				"west": {"uv": [0, 0, 0.8, 16], "texture": "#7"},
				"up": {"uv": [0, 0, 1.1, 0.8], "texture": "#7"},
				"down": {"uv": [0, 0, 1.1, 0.8], "texture": "#7"}
			}
		},
		{
			"from": [7.4, 20, -7.2],
			"to": [7.9, 25.8, -6.7],
			"rotation": {"angle": 0, "axis": "y", "origin": [7.9, 20, -7]},
			"faces": {
				"north": {"uv": [0, 0, 0.5, 5.8], "texture": "#2"},
				"east": {"uv": [0, 0, 0.5, 5.8], "texture": "#2"},
				"south": {"uv": [0, 0, 0.5, 5.8], "texture": "#2"},
				"west": {"uv": [0, 0, 0.5, 5.8], "texture": "#2"},
				"up": {"uv": [0, 0, 0.5, 0.5], "texture": "#2"},
				"down": {"uv": [0, 0, 0.5, 0.5], "texture": "#2"}
			}
		},
		{
			"from": [7.9, 20, -7.7],
			"to": [8.4, 24.5, -7.2],
			"rotation": {"angle": 0, "axis": "y", "origin": [7.9, 20, -7]},
			"faces": {
				"north": {"uv": [0, 0, 0.5, 4.5], "texture": "#2"},
				"east": {"uv": [0, 0, 0.5, 4.5], "texture": "#2"},
				"south": {"uv": [0, 0, 0.5, 4.5], "texture": "#2"},
				"west": {"uv": [0, 0, 0.5, 4.5], "texture": "#2"},
				"up": {"uv": [0, 0, 0.5, 0.5], "texture": "#2"},
				"down": {"uv": [0, 0, 0.5, 0.5], "texture": "#2"}
			}
		},
		{
			"from": [7.9, 20, -6.7],
			"to": [8.4, 26.9, -6.2],
			"rotation": {"angle": 0, "axis": "y", "origin": [7.9, 20, -7]},
			"faces": {
				"north": {"uv": [0, 0, 0.5, 6.9], "texture": "#2"},
				"east": {"uv": [0, 0, 0.5, 6.9], "texture": "#2"},
				"south": {"uv": [0, 0, 0.5, 6.9], "texture": "#2"},
				"west": {"uv": [0, 0, 0.5, 6.9], "texture": "#2"},
				"up": {"uv": [0, 0, 0.5, 0.5], "texture": "#2"},
				"down": {"uv": [0, 0, 0.5, 0.5], "texture": "#2"}
			}
		},
		{
			"from": [8.4, 20, -7.2],
			"to": [8.9, 25.8, -6.7],
			"rotation": {"angle": 0, "axis": "y", "origin": [7.9, 20, -7]},
			"faces": {
				"north": {"uv": [0, 0, 0.5, 5.8], "texture": "#2"},
				"east": {"uv": [0, 0, 0.5, 5.8], "texture": "#2"},
				"south": {"uv": [0, 0, 0.5, 5.8], "texture": "#2"},
				"west": {"uv": [0, 0, 0.5, 5.8], "texture": "#2"},
				"up": {"uv": [0, 0, 0.5, 0.5], "texture": "#2"},
				"down": {"uv": [0, 0, 0.5, 0.5], "texture": "#2"}
			}
		},
		{
			"from": [7.91213, 20, -6.71924],
			"to": [8.61213, 26.4, -6.31924],
			"rotation": {"angle": -45, "axis": "y", "origin": [8.11213, 20, -7.11924]},
			"faces": {
				"north": {"uv": [0, 0, 0.7, 6.4], "texture": "#2"},
				"east": {"uv": [0, 0, 0.4, 6.4], "texture": "#2"},
				"south": {"uv": [0, 0, 0.7, 6.4], "texture": "#2"},
				"west": {"uv": [0, 0, 0.4, 6.4], "texture": "#2"},
				"up": {"uv": [0, 0, 0.7, 0.4], "texture": "#2"},
				"down": {"uv": [0, 0, 0.7, 0.4], "texture": "#2"}
			}
		},
		{
			"from": [7.52426, 20, -7.19289],
			"to": [7.92426, 24.7, -6.49289],
			"rotation": {"angle": -45, "axis": "y", "origin": [8.32426, 20, -6.99289]},
			"faces": {
				"north": {"uv": [0, 0, 0.4, 4.7], "texture": "#2"},
				"east": {"uv": [0, 0, 0.7, 4.7], "texture": "#2"},
				"south": {"uv": [0, 0, 0.4, 4.7], "texture": "#2"},
				"west": {"uv": [0, 0, 0.7, 4.7], "texture": "#2"},
				"up": {"uv": [0, 0, 0.7, 0.4], "rotation": 90, "texture": "#2"},
				"down": {"uv": [0, 0, 0.7, 0.4], "rotation": 270, "texture": "#2"}
			}
		},
		{
			"from": [8.59289, 20, -7.27574],
			"to": [8.99289, 24.7, -6.57574],
			"rotation": {"angle": 45, "axis": "y", "origin": [8.19289, 20, -6.77574]},
			"faces": {
				"north": {"uv": [0, 0, 0.4, 4.7], "texture": "#2"},
				"east": {"uv": [0, 0, 0.7, 4.7], "texture": "#2"},
				"south": {"uv": [0, 0, 0.4, 4.7], "texture": "#2"},
				"west": {"uv": [0, 0, 0.7, 4.7], "texture": "#2"},
				"up": {"uv": [0, 0, 0.7, 0.4], "rotation": 270, "texture": "#2"},
				"down": {"uv": [0, 0, 0.7, 0.4], "rotation": 90, "texture": "#2"}
			}
		},
		{
			"from": [8.37574, 20, -7.40711],
			"to": [8.77574, 26.3, -6.70711],
			"rotation": {"angle": -45, "axis": "y", "origin": [7.97574, 20, -6.90711]},
			"faces": {
				"north": {"uv": [0, 0, 0.4, 6.3], "texture": "#2"},
				"east": {"uv": [0, 0, 0.7, 6.3], "texture": "#2"},
				"south": {"uv": [0, 0, 0.4, 6.3], "texture": "#2"},
				"west": {"uv": [0, 0, 0.7, 6.3], "texture": "#2"},
				"up": {"uv": [0, 0, 0.7, 0.4], "rotation": 270, "texture": "#2"},
				"down": {"uv": [0, 0, 0.7, 0.4], "rotation": 90, "texture": "#2"}
			}
		},
		{
			"from": [6.4, 22.2, -9.5],
			"to": [9.9, 27.7, -9],
			"rotation": {"angle": 22.5, "axis": "x", "origin": [7.9, 20, -7]},
			"faces": {
				"north": {"uv": [0, 0, 16, 16], "texture": "#3"},
				"east": {"uv": [3.12596, 4.60668, 3.62596, 11.10668], "texture": "#4"},
				"south": {"uv": [2.63239, 6.49871, 6.13239, 12.99871], "texture": "#4"},
				"west": {"uv": [3.74293, 4.60668, 3.17352, 11.10668], "texture": "#4"},
				"up": {"uv": [0, 0, 3.5, 0.5], "texture": "#1"},
				"down": {"uv": [7.32134, 2.46787, 10.82134, 2.96787], "texture": "#4"}
			}
		},
		{
			"from": [6.4, 24.3, 23.1],
			"to": [9.9, 29.8, 23.6],
			"rotation": {"angle": -22.5, "axis": "x", "origin": [7.9, 22, 21]},
			"faces": {
				"north": {"uv": [3.82519, 6.55141, 3.91131, 8.30848], "rotation": 180, "texture": "#4"},
				"east": {"uv": [3.0437, 3.1671, 3.5437, 8.6671], "rotation": 180, "texture": "#4"},
				"south": {"uv": [3.03437, 10.59292, 4.33736, 11.3168], "rotation": 180, "texture": "#3"},
				"west": {"uv": [1.68638, 2.67352, 2.18638, 8.17352], "rotation": 180, "texture": "#4"},
				"up": {"uv": [2.509, 7.60925, 6.009, 8.10925], "texture": "#4"},
				"down": {"uv": [1.89203, 6.82776, 5.39203, 7.32776], "texture": "#4"}
			}
		},
		{
			"from": [7.9, 20, 20.3],
			"to": [8.4, 28.9, 20.8],
			"rotation": {"angle": 0, "axis": "y", "origin": [12.9, 22, 21]},
			"faces": {
				"north": {"uv": [0, 0, 0.5, 8.9], "texture": "#2"},
				"east": {"uv": [0, 0, 0.5, 8.9], "texture": "#2"},
				"south": {"uv": [0, 0, 0.5, 8.9], "texture": "#2"},
				"west": {"uv": [0, 0, 0.5, 8.9], "texture": "#2"},
				"up": {"uv": [0, 0, 0.5, 0.5], "texture": "#2"},
				"down": {"uv": [0, 0, 0.5, 0.5], "texture": "#2"}
			}
		},
		{
			"from": [7.77401, 20, 16.08579],
			"to": [8.47401, 28.4, 16.48579],
			"rotation": {"angle": 45, "axis": "y", "origin": [13.27401, 22, 18.88579]},
			"faces": {
				"north": {"uv": [0, 0, 0.7, 8.4], "texture": "#2"},
				"east": {"uv": [0, 0, 0.4, 8.4], "texture": "#2"},
				"south": {"uv": [0, 0, 0.7, 8.4], "texture": "#2"},
				"west": {"uv": [0, 0, 0.4, 8.4], "texture": "#2"},
				"up": {"uv": [0, 0, 0.7, 0.4], "rotation": 180, "texture": "#2"},
				"down": {"uv": [0, 0, 0.7, 0.4], "rotation": 180, "texture": "#2"}
			}
		},
		{
			"from": [8.96899, 20, 16.68076],
			"to": [9.36899, 26.7, 17.38076],
			"rotation": {"angle": 45, "axis": "y", "origin": [13.76899, 21.8, 20.88076]},
			"faces": {
				"north": {"uv": [0, 0, 0.4, 6.7], "texture": "#2"},
				"east": {"uv": [0, 0, 0.7, 6.7], "texture": "#2"},
				"south": {"uv": [0, 0, 0.4, 6.7], "texture": "#2"},
				"west": {"uv": [0, 0, 0.7, 6.7], "texture": "#2"},
				"up": {"uv": [0, 0, 0.7, 0.4], "rotation": 90, "texture": "#2"},
				"down": {"uv": [0, 0, 0.7, 0.4], "rotation": 270, "texture": "#2"}
			}
		},
		{
			"from": [7.9, 20, 21.3],
			"to": [8.4, 26.5, 21.8],
			"rotation": {"angle": 0, "axis": "y", "origin": [12.9, 22, 21]},
			"faces": {
				"north": {"uv": [0, 0, 0.5, 6.5], "texture": "#2"},
				"east": {"uv": [0, 0, 0.5, 6.5], "texture": "#2"},
				"south": {"uv": [0, 0, 0.5, 6.5], "texture": "#2"},
				"west": {"uv": [0, 0, 0.5, 6.5], "texture": "#2"},
				"up": {"uv": [0, 0, 0.5, 0.5], "texture": "#2"},
				"down": {"uv": [0, 0, 0.5, 0.5], "texture": "#2"}
			}
		},
		{
			"from": [8.4, 20, 20.8],
			"to": [8.9, 27.8, 21.3],
			"rotation": {"angle": 0, "axis": "y", "origin": [12.9, 22, 21]},
			"faces": {
				"north": {"uv": [0, 0, 0.5, 7.8], "texture": "#2"},
				"east": {"uv": [0, 0, 0.5, 7.8], "texture": "#2"},
				"south": {"uv": [0, 0, 0.5, 7.8], "texture": "#2"},
				"west": {"uv": [0, 0, 0.5, 7.8], "texture": "#2"},
				"up": {"uv": [0, 0, 0.5, 0.5], "texture": "#2"},
				"down": {"uv": [0, 0, 0.5, 0.5], "texture": "#2"}
			}
		},
		{
			"from": [7.4, 20, 20.8],
			"to": [7.9, 27.8, 21.3],
			"rotation": {"angle": 0, "axis": "y", "origin": [12.9, 22, 21]},
			"faces": {
				"north": {"uv": [0, 0, 0.5, 7.8], "texture": "#2"},
				"east": {"uv": [0, 0, 0.5, 7.8], "texture": "#2"},
				"south": {"uv": [0, 0, 0.5, 7.8], "texture": "#2"},
				"west": {"uv": [0, 0, 0.5, 7.8], "texture": "#2"},
				"up": {"uv": [0, 0, 0.5, 0.5], "texture": "#2"},
				"down": {"uv": [0, 0, 0.5, 0.5], "texture": "#2"}
			}
		},
		{
			"from": [9.43259, 20, 17.49289],
			"to": [10.13259, 26.7, 17.89289],
			"rotation": {"angle": 45, "axis": "y", "origin": [13.63259, 21.6, 21.09289]},
			"faces": {
				"north": {"uv": [0, 0, 0.7, 6.7], "texture": "#2"},
				"east": {"uv": [0, 0, 0.4, 6.7], "texture": "#2"},
				"south": {"uv": [0, 0, 0.7, 6.7], "texture": "#2"},
				"west": {"uv": [0, 0, 0.4, 6.7], "texture": "#2"},
				"up": {"uv": [0, 0, 0.7, 0.4], "texture": "#2"},
				"down": {"uv": [0, 0, 0.7, 0.4], "texture": "#2"}
			}
		},
		{
			"from": [4.80919, 20, 23.36899],
			"to": [5.50919, 28.4, 23.76899],
			"rotation": {"angle": -45, "axis": "y", "origin": [10.30919, 22, 26.16899]},
			"faces": {
				"north": {"uv": [0, 0, 0.7, 8.4], "texture": "#2"},
				"east": {"uv": [0, 0, 0.4, 8.4], "texture": "#2"},
				"south": {"uv": [0, 0, 0.7, 8.4], "texture": "#2"},
				"west": {"uv": [0, 0, 0.4, 8.4], "texture": "#2"},
				"up": {"uv": [0, 0, 0.7, 0.4], "rotation": 180, "texture": "#2"},
				"down": {"uv": [0, 0, 0.7, 0.4], "rotation": 180, "texture": "#2"}
			}
		},
		{
			"from": [9.6, 22.2, -9.6],
			"to": [9.9, 27.7, -9.5],
			"rotation": {"angle": 22.5, "axis": "x", "origin": [7.9, 20, -7]},
			"faces": {
				"north": {"uv": [3.17117, 1.83126, 13.19369, 2.98802], "texture": "#4"},
				"east": {"uv": [3.98972, 5.79949, 4.48972, 12.29949], "texture": "#4"},
				"south": {"uv": [2.509, 6.41645, 6.009, 12.91645], "texture": "#4"},
				"west": {"uv": [3.78406, 6.33419, 4.28406, 12.83419], "texture": "#4"},
				"up": {"uv": [2.67352, 8.43188, 6.17352, 8.93188], "texture": "#4"},
				"down": {"uv": [2.22108, 8.26735, 5.72108, 8.76735], "texture": "#4"}
			}
		},
		{
			"from": [6.4, 22.2, -9.6],
			"to": [6.7, 27.7, -9.5],
			"rotation": {"angle": 22.5, "axis": "x", "origin": [7.9, 20, -7]},
			"faces": {
				"north": {"uv": [3.17117, 1.87239, 13.19369, 2.65897], "texture": "#4"},
				"east": {"uv": [3.98972, 5.79949, 4.48972, 12.29949], "texture": "#4"},
				"south": {"uv": [2.509, 6.41645, 6.009, 12.91645], "texture": "#4"},
				"west": {"uv": [3.78406, 6.33419, 4.28406, 12.83419], "texture": "#4"},
				"up": {"uv": [2.67352, 8.43188, 6.17352, 8.93188], "texture": "#4"},
				"down": {"uv": [2.22108, 8.26735, 5.72108, 8.76735], "texture": "#4"}
			}
		},
		{
			"from": [6.7, 27.4, -9.6],
			"to": [9.6, 27.7, -9.5],
			"rotation": {"angle": 22.5, "axis": "x", "origin": [7.9, 20, -7]},
			"faces": {
				"north": {"uv": [14.23544, 4.258, 13.19369, 14.17568], "texture": "#4"},
				"east": {"uv": [3.98972, 5.79949, 4.48972, 12.29949], "texture": "#4"},
				"south": {"uv": [2.509, 6.41645, 6.009, 12.91645], "texture": "#4"},
				"west": {"uv": [3.78406, 6.33419, 4.28406, 12.83419], "texture": "#4"},
				"up": {"uv": [2.67352, 8.43188, 6.17352, 8.93188], "texture": "#4"},
				"down": {"uv": [2.22108, 8.26735, 5.72108, 8.76735], "texture": "#4"}
			}
		},
		{
			"from": [6.7, 22.2, -9.6],
			"to": [9.6, 22.5, -9.5],
			"rotation": {"angle": 22.5, "axis": "x", "origin": [7.9, 20, -7]},
			"faces": {
				"north": {"uv": [11.02721, 6.23229, 13.19369, 14.17568], "texture": "#4"},
				"east": {"uv": [3.98972, 5.79949, 4.48972, 12.29949], "texture": "#4"},
				"south": {"uv": [2.509, 6.41645, 6.009, 12.91645], "texture": "#4"},
				"west": {"uv": [3.78406, 6.33419, 4.28406, 12.83419], "texture": "#4"},
				"up": {"uv": [2.67352, 8.43188, 6.17352, 8.93188], "texture": "#4"},
				"down": {"uv": [2.22108, 8.26735, 5.72108, 8.76735], "texture": "#4"}
			}
		},
		{
			"from": [6.4, 27.7, -9.6],
			"to": [9.9, 28.7, -9],
			"rotation": {"angle": 22.5, "axis": "x", "origin": [7.9, 20, -7]},
			"faces": {
				"north": {"uv": [1.60819, 1.46108, 15.70269, 14.91604], "texture": "#4"},
				"east": {"uv": [3.53728, 6.62211, 4.03728, 13.12211], "texture": "#4"},
				"south": {"uv": [2.509, 6.25193, 6.009, 12.75193], "texture": "#4"},
				"west": {"uv": [4.56555, 5.47044, 5.06555, 11.97044], "texture": "#4"},
				"up": {"uv": [2.55013, 7.28021, 6.05013, 7.78021], "texture": "#4"},
				"down": {"uv": [0, 0, 3.5, 0.5], "texture": "#1"}
			}
		},
		{
			"from": [6.4, 29.8, 23.1],
			"to": [9.9, 30.8, 23.6],
			"rotation": {"angle": -22.5, "axis": "x", "origin": [7.9, 22, 21]},
			"faces": {
				"north": {"uv": [2.71465, 6.82776, 6.21465, 7.82776], "rotation": 180, "texture": "#4"},
				"east": {"uv": [5.14139, 9.58355, 5.64139, 10.58355], "rotation": 180, "texture": "#4"},
				"south": {"uv": [1.68638, 14.69666, 15.54756, 1.64524], "rotation": 180, "texture": "#4"},
				"west": {"uv": [3.74293, 8.47301, 4.24293, 9.47301], "rotation": 180, "texture": "#4"},
				"up": {"uv": [2.92031, 5.96401, 6.42031, 6.46401], "texture": "#4"},
				"down": {"uv": [0, 0, 3.5, 0.5], "texture": "#1"}
			}
		},
		{
			"from": [6.4, 24.3, 23.6],
			"to": [6.7, 29.8, 23.7],
			"rotation": {"angle": -22.5, "axis": "x", "origin": [7.9, 22, 21]},
			"faces": {
				"north": {"uv": [5.42931, 12.10411, 4.70103, 13.86118], "rotation": 180, "texture": "#4"},
				"east": {"uv": [3.57841, 4.97686, 3.67841, 10.47686], "rotation": 180, "texture": "#4"},
				"south": {"uv": [2.509, 6.58098, 2.809, 12.08098], "rotation": 180, "texture": "#4"},
				"west": {"uv": [5.79949, 7.23907, 5.89949, 12.73907], "rotation": 180, "texture": "#4"},
				"up": {"uv": [2.75578, 9.37789, 5.44139, 12.11028], "texture": "#4"},
				"down": {"uv": [2.17995, 8.26735, 5.60591, 12.15141], "texture": "#4"}
			}
		},
		{
			"from": [9.6, 24.3, 23.6],
			"to": [9.9, 29.8, 23.7],
			"rotation": {"angle": -22.5, "axis": "x", "origin": [7.9, 22, 21]},
			"faces": {
				"north": {"uv": [2.63239, 6.55141, 1.90411, 8.30848], "rotation": 180, "texture": "#4"},
				"east": {"uv": [3.12596, 6.91003, 4.29537, 12.41003], "rotation": 180, "texture": "#4"},
				"south": {"uv": [2.509, 6.58098, 2.809, 12.08098], "rotation": 180, "texture": "#4"},
				"west": {"uv": [1.68638, 2.67352, 1.78638, 8.17352], "rotation": 180, "texture": "#4"},
				"up": {"uv": [2.13882, 6.33419, 4.61877, 12.48046], "texture": "#4"},
				"down": {"uv": [2.71465, 6.37532, 4.90668, 13.01517], "texture": "#4"}
			}
		},
		{
			"from": [6.7, 29.5, 23.6],
			"to": [9.6, 29.8, 23.7],
			"rotation": {"angle": -22.5, "axis": "x", "origin": [7.9, 22, 21]},
			"faces": {
				"north": {"uv": [3.82519, 5.23522, 3.31131, 4.42468], "rotation": 180, "texture": "#4"},
				"east": {"uv": [3.29049, 8.43188, 4.25424, 9.67789], "rotation": 180, "texture": "#4"},
				"south": {"uv": [2.509, 6.58098, 5.409, 6.88098], "rotation": 180, "texture": "#4"},
				"west": {"uv": [1.68638, 2.67352, 1.78638, 2.97352], "rotation": 180, "texture": "#4"},
				"up": {"uv": [2.75578, 7.11568, 5.32674, 10.17712], "texture": "#4"},
				"down": {"uv": [2.34447, 7.56812, 5.24447, 7.66812], "texture": "#4"}
			}
		},
		{
			"from": [6.7, 24.3, 23.6],
			"to": [9.6, 24.6, 23.7],
			"rotation": {"angle": -22.5, "axis": "x", "origin": [7.9, 22, 21]},
			"faces": {
				"north": {"uv": [3.82519, 5.23522, 3.31131, 4.42468], "rotation": 180, "texture": "#4"},
				"east": {"uv": [2.79692, 8.43188, 3.63162, 9.56015], "rotation": 270, "texture": "#4"},
				"south": {"uv": [2.509, 6.58098, 5.409, 6.88098], "rotation": 180, "texture": "#4"},
				"west": {"uv": [1.68638, 2.67352, 1.78638, 2.97352], "rotation": 180, "texture": "#4"},
				"up": {"uv": [1.8509, 9.2545, 4.7509, 10.5473], "texture": "#4"},
				"down": {"uv": [1.93316, 8.02057, 4.83316, 9.64242], "texture": "#4"}
			}
		},
		{
			"from": [8, 6.7, -6],
			"to": [8, 17, 19],
			"faces": {
				"north": {"uv": [0, 0, 0, 10.3], "texture": "#missing"},
				"east": {"uv": [0, 0, 16, 10.3], "texture": "#6"},
				"south": {"uv": [0, 0, 0, 10.3], "texture": "#missing"},
				"west": {"uv": [0, 0, 16, 10.3], "texture": "#6"},
				"up": {"uv": [0, 0, 0, 16], "texture": "#missing"},
				"down": {"uv": [0, 0, 0, 16], "texture": "#missing"}
			}
		}
	],
	"display": {
		"thirdperson_righthand": {
			"scale": [0.2, 0.2, 0.2]
		},
		"thirdperson_lefthand": {
			"scale": [0.2, 0.2, 0.2]
		},
		"firstperson_righthand": {
			"scale": [0.2, 0.2, 0.2]
		},
		"firstperson_lefthand": {
			"scale": [0.2, 0.2, 0.2]
		},
		"head": {
			"translation": [0, -33.25, 20.75],
			"scale": [1.5, 1.5, 1.5]
		}
	}
}