{
	"credit": "Made with Blockbench",
	"textures": {
		"0": "item/mainst",
		"1": "item/vert",
		"2": "item/mainst2",
		"3": "item/gris",
		"4": "item/grisfonçés",
		"particle": "item/mainst"
	},
	"elements": [
		{
			"from": [0, 0, 1],
			"to": [1, 21, 2],
			"rotation": {"angle": 0, "axis": "y", "origin": [-1, 0, 1]},
			"faces": {
				"north": {"uv": [0, 0, 1, 16], "texture": "#1"},
				"east": {"uv": [0, 0, 1, 16], "texture": "#1"},
				"south": {"uv": [0, 0, 1, 16], "texture": "#1"},
				"west": {"uv": [0, 0, 1, 16], "texture": "#1"},
				"up": {"uv": [0, 0, 1, 1], "texture": "#1"},
				"down": {"uv": [0, 0, 1, 1], "texture": "#1"}
			}
		},
		{
			"from": [0, 0, 14],
			"to": [1, 21, 15],
			"rotation": {"angle": 0, "axis": "y", "origin": [-1, 0, 14]},
			"faces": {
				"north": {"uv": [0, 0, 1, 16], "texture": "#1"},
				"east": {"uv": [0, 0, 1, 16], "texture": "#1"},
				"south": {"uv": [0, 0, 1, 16], "texture": "#1"},
				"west": {"uv": [0, 0, 1, 16], "texture": "#1"},
				"up": {"uv": [0, 0, 1, 1], "texture": "#1"},
				"down": {"uv": [0, 0, 1, 1], "texture": "#1"}
			}
		},
		{
			"from": [15, 0, 14],
			"to": [16, 21, 15],
			"rotation": {"angle": 0, "axis": "y", "origin": [14, 0, 14]},
			"faces": {
				"north": {"uv": [0, 0, 1, 16], "texture": "#1"},
				"east": {"uv": [0, 0, 1, 16], "texture": "#1"},
				"south": {"uv": [0, 0, 1, 16], "texture": "#1"},
				"west": {"uv": [0, 0, 1, 16], "texture": "#1"},
				"up": {"uv": [0, 0, 1, 1], "texture": "#1"},
				"down": {"uv": [0, 0, 1, 1], "texture": "#1"}
			}
		},
		{
			"from": [15, 0, 1],
			"to": [16, 21, 2],
			"rotation": {"angle": 0, "axis": "y", "origin": [14, 0, 1]},
			"faces": {
				"north": {"uv": [0, 0, 1, 16], "texture": "#1"},
				"east": {"uv": [0, 0, 1, 16], "texture": "#1"},
				"south": {"uv": [0, 0, 1, 16], "texture": "#1"},
				"west": {"uv": [0, 0, 1, 16], "texture": "#1"},
				"up": {"uv": [0, 0, 1, 1], "texture": "#1"},
				"down": {"uv": [0, 0, 1, 1], "texture": "#1"}
			}
		},
		{
			"from": [1, 9.5, 1],
			"to": [15, 21, 2],
			"rotation": {"angle": 0, "axis": "y", "origin": [0, 11.5, 1]},
			"faces": {
				"north": {"uv": [0.57658, 0.21622, 15.71171, 15.71171], "texture": "#0"},
				"east": {"uv": [0, 0, 1, 16], "texture": "#missing"},
				"south": {"uv": [0, 0, 14, 16], "texture": "#1"},
				"west": {"uv": [0, 0, 1, 16], "texture": "#missing"},
				"up": {"uv": [0, 0, 14, 1], "texture": "#missing"},
				"down": {"uv": [0, 0, 14, 1], "texture": "#missing"}
			}
		},
		{
			"from": [1, 9.5, 14],
			"to": [15, 21, 15],
			"rotation": {"angle": 0, "axis": "y", "origin": [16, 11.5, 15]},
			"faces": {
				"north": {"uv": [0, 0, 14, 16], "texture": "#1"},
				"east": {"uv": [0, 0, 1, 16], "texture": "#missing"},
				"south": {"uv": [0.57658, 0.14414, 15.71171, 15.71171], "texture": "#0"},
				"west": {"uv": [0, 0, 1, 16], "texture": "#missing"},
				"up": {"uv": [0, 0, 14, 1], "rotation": 180, "texture": "#missing"},
				"down": {"uv": [0, 0, 14, 1], "rotation": 180, "texture": "#missing"}
			}
		},
		{
			"from": [1, 6.5, 1],
			"to": [15, 9.5, 2],
			"rotation": {"angle": 0, "axis": "y", "origin": [0, 5, 1]},
			"faces": {
				"north": {"uv": [0.64865, 6.12613, 16, 4.75676], "texture": "#0"},
				"east": {"uv": [0, 0, 1, 16], "texture": "#missing"},
				"south": {"uv": [0, 0, 14, 16], "texture": "#1"},
				"west": {"uv": [0, 0, 1, 16], "texture": "#missing"},
				"up": {"uv": [0, 0, 14, 1], "texture": "#missing"},
				"down": {"uv": [0, 0, 14, 1], "texture": "#missing"}
			}
		},
		{
			"from": [1, 1, 1],
			"to": [15, 6.5, 2],
			"rotation": {"angle": 0, "axis": "y", "origin": [0, 1, 1]},
			"faces": {
				"north": {"uv": [0.64865, 6.12613, 16, 0.21622], "texture": "#0"},
				"east": {"uv": [0, 0, 1, 16], "texture": "#missing"},
				"south": {"uv": [0, 0, 14, 16], "texture": "#1"},
				"west": {"uv": [0, 0, 1, 16], "texture": "#missing"},
				"up": {"uv": [0, 0, 14, 1], "texture": "#missing"},
				"down": {"uv": [0, 0, 14, 1], "texture": "#1"}
			}
		},
		{
			"from": [0, 21.38268, 1.07612],
			"to": [16, 23.38268, 2.07612],
			"rotation": {"angle": 22.5, "axis": "x", "origin": [1, 21.38268, 0.07612]},
			"faces": {
				"north": {"uv": [0, 0, 16, 2], "texture": "#1"},
				"east": {"uv": [0, 0, 1, 2], "texture": "#1"},
				"south": {"uv": [0, 0, 16, 2], "texture": "#1"},
				"west": {"uv": [0, 0, 1, 2], "texture": "#1"},
				"up": {"uv": [0, 0, 16, 1], "texture": "#1"},
				"down": {"uv": [0, 0, 16, 1], "texture": "#1"}
			}
		},
		{
			"from": [0, 23.55487, 2.05826],
			"to": [16, 25.55487, 3.05826],
			"rotation": {"angle": 45, "axis": "x", "origin": [1, 23.55487, 1.05826]},
			"faces": {
				"north": {"uv": [0, 0, 16, 2], "texture": "#1"},
				"east": {"uv": [0, 0, 1, 2], "texture": "#1"},
				"south": {"uv": [0, 0, 16, 2], "texture": "#1"},
				"west": {"uv": [0, 0, 1, 2], "texture": "#1"},
				"up": {"uv": [0, 0, 16, 1], "texture": "#1"},
				"down": {"uv": [0, 0, 16, 1], "texture": "#1"}
			}
		},
		{
			"from": [0, 23.18585, 2.7969],
			"to": [16, 24.18585, 4.7969],
			"rotation": {"angle": -22.5, "axis": "x", "origin": [1, 25.18585, 2.7969]},
			"faces": {
				"north": {"uv": [0, 0, 16, 1], "rotation": 180, "texture": "#1"},
				"east": {"uv": [0, 0, 1, 2], "rotation": 270, "texture": "#1"},
				"south": {"uv": [0, 0, 16, 1], "texture": "#1"},
				"west": {"uv": [0, 0, 1, 2], "rotation": 90, "texture": "#1"},
				"up": {"uv": [0, 0, 16, 2], "rotation": 180, "texture": "#1"},
				"down": {"uv": [0, 0, 16, 2], "texture": "#1"}
			}
		},
		{
			"from": [0, 24.02734, 5.02734],
			"to": [16, 25.02734, 11.02734],
			"rotation": {"angle": 0, "axis": "x", "origin": [1, 26.02734, 5.02734]},
			"faces": {
				"north": {"uv": [0, 0, 16, 1], "rotation": 180, "texture": "#1"},
				"east": {"uv": [0, 0, 1, 6], "rotation": 270, "texture": "#1"},
				"south": {"uv": [0, 0, 16, 1], "texture": "#1"},
				"west": {"uv": [0, 0, 1, 6], "rotation": 90, "texture": "#1"},
				"up": {"uv": [0, 0, 16, 6], "rotation": 180, "texture": "#1"},
				"down": {"uv": [0, 0, 16, 6], "texture": "#1"}
			}
		},
		{
			"from": [0, 20.23463, 14.15224],
			"to": [16, 22.23463, 15.15224],
			"rotation": {"angle": -22.5, "axis": "x", "origin": [1, 20.23463, 13.15224]},
			"faces": {
				"north": {"uv": [0, 0, 16, 2], "texture": "#1"},
				"east": {"uv": [0, 0, 1, 2], "texture": "#1"},
				"south": {"uv": [0, 0, 16, 2], "texture": "#1"},
				"west": {"uv": [0, 0, 1, 2], "texture": "#1"},
				"up": {"uv": [0, 0, 16, 1], "texture": "#1"},
				"down": {"uv": [0, 0, 16, 1], "texture": "#1"}
			}
		},
		{
			"from": [0, 21.43355, 13.82042],
			"to": [16, 23.43355, 14.82042],
			"rotation": {"angle": -45, "axis": "x", "origin": [1, 21.43355, 12.82042]},
			"faces": {
				"north": {"uv": [0, 0, 16, 2], "texture": "#1"},
				"east": {"uv": [0, 0, 1, 2], "texture": "#1"},
				"south": {"uv": [0, 0, 16, 2], "texture": "#1"},
				"west": {"uv": [0, 0, 1, 2], "texture": "#1"},
				"up": {"uv": [0, 0, 16, 1], "texture": "#1"},
				"down": {"uv": [0, 0, 16, 1], "texture": "#1"}
			}
		},
		{
			"from": [0, 23.41421, 10.05505],
			"to": [16, 24.41421, 12.05505],
			"rotation": {"angle": 22.5, "axis": "x", "origin": [1, 22.41421, 12.05505]},
			"faces": {
				"north": {"uv": [0, 0, 16, 1], "rotation": 180, "texture": "#1"},
				"east": {"uv": [0, 0, 1, 2], "rotation": 90, "texture": "#1"},
				"south": {"uv": [0, 0, 16, 1], "texture": "#1"},
				"west": {"uv": [0, 0, 1, 2], "rotation": 270, "texture": "#1"},
				"up": {"uv": [0, 0, 16, 2], "texture": "#1"},
				"down": {"uv": [0, 0, 16, 2], "rotation": 180, "texture": "#1"}
			}
		},
		{
			"from": [0, 10.5, 2],
			"to": [0.5, 18, 14],
			"faces": {
				"north": {"uv": [0, 0, 2, 16], "texture": "#missing"},
				"east": {"uv": [0, 0, 12, 16], "texture": "#1"},
				"south": {"uv": [0, 0, 2, 16], "texture": "#missing"},
				"west": {"uv": [0.37086, 1.74834, 15.41722, 16], "texture": "#2"},
				"up": {"uv": [0, 0, 2, 12], "texture": "#1"},
				"down": {"uv": [0, 0, 2, 12], "texture": "#missing"}
			}
		},
		{
			"from": [0, 1, 2],
			"to": [0.5, 10.5, 14],
			"rotation": {"angle": 0, "axis": "y", "origin": [0, -9.5, 0]},
			"faces": {
				"north": {"uv": [0, 0, 2, 16], "texture": "#missing"},
				"east": {"uv": [0, 0, 12, 16], "texture": "#1"},
				"south": {"uv": [0, 0, 2, 16], "texture": "#missing"},
				"west": {"uv": [0.37086, 16, 15.41722, 1.74834], "texture": "#2"},
				"up": {"uv": [0, 0, 2, 12], "texture": "#missing"},
				"down": {"uv": [0, 0, 2, 12], "texture": "#1"}
			}
		},
		{
			"from": [15.5, 10, 2],
			"to": [16, 18.5, 14],
			"rotation": {"angle": 0, "axis": "y", "origin": [16, -10, 16]},
			"faces": {
				"north": {"uv": [0, 0, 2, 16], "texture": "#missing"},
				"east": {"uv": [0.37086, 1.74834, 15.41722, 16], "texture": "#2"},
				"south": {"uv": [0, 0, 2, 16], "texture": "#missing"},
				"west": {"uv": [0, 0, 12, 16], "texture": "#1"},
				"up": {"uv": [0, 0, 2, 12], "rotation": 180, "texture": "#1"},
				"down": {"uv": [0, 0, 2, 12], "rotation": 180, "texture": "#missing"}
			}
		},
		{
			"from": [15.5, 1, 2],
			"to": [16, 10, 14],
			"rotation": {"angle": 0, "axis": "y", "origin": [16, -9.5, 16]},
			"faces": {
				"north": {"uv": [0, 0, 2, 16], "texture": "#missing"},
				"east": {"uv": [0.37086, 16, 15.41722, 1.74834], "texture": "#2"},
				"south": {"uv": [0, 0, 2, 16], "texture": "#missing"},
				"west": {"uv": [0, 0, 12, 16], "texture": "#1"},
				"up": {"uv": [0, 0, 2, 12], "rotation": 180, "texture": "#missing"},
				"down": {"uv": [0, 0, 2, 12], "rotation": 180, "texture": "#1"}
			}
		},
		{
			"from": [0.5, 1, 2],
			"to": [15.5, 1, 14],
			"faces": {
				"north": {"uv": [0, 0, 15, 0], "texture": "#1"},
				"east": {"uv": [0, 0, 12, 0], "texture": "#1"},
				"south": {"uv": [0, 0, 15, 0], "texture": "#1"},
				"west": {"uv": [0, 0, 12, 0], "texture": "#1"},
				"up": {"uv": [0, 0, 15, 12], "texture": "#1"},
				"down": {"uv": [0, 0, 15, 12], "texture": "#1"}
			}
		},
		{
			"from": [0.5, 18, 9.5],
			"to": [0.5, 22.8, 14],
			"rotation": {"angle": 0, "axis": "y", "origin": [0.5, 18, 7]},
			"faces": {
				"north": {"uv": [0, 0, 0, 4.8], "texture": "#3"},
				"east": {"uv": [0, 0, 12, 4.8], "texture": "#3"},
				"south": {"uv": [0, 0, 0, 4.8], "texture": "#3"},
				"west": {"uv": [0, 0, 12, 4.8], "texture": "#3"},
				"up": {"uv": [0, 0, 0, 12], "texture": "#3"},
				"down": {"uv": [0, 0, 0, 12], "texture": "#3"}
			}
		},
		{
			"from": [0.5, 22.8, 3.1],
			"to": [0.5, 24.1, 12.9],
			"rotation": {"angle": 0, "axis": "y", "origin": [0.5, 20.8, 7]},
			"faces": {
				"north": {"uv": [0, 0, 0, 1.3], "texture": "#3"},
				"east": {"uv": [0, 0, 9.8, 1.3], "texture": "#3"},
				"south": {"uv": [0, 0, 0, 1.3], "texture": "#3"},
				"west": {"uv": [0, 0, 9.8, 1.3], "texture": "#3"},
				"up": {"uv": [0, 0, 0, 9.8], "texture": "#3"},
				"down": {"uv": [0, 0, 0, 9.8], "texture": "#3"}
			}
		},
		{
			"from": [1, 6.5, 14],
			"to": [15, 9.5, 15],
			"rotation": {"angle": 0, "axis": "y", "origin": [16, 5, 15]},
			"faces": {
				"north": {"uv": [0, 0, 14, 16], "texture": "#1"},
				"east": {"uv": [0, 0, 1, 16], "texture": "#missing"},
				"south": {"uv": [0.64865, 6.12613, 16, 4.75676], "texture": "#0"},
				"west": {"uv": [0, 0, 1, 16], "texture": "#missing"},
				"up": {"uv": [0, 0, 14, 1], "rotation": 180, "texture": "#missing"},
				"down": {"uv": [0, 0, 14, 1], "rotation": 180, "texture": "#missing"}
			}
		},
		{
			"from": [1, 1, 14],
			"to": [15, 6.5, 15],
			"rotation": {"angle": 0, "axis": "y", "origin": [16, 1, 15]},
			"faces": {
				"north": {"uv": [0, 0, 14, 16], "texture": "#1"},
				"east": {"uv": [0, 0, 1, 16], "texture": "#missing"},
				"south": {"uv": [0.64865, 6.12613, 16, 0.21622], "texture": "#0"},
				"west": {"uv": [0, 0, 1, 16], "texture": "#missing"},
				"up": {"uv": [0, 0, 14, 1], "rotation": 180, "texture": "#missing"},
				"down": {"uv": [0, 0, 14, 1], "rotation": 180, "texture": "#1"}
			}
		},
		{
			"from": [0.5, 14, 2],
			"to": [15.5, 14, 14],
			"rotation": {"angle": 0, "axis": "y", "origin": [0, 13, 0]},
			"faces": {
				"north": {"uv": [0, 0, 15, 0], "texture": "#1"},
				"east": {"uv": [0, 0, 12, 0], "texture": "#1"},
				"south": {"uv": [0, 0, 15, 0], "texture": "#1"},
				"west": {"uv": [0, 0, 12, 0], "texture": "#1"},
				"up": {"uv": [0, 0, 15, 12], "texture": "#1"},
				"down": {"uv": [0, 0, 15, 12], "texture": "#1"}
			}
		},
		{
			"name": "hexadecagon",
			"from": [0.25, 20.50272, 5.5],
			"to": [0.5, 21.49728, 6.5],
			"rotation": {"angle": -45, "axis": "x", "origin": [0, 21, 8]},
			"faces": {
				"north": {"uv": [0, 0, 1, 1], "texture": "#4"},
				"east": {"uv": [0, 0, 1, 1], "texture": "#4"},
				"south": {"uv": [0, 0, 1, 1], "texture": "#4"},
				"west": {"uv": [0, 0, 1, 1], "texture": "#4"},
				"up": {"uv": [0, 0, 1, 1], "texture": "#4"},
				"down": {"uv": [0, 0, 1, 1], "texture": "#4"}
			}
		},
		{
			"name": "hexadecagon",
			"from": [0.25, 20.50272, 5.5],
			"to": [0.5, 21.49728, 6.5],
			"rotation": {"angle": -22.5, "axis": "x", "origin": [0, 21, 8]},
			"faces": {
				"north": {"uv": [0, 0, 1, 1], "texture": "#4"},
				"east": {"uv": [0, 0, 1, 1], "texture": "#4"},
				"south": {"uv": [0, 0, 1, 1], "texture": "#4"},
				"west": {"uv": [0, 0, 1, 1], "texture": "#4"},
				"up": {"uv": [0, 0, 1, 1], "texture": "#4"},
				"down": {"uv": [0, 0, 1, 1], "texture": "#4"}
			}
		},
		{
			"name": "hexadecagon",
			"from": [0.25, 20.50272, 5.5],
			"to": [0.5, 21.49728, 6.5],
			"rotation": {"angle": 0, "axis": "x", "origin": [0, 21, 8]},
			"faces": {
				"north": {"uv": [0, 0, 1, 1], "texture": "#4"},
				"east": {"uv": [0, 0, 1, 1], "texture": "#4"},
				"south": {"uv": [0, 0, 1, 1], "texture": "#4"},
				"west": {"uv": [0, 0, 1, 1], "texture": "#4"},
				"up": {"uv": [0, 0, 1, 1], "texture": "#4"},
				"down": {"uv": [0, 0, 1, 1], "texture": "#4"}
			}
		},
		{
			"name": "hexadecagon",
			"from": [0.25, 20.50272, 5.5],
			"to": [0.5, 21.49728, 6.5],
			"rotation": {"angle": 22.5, "axis": "x", "origin": [0, 21, 8]},
			"faces": {
				"north": {"uv": [0, 0, 1, 1], "texture": "#4"},
				"east": {"uv": [0, 0, 1, 1], "texture": "#4"},
				"south": {"uv": [0, 0, 1, 1], "texture": "#4"},
				"west": {"uv": [0, 0, 1, 1], "texture": "#4"},
				"up": {"uv": [0, 0, 1, 1], "texture": "#4"},
				"down": {"uv": [0, 0, 1, 1], "texture": "#4"}
			}
		},
		{
			"name": "hexadecagon",
			"from": [0.25, 20.50272, 5.5],
			"to": [0.5, 21.49728, 6.5],
			"rotation": {"angle": 45, "axis": "x", "origin": [0, 21, 8]},
			"faces": {
				"north": {"uv": [0, 0, 1, 1], "texture": "#4"},
				"east": {"uv": [0, 0, 1, 1], "texture": "#4"},
				"south": {"uv": [0, 0, 1, 1], "texture": "#4"},
				"west": {"uv": [0, 0, 1, 1], "texture": "#4"},
				"up": {"uv": [0, 0, 1, 1], "texture": "#4"},
				"down": {"uv": [0, 0, 1, 1], "texture": "#4"}
			}
		},
		{
			"name": "hexadecagon",
			"from": [0.25, 20.50272, 9.5],
			"to": [0.5, 21.49728, 10.5],
			"rotation": {"angle": -45, "axis": "x", "origin": [0, 21, 8]},
			"faces": {
				"north": {"uv": [0, 0, 1, 1], "texture": "#4"},
				"east": {"uv": [0, 0, 1, 1], "texture": "#4"},
				"south": {"uv": [0, 0, 1, 1], "texture": "#4"},
				"west": {"uv": [0, 0, 1, 1], "texture": "#4"},
				"up": {"uv": [0, 0, 1, 1], "texture": "#4"},
				"down": {"uv": [0, 0, 1, 1], "texture": "#4"}
			}
		},
		{
			"name": "hexadecagon",
			"from": [0.25, 20.50272, 9.5],
			"to": [0.5, 21.49728, 10.5],
			"rotation": {"angle": -22.5, "axis": "x", "origin": [0, 21, 8]},
			"faces": {
				"north": {"uv": [0, 0, 1, 1], "texture": "#4"},
				"east": {"uv": [0, 0, 1, 1], "texture": "#4"},
				"south": {"uv": [0, 0, 1, 1], "texture": "#4"},
				"west": {"uv": [0, 0, 1, 1], "texture": "#4"},
				"up": {"uv": [0, 0, 1, 1], "texture": "#4"},
				"down": {"uv": [0, 0, 1, 1], "texture": "#4"}
			}
		},
		{
			"name": "hexadecagon",
			"from": [0.25, 20.50272, 9.5],
			"to": [0.5, 21.49728, 10.5],
			"rotation": {"angle": 0, "axis": "x", "origin": [0, 21, 8]},
			"faces": {
				"north": {"uv": [0, 0, 1, 1], "texture": "#4"},
				"east": {"uv": [0, 0, 1, 1], "texture": "#4"},
				"south": {"uv": [0, 0, 1, 1], "texture": "#4"},
				"west": {"uv": [0, 0, 1, 1], "texture": "#4"},
				"up": {"uv": [0, 0, 1, 1], "texture": "#4"},
				"down": {"uv": [0, 0, 1, 1], "texture": "#4"}
			}
		},
		{
			"name": "hexadecagon",
			"from": [0.25, 20.50272, 9.5],
			"to": [0.5, 21.49728, 10.5],
			"rotation": {"angle": 22.5, "axis": "x", "origin": [0, 21, 8]},
			"faces": {
				"north": {"uv": [0, 0, 1, 1], "texture": "#4"},
				"east": {"uv": [0, 0, 1, 1], "texture": "#4"},
				"south": {"uv": [0, 0, 1, 1], "texture": "#4"},
				"west": {"uv": [0, 0, 1, 1], "texture": "#4"},
				"up": {"uv": [0, 0, 1, 1], "texture": "#4"},
				"down": {"uv": [0, 0, 1, 1], "texture": "#4"}
			}
		},
		{
			"name": "hexadecagon",
			"from": [0.25, 20.50272, 9.5],
			"to": [0.5, 21.49728, 10.5],
			"rotation": {"angle": 45, "axis": "x", "origin": [0, 21, 8]},
			"faces": {
				"north": {"uv": [0, 0, 1, 1], "texture": "#4"},
				"east": {"uv": [0, 0, 1, 1], "texture": "#4"},
				"south": {"uv": [0, 0, 1, 1], "texture": "#4"},
				"west": {"uv": [0, 0, 1, 1], "texture": "#4"},
				"up": {"uv": [0, 0, 1, 1], "texture": "#4"},
				"down": {"uv": [0, 0, 1, 1], "texture": "#4"}
			}
		},
		{
			"name": "hexadecagon",
			"from": [0.25, 18.5, 7.50272],
			"to": [0.5, 19.5, 8.49728],
			"rotation": {"angle": -22.5, "axis": "x", "origin": [0, 21, 8]},
			"faces": {
				"north": {"uv": [0, 0, 1, 1], "texture": "#4"},
				"east": {"uv": [0, 0, 1, 1], "texture": "#4"},
				"south": {"uv": [0, 0, 1, 1], "texture": "#4"},
				"west": {"uv": [0, 0, 1, 1], "texture": "#4"},
				"up": {"uv": [0, 0, 1, 1], "texture": "#4"},
				"down": {"uv": [0, 0, 1, 1], "texture": "#4"}
			}
		},
		{
			"name": "hexadecagon",
			"from": [0.25, 18.5, 7.50272],
			"to": [0.5, 19.5, 8.49728],
			"rotation": {"angle": 0, "axis": "x", "origin": [0, 21, 8]},
			"faces": {
				"north": {"uv": [0, 0, 1, 1], "texture": "#4"},
				"east": {"uv": [0, 0, 1, 1], "texture": "#4"},
				"south": {"uv": [0, 0, 1, 1], "texture": "#4"},
				"west": {"uv": [0, 0, 1, 1], "texture": "#4"},
				"up": {"uv": [0, 0, 1, 1], "texture": "#4"},
				"down": {"uv": [0, 0, 1, 1], "texture": "#4"}
			}
		},
		{
			"name": "hexadecagon",
			"from": [0.25, 18.5, 7.50272],
			"to": [0.5, 19.5, 8.49728],
			"rotation": {"angle": 22.5, "axis": "x", "origin": [0, 21, 8]},
			"faces": {
				"north": {"uv": [0, 0, 1, 1], "texture": "#4"},
				"east": {"uv": [0, 0, 1, 1], "texture": "#4"},
				"south": {"uv": [0, 0, 1, 1], "texture": "#4"},
				"west": {"uv": [0, 0, 1, 1], "texture": "#4"},
				"up": {"uv": [0, 0, 1, 1], "texture": "#4"},
				"down": {"uv": [0, 0, 1, 1], "texture": "#4"}
			}
		},
		{
			"name": "hexadecagon",
			"from": [0.25, 22.5, 7.50272],
			"to": [0.5, 23.5, 8.49728],
			"rotation": {"angle": -22.5, "axis": "x", "origin": [0, 21, 8]},
			"faces": {
				"north": {"uv": [0, 0, 1, 1], "texture": "#4"},
				"east": {"uv": [0, 0, 1, 1], "texture": "#4"},
				"south": {"uv": [0, 0, 1, 1], "texture": "#4"},
				"west": {"uv": [0, 0, 1, 1], "texture": "#4"},
				"up": {"uv": [0, 0, 1, 1], "texture": "#4"},
				"down": {"uv": [0, 0, 1, 1], "texture": "#4"}
			}
		},
		{
			"name": "hexadecagon",
			"from": [0.25, 22.5, 7.50272],
			"to": [0.5, 23.5, 8.49728],
			"rotation": {"angle": 0, "axis": "x", "origin": [0, 21, 8]},
			"faces": {
				"north": {"uv": [0, 0, 1, 1], "texture": "#4"},
				"east": {"uv": [0, 0, 1, 1], "texture": "#4"},
				"south": {"uv": [0, 0, 1, 1], "texture": "#4"},
				"west": {"uv": [0, 0, 1, 1], "texture": "#4"},
				"up": {"uv": [0, 0, 1, 1], "texture": "#4"},
				"down": {"uv": [0, 0, 1, 1], "texture": "#4"}
			}
		},
		{
			"name": "hexadecagon",
			"from": [0.25, 22.5, 7.50272],
			"to": [0.5, 23.5, 8.49728],
			"rotation": {"angle": 22.5, "axis": "x", "origin": [0, 21, 8]},
			"faces": {
				"north": {"uv": [0, 0, 1, 1], "texture": "#4"},
				"east": {"uv": [0, 0, 1, 1], "texture": "#4"},
				"south": {"uv": [0, 0, 1, 1], "texture": "#4"},
				"west": {"uv": [0, 0, 1, 1], "texture": "#4"},
				"up": {"uv": [0, 0, 1, 1], "texture": "#4"},
				"down": {"uv": [0, 0, 1, 1], "texture": "#4"}
			}
		},
		{
			"from": [0.5, 18, 2],
			"to": [0.5, 22.8, 6.5],
			"rotation": {"angle": 0, "axis": "y", "origin": [0.5, 18, -0.5]},
			"faces": {
				"north": {"uv": [0, 0, 0, 4.8], "texture": "#3"},
				"east": {"uv": [0, 0, 12, 4.8], "texture": "#3"},
				"south": {"uv": [0, 0, 0, 4.8], "texture": "#3"},
				"west": {"uv": [0, 0, 12, 4.8], "texture": "#3"},
				"up": {"uv": [0, 0, 0, 12], "texture": "#3"},
				"down": {"uv": [0, 0, 0, 12], "texture": "#3"}
			}
		},
		{
			"from": [0.5, 18, 6.5],
			"to": [0.5, 19.3, 9.5],
			"rotation": {"angle": 0, "axis": "y", "origin": [0.5, 16, 7]},
			"faces": {
				"north": {"uv": [0, 0, 0, 1.3], "texture": "#3"},
				"east": {"uv": [0, 0, 9.8, 1.3], "texture": "#3"},
				"south": {"uv": [0, 0, 0, 1.3], "texture": "#3"},
				"west": {"uv": [0, 0, 9.8, 1.3], "texture": "#3"},
				"up": {"uv": [0, 0, 0, 9.8], "texture": "#3"},
				"down": {"uv": [0, 0, 0, 9.8], "texture": "#3"}
			}
		},
		{
			"name": "hexadecagon",
			"from": [15.55, 20.50272, 5.5],
			"to": [15.8, 21.49728, 6.5],
			"rotation": {"angle": -45, "axis": "x", "origin": [15.3, 21, 8]},
			"faces": {
				"north": {"uv": [0, 0, 1, 1], "texture": "#4"},
				"east": {"uv": [0, 0, 1, 1], "texture": "#4"},
				"south": {"uv": [0, 0, 1, 1], "texture": "#4"},
				"west": {"uv": [0, 0, 1, 1], "texture": "#4"},
				"up": {"uv": [0, 0, 1, 1], "texture": "#4"},
				"down": {"uv": [0, 0, 1, 1], "texture": "#4"}
			}
		},
		{
			"name": "hexadecagon",
			"from": [15.55, 20.50272, 5.5],
			"to": [15.8, 21.49728, 6.5],
			"rotation": {"angle": -22.5, "axis": "x", "origin": [15.3, 21, 8]},
			"faces": {
				"north": {"uv": [0, 0, 1, 1], "texture": "#4"},
				"east": {"uv": [0, 0, 1, 1], "texture": "#4"},
				"south": {"uv": [0, 0, 1, 1], "texture": "#4"},
				"west": {"uv": [0, 0, 1, 1], "texture": "#4"},
				"up": {"uv": [0, 0, 1, 1], "texture": "#4"},
				"down": {"uv": [0, 0, 1, 1], "texture": "#4"}
			}
		},
		{
			"name": "hexadecagon",
			"from": [15.55, 20.50272, 5.5],
			"to": [15.8, 21.49728, 6.5],
			"rotation": {"angle": 0, "axis": "y", "origin": [15.3, 21, 8]},
			"faces": {
				"north": {"uv": [0, 0, 1, 1], "texture": "#4"},
				"east": {"uv": [0, 0, 1, 1], "texture": "#4"},
				"south": {"uv": [0, 0, 1, 1], "texture": "#4"},
				"west": {"uv": [0, 0, 1, 1], "texture": "#4"},
				"up": {"uv": [0, 0, 1, 1], "texture": "#4"},
				"down": {"uv": [0, 0, 1, 1], "texture": "#4"}
			}
		},
		{
			"name": "hexadecagon",
			"from": [15.55, 20.50272, 5.5],
			"to": [15.8, 21.49728, 6.5],
			"rotation": {"angle": 22.5, "axis": "x", "origin": [15.3, 21, 8]},
			"faces": {
				"north": {"uv": [0, 0, 1, 1], "texture": "#4"},
				"east": {"uv": [0, 0, 1, 1], "texture": "#4"},
				"south": {"uv": [0, 0, 1, 1], "texture": "#4"},
				"west": {"uv": [0, 0, 1, 1], "texture": "#4"},
				"up": {"uv": [0, 0, 1, 1], "texture": "#4"},
				"down": {"uv": [0, 0, 1, 1], "texture": "#4"}
			}
		},
		{
			"name": "hexadecagon",
			"from": [15.55, 20.50272, 5.5],
			"to": [15.8, 21.49728, 6.5],
			"rotation": {"angle": 45, "axis": "x", "origin": [15.3, 21, 8]},
			"faces": {
				"north": {"uv": [0, 0, 1, 1], "texture": "#4"},
				"east": {"uv": [0, 0, 1, 1], "texture": "#4"},
				"south": {"uv": [0, 0, 1, 1], "texture": "#4"},
				"west": {"uv": [0, 0, 1, 1], "texture": "#4"},
				"up": {"uv": [0, 0, 1, 1], "texture": "#4"},
				"down": {"uv": [0, 0, 1, 1], "texture": "#4"}
			}
		},
		{
			"name": "hexadecagon",
			"from": [15.55, 20.50272, 9.5],
			"to": [15.8, 21.49728, 10.5],
			"rotation": {"angle": -45, "axis": "x", "origin": [15.3, 21, 8]},
			"faces": {
				"north": {"uv": [0, 0, 1, 1], "texture": "#4"},
				"east": {"uv": [0, 0, 1, 1], "texture": "#4"},
				"south": {"uv": [0, 0, 1, 1], "texture": "#4"},
				"west": {"uv": [0, 0, 1, 1], "texture": "#4"},
				"up": {"uv": [0, 0, 1, 1], "texture": "#4"},
				"down": {"uv": [0, 0, 1, 1], "texture": "#4"}
			}
		},
		{
			"name": "hexadecagon",
			"from": [15.55, 20.50272, 9.5],
			"to": [15.8, 21.49728, 10.5],
			"rotation": {"angle": -22.5, "axis": "x", "origin": [15.3, 21, 8]},
			"faces": {
				"north": {"uv": [0, 0, 1, 1], "texture": "#4"},
				"east": {"uv": [0, 0, 1, 1], "texture": "#4"},
				"south": {"uv": [0, 0, 1, 1], "texture": "#4"},
				"west": {"uv": [0, 0, 1, 1], "texture": "#4"},
				"up": {"uv": [0, 0, 1, 1], "texture": "#4"},
				"down": {"uv": [0, 0, 1, 1], "texture": "#4"}
			}
		},
		{
			"name": "hexadecagon",
			"from": [15.55, 20.50272, 9.5],
			"to": [15.8, 21.49728, 10.5],
			"rotation": {"angle": 0, "axis": "y", "origin": [15.3, 21, 8]},
			"faces": {
				"north": {"uv": [0, 0, 1, 1], "texture": "#4"},
				"east": {"uv": [0, 0, 1, 1], "texture": "#4"},
				"south": {"uv": [0, 0, 1, 1], "texture": "#4"},
				"west": {"uv": [0, 0, 1, 1], "texture": "#4"},
				"up": {"uv": [0, 0, 1, 1], "texture": "#4"},
				"down": {"uv": [0, 0, 1, 1], "texture": "#4"}
			}
		},
		{
			"name": "hexadecagon",
			"from": [15.55, 20.50272, 9.5],
			"to": [15.8, 21.49728, 10.5],
			"rotation": {"angle": 22.5, "axis": "x", "origin": [15.3, 21, 8]},
			"faces": {
				"north": {"uv": [0, 0, 1, 1], "texture": "#4"},
				"east": {"uv": [0, 0, 1, 1], "texture": "#4"},
				"south": {"uv": [0, 0, 1, 1], "texture": "#4"},
				"west": {"uv": [0, 0, 1, 1], "texture": "#4"},
				"up": {"uv": [0, 0, 1, 1], "texture": "#4"},
				"down": {"uv": [0, 0, 1, 1], "texture": "#4"}
			}
		},
		{
			"name": "hexadecagon",
			"from": [15.55, 20.50272, 9.5],
			"to": [15.8, 21.49728, 10.5],
			"rotation": {"angle": 45, "axis": "x", "origin": [15.3, 21, 8]},
			"faces": {
				"north": {"uv": [0, 0, 1, 1], "texture": "#4"},
				"east": {"uv": [0, 0, 1, 1], "texture": "#4"},
				"south": {"uv": [0, 0, 1, 1], "texture": "#4"},
				"west": {"uv": [0, 0, 1, 1], "texture": "#4"},
				"up": {"uv": [0, 0, 1, 1], "texture": "#4"},
				"down": {"uv": [0, 0, 1, 1], "texture": "#4"}
			}
		},
		{
			"name": "hexadecagon",
			"from": [15.55, 18.5, 7.50272],
			"to": [15.8, 19.5, 8.49728],
			"rotation": {"angle": -22.5, "axis": "x", "origin": [15.3, 21, 8]},
			"faces": {
				"north": {"uv": [0, 0, 1, 1], "texture": "#4"},
				"east": {"uv": [0, 0, 1, 1], "texture": "#4"},
				"south": {"uv": [0, 0, 1, 1], "texture": "#4"},
				"west": {"uv": [0, 0, 1, 1], "texture": "#4"},
				"up": {"uv": [0, 0, 1, 1], "texture": "#4"},
				"down": {"uv": [0, 0, 1, 1], "texture": "#4"}
			}
		},
		{
			"name": "hexadecagon",
			"from": [15.55, 18.5, 7.50272],
			"to": [15.8, 19.5, 8.49728],
			"rotation": {"angle": 0, "axis": "y", "origin": [15.3, 21, 8]},
			"faces": {
				"north": {"uv": [0, 0, 1, 1], "texture": "#4"},
				"east": {"uv": [0, 0, 1, 1], "texture": "#4"},
				"south": {"uv": [0, 0, 1, 1], "texture": "#4"},
				"west": {"uv": [0, 0, 1, 1], "texture": "#4"},
				"up": {"uv": [0, 0, 1, 1], "texture": "#4"},
				"down": {"uv": [0, 0, 1, 1], "texture": "#4"}
			}
		},
		{
			"name": "hexadecagon",
			"from": [15.55, 18.5, 7.50272],
			"to": [15.8, 19.5, 8.49728],
			"rotation": {"angle": 22.5, "axis": "x", "origin": [15.3, 21, 8]},
			"faces": {
				"north": {"uv": [0, 0, 1, 1], "texture": "#4"},
				"east": {"uv": [0, 0, 1, 1], "texture": "#4"},
				"south": {"uv": [0, 0, 1, 1], "texture": "#4"},
				"west": {"uv": [0, 0, 1, 1], "texture": "#4"},
				"up": {"uv": [0, 0, 1, 1], "texture": "#4"},
				"down": {"uv": [0, 0, 1, 1], "texture": "#4"}
			}
		},
		{
			"name": "hexadecagon",
			"from": [15.55, 22.5, 7.50272],
			"to": [15.8, 23.5, 8.49728],
			"rotation": {"angle": -22.5, "axis": "x", "origin": [15.3, 21, 8]},
			"faces": {
				"north": {"uv": [0, 0, 1, 1], "texture": "#4"},
				"east": {"uv": [0, 0, 1, 1], "texture": "#4"},
				"south": {"uv": [0, 0, 1, 1], "texture": "#4"},
				"west": {"uv": [0, 0, 1, 1], "texture": "#4"},
				"up": {"uv": [0, 0, 1, 1], "texture": "#4"},
				"down": {"uv": [0, 0, 1, 1], "texture": "#4"}
			}
		},
		{
			"name": "hexadecagon",
			"from": [15.55, 22.5, 7.50272],
			"to": [15.8, 23.5, 8.49728],
			"rotation": {"angle": 0, "axis": "y", "origin": [15.3, 21, 8]},
			"faces": {
				"north": {"uv": [0, 0, 1, 1], "texture": "#4"},
				"east": {"uv": [0, 0, 1, 1], "texture": "#4"},
				"south": {"uv": [0, 0, 1, 1], "texture": "#4"},
				"west": {"uv": [0, 0, 1, 1], "texture": "#4"},
				"up": {"uv": [0, 0, 1, 1], "texture": "#4"},
				"down": {"uv": [0, 0, 1, 1], "texture": "#4"}
			}
		},
		{
			"name": "hexadecagon",
			"from": [15.55, 22.5, 7.50272],
			"to": [15.8, 23.5, 8.49728],
			"rotation": {"angle": 22.5, "axis": "x", "origin": [15.3, 21, 8]},
			"faces": {
				"north": {"uv": [0, 0, 1, 1], "texture": "#4"},
				"east": {"uv": [0, 0, 1, 1], "texture": "#4"},
				"south": {"uv": [0, 0, 1, 1], "texture": "#4"},
				"west": {"uv": [0, 0, 1, 1], "texture": "#4"},
				"up": {"uv": [0, 0, 1, 1], "texture": "#4"},
				"down": {"uv": [0, 0, 1, 1], "texture": "#4"}
			}
		},
		{
			"from": [15.5, 18.5, 2],
			"to": [15.5, 22.8, 6.5],
			"rotation": {"angle": 0, "axis": "y", "origin": [15.5, 18, -0.5]},
			"faces": {
				"north": {"uv": [0, 0, 0, 4.8], "texture": "#3"},
				"east": {"uv": [0, 0, 12, 4.8], "texture": "#3"},
				"south": {"uv": [0, 0, 0, 4.8], "texture": "#3"},
				"west": {"uv": [0, 0, 12, 4.8], "texture": "#3"},
				"up": {"uv": [0, 0, 0, 12], "texture": "#3"},
				"down": {"uv": [0, 0, 0, 12], "texture": "#3"}
			}
		},
		{
			"from": [15.5, 18.5, 9.5],
			"to": [15.5, 22.8, 14],
			"rotation": {"angle": 0, "axis": "y", "origin": [15.5, 18, 7]},
			"faces": {
				"north": {"uv": [0, 0, 0, 4.8], "texture": "#3"},
				"east": {"uv": [0, 0, 12, 4.8], "texture": "#3"},
				"south": {"uv": [0, 0, 0, 4.8], "texture": "#3"},
				"west": {"uv": [0, 0, 12, 4.8], "texture": "#3"},
				"up": {"uv": [0, 0, 0, 12], "texture": "#3"},
				"down": {"uv": [0, 0, 0, 12], "texture": "#3"}
			}
		},
		{
			"from": [15.5, 18.5, 6.5],
			"to": [15.5, 19.3, 9.5],
			"rotation": {"angle": 0, "axis": "y", "origin": [15.5, 16, 7]},
			"faces": {
				"north": {"uv": [0, 0, 0, 1.3], "texture": "#3"},
				"east": {"uv": [0, 0, 9.8, 1.3], "texture": "#3"},
				"south": {"uv": [0, 0, 0, 1.3], "texture": "#3"},
				"west": {"uv": [0, 0, 9.8, 1.3], "texture": "#3"},
				"up": {"uv": [0, 0, 0, 9.8], "texture": "#3"},
				"down": {"uv": [0, 0, 0, 9.8], "texture": "#3"}
			}
		},
		{
			"from": [15.5, 22.8, 3.1],
			"to": [15.5, 24.1, 12.9],
			"rotation": {"angle": 0, "axis": "y", "origin": [15.5, 20.8, 7]},
			"faces": {
				"north": {"uv": [0, 0, 0, 1.3], "texture": "#3"},
				"east": {"uv": [0, 0, 9.8, 1.3], "texture": "#3"},
				"south": {"uv": [0, 0, 0, 1.3], "texture": "#3"},
				"west": {"uv": [0, 0, 9.8, 1.3], "texture": "#3"},
				"up": {"uv": [0, 0, 0, 9.8], "texture": "#3"},
				"down": {"uv": [0, 0, 0, 9.8], "texture": "#3"}
			}
		},
		{
			"name": "hexadecagon",
			"from": [15.55, 20.50272, 5.5],
			"to": [15.8, 21.49728, 6.5],
			"rotation": {"angle": -45, "axis": "x", "origin": [15.3, 21, 8]},
			"faces": {
				"north": {"uv": [0, 0, 1, 1], "texture": "#4"},
				"east": {"uv": [0, 0, 1, 1], "texture": "#4"},
				"south": {"uv": [0, 0, 1, 1], "texture": "#4"},
				"west": {"uv": [0, 0, 1, 1], "texture": "#4"},
				"up": {"uv": [0, 0, 1, 1], "texture": "#4"},
				"down": {"uv": [0, 0, 1, 1], "texture": "#4"}
			}
		},
		{
			"name": "hexadecagon",
			"from": [15.55, 20.50272, 5.5],
			"to": [15.8, 21.49728, 6.5],
			"rotation": {"angle": -22.5, "axis": "x", "origin": [15.3, 21, 8]},
			"faces": {
				"north": {"uv": [0, 0, 1, 1], "texture": "#4"},
				"east": {"uv": [0, 0, 1, 1], "texture": "#4"},
				"south": {"uv": [0, 0, 1, 1], "texture": "#4"},
				"west": {"uv": [0, 0, 1, 1], "texture": "#4"},
				"up": {"uv": [0, 0, 1, 1], "texture": "#4"},
				"down": {"uv": [0, 0, 1, 1], "texture": "#4"}
			}
		},
		{
			"name": "hexadecagon",
			"from": [15.55, 20.50272, 5.5],
			"to": [15.8, 21.49728, 6.5],
			"rotation": {"angle": 0, "axis": "y", "origin": [15.3, 21, 8]},
			"faces": {
				"north": {"uv": [0, 0, 1, 1], "texture": "#4"},
				"east": {"uv": [0, 0, 1, 1], "texture": "#4"},
				"south": {"uv": [0, 0, 1, 1], "texture": "#4"},
				"west": {"uv": [0, 0, 1, 1], "texture": "#4"},
				"up": {"uv": [0, 0, 1, 1], "texture": "#4"},
				"down": {"uv": [0, 0, 1, 1], "texture": "#4"}
			}
		},
		{
			"name": "hexadecagon",
			"from": [15.55, 20.50272, 5.5],
			"to": [15.8, 21.49728, 6.5],
			"rotation": {"angle": 22.5, "axis": "x", "origin": [15.3, 21, 8]},
			"faces": {
				"north": {"uv": [0, 0, 1, 1], "texture": "#4"},
				"east": {"uv": [0, 0, 1, 1], "texture": "#4"},
				"south": {"uv": [0, 0, 1, 1], "texture": "#4"},
				"west": {"uv": [0, 0, 1, 1], "texture": "#4"},
				"up": {"uv": [0, 0, 1, 1], "texture": "#4"},
				"down": {"uv": [0, 0, 1, 1], "texture": "#4"}
			}
		},
		{
			"name": "hexadecagon",
			"from": [15.55, 20.50272, 5.5],
			"to": [15.8, 21.49728, 6.5],
			"rotation": {"angle": 45, "axis": "x", "origin": [15.3, 21, 8]},
			"faces": {
				"north": {"uv": [0, 0, 1, 1], "texture": "#4"},
				"east": {"uv": [0, 0, 1, 1], "texture": "#4"},
				"south": {"uv": [0, 0, 1, 1], "texture": "#4"},
				"west": {"uv": [0, 0, 1, 1], "texture": "#4"},
				"up": {"uv": [0, 0, 1, 1], "texture": "#4"},
				"down": {"uv": [0, 0, 1, 1], "texture": "#4"}
			}
		},
		{
			"name": "hexadecagon",
			"from": [15.55, 20.50272, 9.5],
			"to": [15.8, 21.49728, 10.5],
			"rotation": {"angle": -45, "axis": "x", "origin": [15.3, 21, 8]},
			"faces": {
				"north": {"uv": [0, 0, 1, 1], "texture": "#4"},
				"east": {"uv": [0, 0, 1, 1], "texture": "#4"},
				"south": {"uv": [0, 0, 1, 1], "texture": "#4"},
				"west": {"uv": [0, 0, 1, 1], "texture": "#4"},
				"up": {"uv": [0, 0, 1, 1], "texture": "#4"},
				"down": {"uv": [0, 0, 1, 1], "texture": "#4"}
			}
		},
		{
			"name": "hexadecagon",
			"from": [15.55, 20.50272, 9.5],
			"to": [15.8, 21.49728, 10.5],
			"rotation": {"angle": -22.5, "axis": "x", "origin": [15.3, 21, 8]},
			"faces": {
				"north": {"uv": [0, 0, 1, 1], "texture": "#4"},
				"east": {"uv": [0, 0, 1, 1], "texture": "#4"},
				"south": {"uv": [0, 0, 1, 1], "texture": "#4"},
				"west": {"uv": [0, 0, 1, 1], "texture": "#4"},
				"up": {"uv": [0, 0, 1, 1], "texture": "#4"},
				"down": {"uv": [0, 0, 1, 1], "texture": "#4"}
			}
		},
		{
			"name": "hexadecagon",
			"from": [15.55, 20.50272, 9.5],
			"to": [15.8, 21.49728, 10.5],
			"rotation": {"angle": 0, "axis": "y", "origin": [15.3, 21, 8]},
			"faces": {
				"north": {"uv": [0, 0, 1, 1], "texture": "#4"},
				"east": {"uv": [0, 0, 1, 1], "texture": "#4"},
				"south": {"uv": [0, 0, 1, 1], "texture": "#4"},
				"west": {"uv": [0, 0, 1, 1], "texture": "#4"},
				"up": {"uv": [0, 0, 1, 1], "texture": "#4"},
				"down": {"uv": [0, 0, 1, 1], "texture": "#4"}
			}
		},
		{
			"name": "hexadecagon",
			"from": [15.55, 20.50272, 9.5],
			"to": [15.8, 21.49728, 10.5],
			"rotation": {"angle": 22.5, "axis": "x", "origin": [15.3, 21, 8]},
			"faces": {
				"north": {"uv": [0, 0, 1, 1], "texture": "#4"},
				"east": {"uv": [0, 0, 1, 1], "texture": "#4"},
				"south": {"uv": [0, 0, 1, 1], "texture": "#4"},
				"west": {"uv": [0, 0, 1, 1], "texture": "#4"},
				"up": {"uv": [0, 0, 1, 1], "texture": "#4"},
				"down": {"uv": [0, 0, 1, 1], "texture": "#4"}
			}
		},
		{
			"name": "hexadecagon",
			"from": [15.55, 20.50272, 9.5],
			"to": [15.8, 21.49728, 10.5],
			"rotation": {"angle": 45, "axis": "x", "origin": [15.3, 21, 8]},
			"faces": {
				"north": {"uv": [0, 0, 1, 1], "texture": "#4"},
				"east": {"uv": [0, 0, 1, 1], "texture": "#4"},
				"south": {"uv": [0, 0, 1, 1], "texture": "#4"},
				"west": {"uv": [0, 0, 1, 1], "texture": "#4"},
				"up": {"uv": [0, 0, 1, 1], "texture": "#4"},
				"down": {"uv": [0, 0, 1, 1], "texture": "#4"}
			}
		},
		{
			"name": "hexadecagon",
			"from": [15.55, 18.5, 7.50272],
			"to": [15.8, 19.5, 8.49728],
			"rotation": {"angle": -22.5, "axis": "x", "origin": [15.3, 21, 8]},
			"faces": {
				"north": {"uv": [0, 0, 1, 1], "texture": "#4"},
				"east": {"uv": [0, 0, 1, 1], "texture": "#4"},
				"south": {"uv": [0, 0, 1, 1], "texture": "#4"},
				"west": {"uv": [0, 0, 1, 1], "texture": "#4"},
				"up": {"uv": [0, 0, 1, 1], "texture": "#4"},
				"down": {"uv": [0, 0, 1, 1], "texture": "#4"}
			}
		},
		{
			"name": "hexadecagon",
			"from": [15.55, 18.5, 7.50272],
			"to": [15.8, 19.5, 8.49728],
			"rotation": {"angle": 0, "axis": "y", "origin": [15.3, 21, 8]},
			"faces": {
				"north": {"uv": [0, 0, 1, 1], "texture": "#4"},
				"east": {"uv": [0, 0, 1, 1], "texture": "#4"},
				"south": {"uv": [0, 0, 1, 1], "texture": "#4"},
				"west": {"uv": [0, 0, 1, 1], "texture": "#4"},
				"up": {"uv": [0, 0, 1, 1], "texture": "#4"},
				"down": {"uv": [0, 0, 1, 1], "texture": "#4"}
			}
		},
		{
			"name": "hexadecagon",
			"from": [15.55, 18.5, 7.50272],
			"to": [15.8, 19.5, 8.49728],
			"rotation": {"angle": 22.5, "axis": "x", "origin": [15.3, 21, 8]},
			"faces": {
				"north": {"uv": [0, 0, 1, 1], "texture": "#4"},
				"east": {"uv": [0, 0, 1, 1], "texture": "#4"},
				"south": {"uv": [0, 0, 1, 1], "texture": "#4"},
				"west": {"uv": [0, 0, 1, 1], "texture": "#4"},
				"up": {"uv": [0, 0, 1, 1], "texture": "#4"},
				"down": {"uv": [0, 0, 1, 1], "texture": "#4"}
			}
		},
		{
			"name": "hexadecagon",
			"from": [15.55, 22.5, 7.50272],
			"to": [15.8, 23.5, 8.49728],
			"rotation": {"angle": -22.5, "axis": "x", "origin": [15.3, 21, 8]},
			"faces": {
				"north": {"uv": [0, 0, 1, 1], "texture": "#4"},
				"east": {"uv": [0, 0, 1, 1], "texture": "#4"},
				"south": {"uv": [0, 0, 1, 1], "texture": "#4"},
				"west": {"uv": [0, 0, 1, 1], "texture": "#4"},
				"up": {"uv": [0, 0, 1, 1], "texture": "#4"},
				"down": {"uv": [0, 0, 1, 1], "texture": "#4"}
			}
		},
		{
			"name": "hexadecagon",
			"from": [15.55, 22.5, 7.50272],
			"to": [15.8, 23.5, 8.49728],
			"rotation": {"angle": 0, "axis": "y", "origin": [15.3, 21, 8]},
			"faces": {
				"north": {"uv": [0, 0, 1, 1], "texture": "#4"},
				"east": {"uv": [0, 0, 1, 1], "texture": "#4"},
				"south": {"uv": [0, 0, 1, 1], "texture": "#4"},
				"west": {"uv": [0, 0, 1, 1], "texture": "#4"},
				"up": {"uv": [0, 0, 1, 1], "texture": "#4"},
				"down": {"uv": [0, 0, 1, 1], "texture": "#4"}
			}
		},
		{
			"name": "hexadecagon",
			"from": [15.55, 22.5, 7.50272],
			"to": [15.8, 23.5, 8.49728],
			"rotation": {"angle": 22.5, "axis": "x", "origin": [15.3, 21, 8]},
			"faces": {
				"north": {"uv": [0, 0, 1, 1], "texture": "#4"},
				"east": {"uv": [0, 0, 1, 1], "texture": "#4"},
				"south": {"uv": [0, 0, 1, 1], "texture": "#4"},
				"west": {"uv": [0, 0, 1, 1], "texture": "#4"},
				"up": {"uv": [0, 0, 1, 1], "texture": "#4"},
				"down": {"uv": [0, 0, 1, 1], "texture": "#4"}
			}
		}
	],
	"display": {
		"thirdperson_righthand": {
			"rotation": [27, 94, 0],
			"translation": [0, -0.5, 0.25],
			"scale": [0.2, 0.2, 0.2]
		},
		"thirdperson_lefthand": {
			"rotation": [27, 94, 0],
			"translation": [0, -0.5, 0.25],
			"scale": [0.2, 0.2, 0.2]
		},
		"firstperson_righthand": {
			"rotation": [13, 94, 0],
			"translation": [0, 1.25, 0],
			"scale": [0.2, 0.2, 0.2]
		},
		"firstperson_lefthand": {
			"rotation": [13, 94, 0],
			"translation": [0, 1.25, 0],
			"scale": [0.2, 0.2, 0.2]
		},
		"ground": {
			"translation": [0, 1, 0],
			"scale": [0.3, 0.3, 0.3]
		},
		"gui": {
			"rotation": [-8, 48, 0],
			"translation": [0, -2.75, 0],
			"scale": [0.5, 0.5, 0.5]
		},
		"head": {
			"rotation": [0, 90, 0],
			"translation": [0, -30.75, 0],
			"scale": [1.6, 1.6, 1.6]
		},
		"fixed": {
			"translation": [0, -2.75, 0],
			"scale": [0.4, 0.4, 0.4]
		}
	},
	"groups": [
		0,
		1,
		2,
		3,
		4,
		5,
		6,
		7,
		8,
		9,
		10,
		11,
		12,
		13,
		14,
		15,
		16,
		17,
		18,
		19,
		20,
		21,
		22,
		23,
		24,
		{
			"name": "hexadecagon",
			"origin": [8, 8, 8],
			"color": 0,
			"children": [25, 26, 27, 28, 29, 30, 31, 32, 33, 34, 35, 36, 37, 38, 39, 40]
		},
		41,
		42,
		{
			"name": "hexadecagon",
			"origin": [8, 8, 8],
			"color": 0,
			"children": [43, 44, 45, 46, 47, 48, 49, 50, 51, 52, 53, 54, 55, 56, 57, 58]
		},
		59,
		60,
		61,
		62,
		{
			"name": "hexadecagon",
			"origin": [8, 8, 8],
			"color": 0,
			"children": [63, 64, 65, 66, 67, 68, 69, 70, 71, 72, 73, 74, 75, 76, 77, 78]
		}
	]
}