{
	"credit": "Made with Blockbench",
	"textures": {
		"1": "item/emporium",
		"2": "item/cut_sandstonemodif",
		"particle": "item/emporium"
	},
	"elements": [
		{
			"from": [-16, 0, -5],
			"to": [32, 16, 16],
			"rotation": {"angle": 0, "axis": "y", "origin": [23, 0, 16]},
			"faces": {
				"north": {"uv": [0, 0, 14.22222, 5], "texture": "#2"},
				"east": {"uv": [0, 0, 15, 16], "texture": "#2"},
				"south": {"uv": [0, 0, 16, 16], "texture": "#1"},
				"west": {"uv": [0, 0, 15, 16], "texture": "#2"},
				"up": {"uv": [0, 0, 15, 16], "texture": "#2"},
				"down": {"uv": [0, 0, 15, 16], "texture": "#2"}
			}
		}
	],
	"display": {
		"thirdperson_righthand": {
			"translation": [0, 1, 2.25],
			"scale": [0.11, 0.11, 0.11]
		},
		"thirdperson_lefthand": {
			"translation": [0, 0, 8.75]
		},
		"firstperson_righthand": {
			"scale": [0.5, 1, 1]
		},
		"head": {
			"rotation": [0, 180, 0],
			"translation": [2.75, 2.25, -1.75],
			"scale": [1.6, 1.6, 1.2875]
		}
	}
}