{
	"format_version": "1.9.0",
	"credit": "Made with Blockbench",
	"textures": {
		"0": "item/quartz_block_side",
		"1": "item/red_terracotta",
		"particle": "item/quartz_block_side"
	},
	"elements": [
		{
			"from": [0, 0, 0],
			"to": [16, 16, 0],
			"faces": {
				"north": {"uv": [0, 0, 16, 16], "texture": "#1"},
				"east": {"uv": [0, 0, 0, 16], "texture": "#1"},
				"south": {"uv": [0, 0, 16, 16], "texture": "#1"},
				"west": {"uv": [0, 0, 0, 16], "texture": "#1"},
				"up": {"uv": [0, 0, 16, 0], "texture": "#1"},
				"down": {"uv": [0, 0, 16, 0], "texture": "#1"}
			}
		},
		{
			"from": [16, 0, -0.7],
			"to": [17, 16, 0],
			"rotation": {"angle": 0, "axis": "z", "origin": [16, 16, -2]},
			"faces": {
				"north": {"uv": [0, 0, 16, 1], "rotation": 270, "texture": "#0"},
				"east": {"uv": [0, 0, 16, 0.7], "rotation": 90, "texture": "#0"},
				"south": {"uv": [0, 0, 16, 1], "rotation": 90, "texture": "#0"},
				"west": {"uv": [0, 0, 16, 0.7], "rotation": 90, "texture": "#0"},
				"up": {"uv": [0, 0, 0.7, 1], "rotation": 90, "texture": "#0"},
				"down": {"uv": [0, 0, 0.7, 1], "rotation": 90, "texture": "#0"}
			}
		},
		{
			"from": [17, 0, -1.3],
			"to": [18, 16, 0],
			"rotation": {"angle": 0, "axis": "z", "origin": [16, 16, -2]},
			"faces": {
				"north": {"uv": [0, 0, 16, 1], "rotation": 270, "texture": "#0"},
				"east": {"uv": [0, 0, 16, 1.3], "rotation": 90, "texture": "#0"},
				"south": {"uv": [0, 0, 16, 1], "rotation": 90, "texture": "#0"},
				"west": {"uv": [0, 0, 16, 1.3], "rotation": 90, "texture": "#0"},
				"up": {"uv": [0, 0, 1.3, 1], "rotation": 90, "texture": "#0"},
				"down": {"uv": [0, 0, 1.3, 1], "rotation": 90, "texture": "#0"}
			}
		}
	],
	"display": {
		"fixed": {
			"translation": [0, 0, 15.75],
			"scale": [2, 2, 2]
		}
	}
}