{
	"credit": "Made with Blockbench",
	"textures": {
		"0": "item/tasse",
		"1": "item/quartz_pillar_top",
		"particle": "item/tasse"
	},
	"elements": [
		{
			"from": [-16, 4, 0],
			"to": [32, 28, 0],
			"faces": {
				"north": {"uv": [0, 0, 16, 16], "texture": "#0"},
				"east": {"uv": [0, 0, 0, 16], "texture": "#missing"},
				"south": {"uv": [0, 0, 16, 16], "texture": "#0"},
				"west": {"uv": [0, 0, 0, 16], "texture": "#missing"},
				"up": {"uv": [0, 0, 16, 0], "texture": "#missing"},
				"down": {"uv": [0, 0, 16, 0], "texture": "#missing"}
			}
		},
		{
			"from": [11.5, 15.9, -0.7],
			"to": [14.7, 16.4, 0],
			"rotation": {"angle": 0, "axis": "y", "origin": [11, 14.4, -2]},
			"faces": {
				"north": {"uv": [0, 0, 3.2, 0.5], "texture": "#1"},
				"east": {"uv": [0, 0, 0.7, 0.5], "texture": "#1"},
				"south": {"uv": [0, 0, 3.2, 0.5], "texture": "#1"},
				"west": {"uv": [0, 0, 0.7, 0.5], "texture": "#1"},
				"up": {"uv": [0, 0, 3.2, 0.7], "texture": "#1"},
				"down": {"uv": [0, 0, 3.2, 0.7], "texture": "#1"}
			}
		},
		{
			"from": [13.10999, 16.32242, -0.8],
			"to": [13.60999, 17.32242, 0],
			"rotation": {"angle": 22.5, "axis": "z", "origin": [12.90999, 14.82242, -2]},
			"faces": {
				"north": {"uv": [0, 0, 0.5, 1], "texture": "#1"},
				"east": {"uv": [0, 0, 0.8, 1], "texture": "#1"},
				"south": {"uv": [0, 0, 0.5, 1], "texture": "#1"},
				"west": {"uv": [0, 0, 0.8, 1], "texture": "#1"},
				"up": {"uv": [0, 0, 0.5, 0.8], "texture": "#1"},
				"down": {"uv": [0, 0, 0.5, 0.8], "texture": "#1"}
			}
		},
		{
			"from": [12.6, 16.4, -0.8],
			"to": [13.6, 17.4, 0],
			"rotation": {"angle": 0, "axis": "y", "origin": [12.4, 14.9, -2]},
			"faces": {
				"north": {"uv": [0, 0, 1, 1], "texture": "#1"},
				"east": {"uv": [0, 0, 0.8, 1], "texture": "#1"},
				"south": {"uv": [0, 0, 1, 1], "texture": "#1"},
				"west": {"uv": [0, 0, 0.8, 1], "texture": "#1"},
				"up": {"uv": [0, 0, 1, 0.8], "texture": "#1"},
				"down": {"uv": [0, 0, 1, 0.8], "texture": "#1"}
			}
		},
		{
			"from": [12.65852, 16.66684, -0.8],
			"to": [13.15852, 17.66684, 0],
			"rotation": {"angle": -22.5, "axis": "z", "origin": [12.45852, 15.16684, -2]},
			"faces": {
				"north": {"uv": [0, 0, 0.5, 1], "texture": "#1"},
				"east": {"uv": [0, 0, 0.8, 1], "texture": "#1"},
				"south": {"uv": [0, 0, 0.5, 1], "texture": "#1"},
				"west": {"uv": [0, 0, 0.8, 1], "texture": "#1"},
				"up": {"uv": [0, 0, 0.5, 0.8], "texture": "#1"},
				"down": {"uv": [0, 0, 0.5, 0.8], "texture": "#1"}
			}
		},
		{
			"from": [11.5, 18, -2],
			"to": [15, 20, -1],
			"rotation": {"angle": 0, "axis": "y", "origin": [12, 18, -3]},
			"faces": {
				"north": {"uv": [0, 0, 3.5, 2], "texture": "#1"},
				"east": {"uv": [0, 0, 1, 2], "texture": "#1"},
				"south": {"uv": [0, 0, 3.5, 2], "texture": "#1"},
				"west": {"uv": [0, 0, 1, 2], "texture": "#1"},
				"up": {"uv": [0, 0, 3.5, 1], "texture": "#1"},
				"down": {"uv": [0, 0, 3.5, 1], "texture": "#1"}
			}
		},
		{
			"from": [10.5, 18, -1],
			"to": [11.5, 20, 0],
			"rotation": {"angle": 0, "axis": "y", "origin": [8.5, 18, -2]},
			"faces": {
				"north": {"uv": [0, 0, 1, 2], "texture": "#1"},
				"east": {"uv": [0, 0, 1, 2], "texture": "#1"},
				"south": {"uv": [0, 0, 1, 2], "texture": "#1"},
				"west": {"uv": [0, 0, 1, 2], "texture": "#1"},
				"up": {"uv": [0, 0, 1, 1], "texture": "#1"},
				"down": {"uv": [0, 0, 1, 1], "texture": "#1"}
			}
		},
		{
			"from": [15, 18, -1],
			"to": [16, 20, 0],
			"rotation": {"angle": 0, "axis": "y", "origin": [13, 18, -2]},
			"faces": {
				"north": {"uv": [0, 0, 1, 2], "texture": "#1"},
				"east": {"uv": [0, 0, 1, 2], "texture": "#1"},
				"south": {"uv": [0, 0, 1, 2], "texture": "#1"},
				"west": {"uv": [0, 0, 1, 2], "texture": "#1"},
				"up": {"uv": [0, 0, 1, 1], "texture": "#1"},
				"down": {"uv": [0, 0, 1, 1], "texture": "#1"}
			}
		},
		{
			"from": [16, 20, -1],
			"to": [17, 22.5, 0],
			"rotation": {"angle": 0, "axis": "y", "origin": [14, 20, -2]},
			"faces": {
				"north": {"uv": [0, 0, 1, 2.5], "texture": "#1"},
				"east": {"uv": [0, 0, 1, 2.5], "texture": "#1"},
				"south": {"uv": [0, 0, 1, 2.5], "texture": "#1"},
				"west": {"uv": [0, 0, 1, 2.5], "texture": "#1"},
				"up": {"uv": [0, 0, 1, 1], "texture": "#1"},
				"down": {"uv": [0, 0, 1, 1], "texture": "#1"}
			}
		},
		{
			"from": [9.5, 20, -1],
			"to": [10.5, 22.5, 0],
			"rotation": {"angle": 0, "axis": "y", "origin": [7.5, 20, -2]},
			"faces": {
				"north": {"uv": [0, 0, 1, 2.5], "texture": "#1"},
				"east": {"uv": [0, 0, 1, 2.5], "texture": "#1"},
				"south": {"uv": [0, 0, 1, 2.5], "texture": "#1"},
				"west": {"uv": [0, 0, 1, 2.5], "texture": "#1"},
				"up": {"uv": [0, 0, 1, 1], "texture": "#1"},
				"down": {"uv": [0, 0, 1, 1], "texture": "#1"}
			}
		},
		{
			"from": [15, 20, -2],
			"to": [16, 22.5, -1],
			"rotation": {"angle": 0, "axis": "y", "origin": [13, 20, -3]},
			"faces": {
				"north": {"uv": [0, 0, 1, 2.5], "texture": "#1"},
				"east": {"uv": [0, 0, 1, 2.5], "texture": "#1"},
				"south": {"uv": [0, 0, 1, 2.5], "texture": "#1"},
				"west": {"uv": [0, 0, 1, 2.5], "texture": "#1"},
				"up": {"uv": [0, 0, 1, 1], "texture": "#1"},
				"down": {"uv": [0, 0, 1, 1], "texture": "#1"}
			}
		},
		{
			"from": [10.5, 20, -2],
			"to": [11.5, 22.5, -1],
			"rotation": {"angle": 0, "axis": "y", "origin": [8.5, 20, -3]},
			"faces": {
				"north": {"uv": [0, 0, 1, 2.5], "texture": "#1"},
				"east": {"uv": [0, 0, 1, 2.5], "texture": "#1"},
				"south": {"uv": [0, 0, 1, 2.5], "texture": "#1"},
				"west": {"uv": [0, 0, 1, 2.5], "texture": "#1"},
				"up": {"uv": [0, 0, 1, 1], "texture": "#1"},
				"down": {"uv": [0, 0, 1, 1], "texture": "#1"}
			}
		},
		{
			"from": [11.5, 20, -3],
			"to": [15, 22.5, -2],
			"rotation": {"angle": 0, "axis": "y", "origin": [12, 20, -4]},
			"faces": {
				"north": {"uv": [0, 0, 3.5, 2.5], "texture": "#1"},
				"east": {"uv": [0, 0, 1, 2.5], "texture": "#1"},
				"south": {"uv": [0, 0, 3.5, 2.5], "texture": "#1"},
				"west": {"uv": [0, 0, 1, 2.5], "texture": "#1"},
				"up": {"uv": [0, 0, 3.5, 1], "texture": "#1"},
				"down": {"uv": [0, 0, 3.5, 1], "texture": "#1"}
			}
		},
		{
			"from": [11.5, 17.1, -1],
			"to": [15, 18, 0],
			"rotation": {"angle": 0, "axis": "y", "origin": [12, 17, -2]},
			"faces": {
				"north": {"uv": [0, 0, 3.5, 0.9], "texture": "#1"},
				"east": {"uv": [0, 0, 1, 0.9], "texture": "#1"},
				"south": {"uv": [0, 0, 3.5, 0.9], "texture": "#1"},
				"west": {"uv": [0, 0, 1, 0.9], "texture": "#1"},
				"up": {"uv": [0, 0, 3.5, 1], "texture": "#1"},
				"down": {"uv": [0, 0, 3.5, 1], "texture": "#1"}
			}
		},
		{
			"from": [11, 15.4, -0.6],
			"to": [15.2, 15.9, 0],
			"rotation": {"angle": 0, "axis": "y", "origin": [11, 13.9, -2]},
			"faces": {
				"north": {"uv": [0, 0, 4.2, 0.5], "texture": "#1"},
				"east": {"uv": [0, 0, 0.6, 0.5], "texture": "#1"},
				"south": {"uv": [0, 0, 4.2, 0.5], "texture": "#1"},
				"west": {"uv": [0, 0, 0.6, 0.5], "texture": "#1"},
				"up": {"uv": [0, 0, 4.2, 0.6], "texture": "#1"},
				"down": {"uv": [0, 0, 4.2, 0.6], "texture": "#1"}
			}
		}
	],
	"display": {
		"head": {
			"translation": [-2.5, -28.5, 27],
			"scale": [1.6, 1.6, 1.6]
		}
	}
}