{
	"credit": "Made with Blockbench",
	"textures": {
		"0": "item/noire",
		"1": "item/lumiere",
		"particle": "item/noire"
	},
	"elements": [
		{
			"from": [20, 0, 7],
			"to": [24, 1, 13],
			"faces": {
				"north": {"uv": [0, 0, 4, 1], "texture": "#0"},
				"east": {"uv": [0, 0, 6, 1], "texture": "#0"},
				"south": {"uv": [0, 0, 4, 1], "texture": "#0"},
				"west": {"uv": [0, 0, 6, 1], "texture": "#0"},
				"up": {"uv": [0, 0, 4, 6], "texture": "#0"},
				"down": {"uv": [0, 0, 4, 6], "texture": "#0"}
			}
		},
		{
			"from": [24, 1, 7],
			"to": [27, 2, 13],
			"faces": {
				"north": {"uv": [0, 0, 3, 1], "texture": "#0"},
				"east": {"uv": [0, 0, 6, 1], "texture": "#0"},
				"south": {"uv": [0, 0, 3, 1], "texture": "#0"},
				"west": {"uv": [0, 0, 6, 1], "texture": "#0"},
				"up": {"uv": [0, 0, 3, 6], "texture": "#0"},
				"down": {"uv": [0, 0, 3, 6], "texture": "#0"}
			}
		},
		{
			"from": [18, 1, 7],
			"to": [20, 2, 13],
			"faces": {
				"north": {"uv": [0, 0, 2, 1], "texture": "#0"},
				"east": {"uv": [0, 0, 6, 1], "texture": "#0"},
				"south": {"uv": [0, 0, 2, 1], "texture": "#0"},
				"west": {"uv": [0, 0, 6, 1], "texture": "#0"},
				"up": {"uv": [0, 0, 2, 6], "texture": "#0"},
				"down": {"uv": [0, 0, 2, 6], "texture": "#0"}
			}
		},
		{
			"from": [17, 2, 7],
			"to": [18, 3, 13],
			"faces": {
				"north": {"uv": [0, 0, 1, 1], "texture": "#0"},
				"east": {"uv": [0, 0, 6, 1], "texture": "#0"},
				"south": {"uv": [0, 0, 1, 1], "texture": "#0"},
				"west": {"uv": [0, 0, 6, 1], "texture": "#0"},
				"up": {"uv": [0, 0, 1, 6], "texture": "#0"},
				"down": {"uv": [0, 0, 1, 6], "texture": "#0"}
			}
		},
		{
			"from": [27, 2, 7],
			"to": [29, 3, 13],
			"faces": {
				"north": {"uv": [0, 0, 2, 1], "texture": "#0"},
				"east": {"uv": [0, 0, 6, 1], "texture": "#0"},
				"south": {"uv": [0, 0, 2, 1], "texture": "#0"},
				"west": {"uv": [0, 0, 6, 1], "texture": "#0"},
				"up": {"uv": [0, 0, 2, 6], "texture": "#0"},
				"down": {"uv": [0, 0, 2, 6], "texture": "#0"}
			}
		},
		{
			"from": [16, 3, 7],
			"to": [17, 5, 13],
			"faces": {
				"north": {"uv": [0, 0, 1, 2], "texture": "#0"},
				"east": {"uv": [0, 0, 6, 2], "texture": "#0"},
				"south": {"uv": [0, 0, 1, 2], "texture": "#0"},
				"west": {"uv": [0, 0, 6, 2], "texture": "#0"},
				"up": {"uv": [0, 0, 1, 6], "texture": "#0"},
				"down": {"uv": [0, 0, 1, 6], "texture": "#0"}
			}
		},
		{
			"from": [15, 5, 7],
			"to": [16, 8, 13],
			"faces": {
				"north": {"uv": [0, 0, 1, 3], "texture": "#0"},
				"east": {"uv": [0, 0, 6, 3], "texture": "#0"},
				"south": {"uv": [0, 0, 1, 3], "texture": "#0"},
				"west": {"uv": [0, 0, 6, 3], "texture": "#0"},
				"up": {"uv": [0, 0, 1, 6], "texture": "#0"},
				"down": {"uv": [0, 0, 1, 6], "texture": "#0"}
			}
		},
		{
			"from": [14, 8, 7],
			"to": [15, 11, 13],
			"faces": {
				"north": {"uv": [0, 0, 1, 3], "texture": "#0"},
				"east": {"uv": [0, 0, 6, 3], "texture": "#0"},
				"south": {"uv": [0, 0, 1, 3], "texture": "#0"},
				"west": {"uv": [0, 0, 6, 3], "texture": "#0"},
				"up": {"uv": [0, 0, 1, 6], "texture": "#0"},
				"down": {"uv": [0, 0, 1, 6], "texture": "#0"}
			}
		},
		{
			"from": [12, 15, 7],
			"to": [13, 19, 13],
			"faces": {
				"north": {"uv": [0, 0, 1, 4], "texture": "#0"},
				"east": {"uv": [0, 0, 6, 4], "texture": "#0"},
				"south": {"uv": [0, 0, 1, 4], "texture": "#0"},
				"west": {"uv": [0, 0, 6, 4], "texture": "#0"},
				"up": {"uv": [0, 0, 1, 6], "texture": "#0"},
				"down": {"uv": [0, 0, 1, 6], "texture": "#0"}
			}
		},
		{
			"from": [11, 19, 7],
			"to": [12, 23, 13],
			"faces": {
				"north": {"uv": [0, 0, 1, 4], "texture": "#0"},
				"east": {"uv": [0, 0, 6, 4], "texture": "#0"},
				"south": {"uv": [0, 0, 1, 4], "texture": "#0"},
				"west": {"uv": [0, 0, 6, 4], "texture": "#0"},
				"up": {"uv": [0, 0, 1, 6], "texture": "#0"},
				"down": {"uv": [0, 0, 1, 6], "texture": "#0"}
			}
		},
		{
			"from": [15, 19, 7],
			"to": [16, 23, 13],
			"faces": {
				"north": {"uv": [0, 0, 1, 4], "texture": "#0"},
				"east": {"uv": [0, 0, 6, 4], "texture": "#0"},
				"south": {"uv": [0, 0, 1, 4], "texture": "#0"},
				"west": {"uv": [0, 0, 6, 4], "texture": "#0"},
				"up": {"uv": [0, 0, 1, 6], "texture": "#0"},
				"down": {"uv": [0, 0, 1, 6], "texture": "#0"}
			}
		},
		{
			"from": [16, 15, 7],
			"to": [17, 19, 13],
			"faces": {
				"north": {"uv": [0, 0, 1, 4], "texture": "#0"},
				"east": {"uv": [0, 0, 6, 4], "texture": "#0"},
				"south": {"uv": [0, 0, 1, 4], "texture": "#0"},
				"west": {"uv": [0, 0, 6, 4], "texture": "#0"},
				"up": {"uv": [0, 0, 1, 6], "texture": "#0"},
				"down": {"uv": [0, 0, 1, 6], "texture": "#0"}
			}
		},
		{
			"from": [18, 8, 7],
			"to": [19, 11, 13],
			"faces": {
				"north": {"uv": [0, 0, 1, 3], "texture": "#0"},
				"east": {"uv": [0, 0, 6, 3], "texture": "#0"},
				"south": {"uv": [0, 0, 1, 3], "texture": "#0"},
				"west": {"uv": [0, 0, 6, 3], "texture": "#0"},
				"up": {"uv": [0, 0, 1, 6], "texture": "#0"},
				"down": {"uv": [0, 0, 1, 6], "texture": "#0"}
			}
		},
		{
			"from": [19, 5, 7],
			"to": [20, 8, 13],
			"faces": {
				"north": {"uv": [0, 0, 1, 3], "texture": "#0"},
				"east": {"uv": [0, 0, 6, 3], "texture": "#0"},
				"south": {"uv": [0, 0, 1, 3], "texture": "#0"},
				"west": {"uv": [0, 0, 6, 3], "texture": "#0"},
				"up": {"uv": [0, 0, 1, 6], "texture": "#0"},
				"down": {"uv": [0, 0, 1, 6], "texture": "#0"}
			}
		},
		{
			"from": [20, 4, 7],
			"to": [23, 5, 13],
			"faces": {
				"north": {"uv": [0, 0, 3, 1], "texture": "#0"},
				"east": {"uv": [0, 0, 6, 1], "texture": "#0"},
				"south": {"uv": [0, 0, 3, 1], "texture": "#0"},
				"west": {"uv": [0, 0, 6, 1], "texture": "#0"},
				"up": {"uv": [0, 0, 3, 6], "texture": "#0"},
				"down": {"uv": [0, 0, 3, 6], "texture": "#0"}
			}
		},
		{
			"from": [23, 5, 7],
			"to": [25, 6, 13],
			"faces": {
				"north": {"uv": [0, 0, 2, 1], "texture": "#0"},
				"east": {"uv": [0, 0, 6, 1], "texture": "#0"},
				"south": {"uv": [0, 0, 2, 1], "texture": "#0"},
				"west": {"uv": [0, 0, 6, 1], "texture": "#0"},
				"up": {"uv": [0, 0, 2, 6], "texture": "#0"},
				"down": {"uv": [0, 0, 2, 6], "texture": "#0"}
			}
		},
		{
			"from": [29, 3, 7],
			"to": [30, 4, 13],
			"faces": {
				"north": {"uv": [0, 0, 1, 1], "texture": "#0"},
				"east": {"uv": [0, 0, 6, 1], "texture": "#0"},
				"south": {"uv": [0, 0, 1, 1], "texture": "#0"},
				"west": {"uv": [0, 0, 6, 1], "texture": "#0"},
				"up": {"uv": [0, 0, 1, 6], "texture": "#0"},
				"down": {"uv": [0, 0, 1, 6], "texture": "#0"}
			}
		},
		{
			"from": [25, 6, 7],
			"to": [26, 7, 13],
			"faces": {
				"north": {"uv": [0, 0, 1, 1], "texture": "#0"},
				"east": {"uv": [0, 0, 6, 1], "texture": "#0"},
				"south": {"uv": [0, 0, 1, 1], "texture": "#0"},
				"west": {"uv": [0, 0, 6, 1], "texture": "#0"},
				"up": {"uv": [0, 0, 1, 6], "texture": "#0"},
				"down": {"uv": [0, 0, 1, 6], "texture": "#0"}
			}
		},
		{
			"from": [30, 4, 7],
			"to": [31, 6, 13],
			"faces": {
				"north": {"uv": [0, 0, 1, 2], "texture": "#0"},
				"east": {"uv": [0, 0, 6, 2], "texture": "#0"},
				"south": {"uv": [0, 0, 1, 2], "texture": "#0"},
				"west": {"uv": [0, 0, 6, 2], "texture": "#0"},
				"up": {"uv": [0, 0, 1, 6], "texture": "#0"},
				"down": {"uv": [0, 0, 1, 6], "texture": "#0"}
			}
		},
		{
			"from": [26, 7, 7],
			"to": [27, 8, 13],
			"faces": {
				"north": {"uv": [0, 0, 1, 1], "texture": "#0"},
				"east": {"uv": [0, 0, 6, 1], "texture": "#0"},
				"south": {"uv": [0, 0, 1, 1], "texture": "#0"},
				"west": {"uv": [0, 0, 6, 1], "texture": "#0"},
				"up": {"uv": [0, 0, 1, 6], "texture": "#0"},
				"down": {"uv": [0, 0, 1, 6], "texture": "#0"}
			}
		},
		{
			"from": [25, 8, 7],
			"to": [26, 10, 13],
			"faces": {
				"north": {"uv": [0, 0, 1, 2], "texture": "#0"},
				"east": {"uv": [0, 0, 6, 2], "texture": "#0"},
				"south": {"uv": [0, 0, 1, 2], "texture": "#0"},
				"west": {"uv": [0, 0, 6, 2], "texture": "#0"},
				"up": {"uv": [0, 0, 1, 6], "texture": "#0"},
				"down": {"uv": [0, 0, 1, 6], "texture": "#0"}
			}
		},
		{
			"from": [29, 10, 7],
			"to": [30, 11, 13],
			"faces": {
				"north": {"uv": [0, 0, 1, 1], "texture": "#0"},
				"east": {"uv": [0, 0, 6, 1], "texture": "#0"},
				"south": {"uv": [0, 0, 1, 1], "texture": "#0"},
				"west": {"uv": [0, 0, 6, 1], "texture": "#0"},
				"up": {"uv": [0, 0, 1, 6], "texture": "#0"},
				"down": {"uv": [0, 0, 1, 6], "texture": "#0"}
			}
		},
		{
			"from": [30, 8, 7],
			"to": [31, 10, 13],
			"faces": {
				"north": {"uv": [0, 0, 1, 2], "texture": "#0"},
				"east": {"uv": [0, 0, 6, 2], "texture": "#0"},
				"south": {"uv": [0, 0, 1, 2], "texture": "#0"},
				"west": {"uv": [0, 0, 6, 2], "texture": "#0"},
				"up": {"uv": [0, 0, 1, 6], "texture": "#0"},
				"down": {"uv": [0, 0, 1, 6], "texture": "#0"}
			}
		},
		{
			"from": [31, 6, 7],
			"to": [32, 8, 13],
			"faces": {
				"north": {"uv": [0, 0, 1, 2], "texture": "#0"},
				"east": {"uv": [0, 0, 6, 2], "texture": "#0"},
				"south": {"uv": [0, 0, 1, 2], "texture": "#0"},
				"west": {"uv": [0, 0, 6, 2], "texture": "#0"},
				"up": {"uv": [0, 0, 1, 6], "texture": "#0"},
				"down": {"uv": [0, 0, 1, 6], "texture": "#0"}
			}
		},
		{
			"from": [27, 11, 7],
			"to": [29, 12, 13],
			"faces": {
				"north": {"uv": [0, 0, 2, 1], "texture": "#0"},
				"east": {"uv": [0, 0, 6, 1], "texture": "#0"},
				"south": {"uv": [0, 0, 2, 1], "texture": "#0"},
				"west": {"uv": [0, 0, 6, 1], "texture": "#0"},
				"up": {"uv": [0, 0, 2, 6], "texture": "#0"},
				"down": {"uv": [0, 0, 2, 6], "texture": "#0"}
			}
		},
		{
			"from": [26, 10, 7],
			"to": [27, 11, 13],
			"faces": {
				"north": {"uv": [0, 0, 1, 1], "texture": "#0"},
				"east": {"uv": [0, 0, 6, 1], "texture": "#0"},
				"south": {"uv": [0, 0, 1, 1], "texture": "#0"},
				"west": {"uv": [0, 0, 6, 1], "texture": "#0"},
				"up": {"uv": [0, 0, 1, 6], "texture": "#0"},
				"down": {"uv": [0, 0, 1, 6], "texture": "#0"}
			}
		},
		{
			"from": [14, 28, 7],
			"to": [21, 29, 13],
			"faces": {
				"north": {"uv": [0, 0, 7, 1], "texture": "#0"},
				"east": {"uv": [0, 0, 6, 1], "texture": "#0"},
				"south": {"uv": [0, 0, 7, 1], "texture": "#0"},
				"west": {"uv": [0, 0, 6, 1], "texture": "#0"},
				"up": {"uv": [0, 0, 7, 6], "texture": "#0"},
				"down": {"uv": [0, 0, 7, 6], "texture": "#0"}
			}
		},
		{
			"from": [21, 27, 7],
			"to": [24, 28, 13],
			"faces": {
				"north": {"uv": [0, 0, 3, 1], "texture": "#0"},
				"east": {"uv": [0, 0, 6, 1], "texture": "#0"},
				"south": {"uv": [0, 0, 3, 1], "texture": "#0"},
				"west": {"uv": [0, 0, 6, 1], "texture": "#0"},
				"up": {"uv": [0, 0, 3, 6], "texture": "#0"},
				"down": {"uv": [0, 0, 3, 6], "texture": "#0"}
			}
		},
		{
			"from": [24, 26, 7],
			"to": [26, 27, 13],
			"faces": {
				"north": {"uv": [0, 0, 2, 1], "texture": "#0"},
				"east": {"uv": [0, 0, 6, 1], "texture": "#0"},
				"south": {"uv": [0, 0, 2, 1], "texture": "#0"},
				"west": {"uv": [0, 0, 6, 1], "texture": "#0"},
				"up": {"uv": [0, 0, 2, 6], "texture": "#0"},
				"down": {"uv": [0, 0, 2, 6], "texture": "#0"}
			}
		},
		{
			"from": [10, 23, 7],
			"to": [11, 26, 13],
			"faces": {
				"north": {"uv": [0, 0, 1, 3], "texture": "#0"},
				"east": {"uv": [0, 0, 6, 3], "texture": "#0"},
				"south": {"uv": [0, 0, 1, 3], "texture": "#0"},
				"west": {"uv": [0, 0, 6, 3], "texture": "#0"},
				"up": {"uv": [0, 0, 1, 6], "texture": "#0"},
				"down": {"uv": [0, 0, 1, 6], "texture": "#0"}
			}
		},
		{
			"from": [14, 23, 7],
			"to": [15, 26, 13],
			"faces": {
				"north": {"uv": [0, 0, 1, 3], "texture": "#0"},
				"east": {"uv": [0, 0, 6, 3], "texture": "#0"},
				"south": {"uv": [0, 0, 1, 3], "texture": "#0"},
				"west": {"uv": [0, 0, 6, 3], "texture": "#0"},
				"up": {"uv": [0, 0, 1, 6], "texture": "#0"},
				"down": {"uv": [0, 0, 1, 6], "texture": "#0"}
			}
		},
		{
			"from": [26, 25, 7],
			"to": [27, 26, 13],
			"faces": {
				"north": {"uv": [0, 0, 1, 1], "texture": "#0"},
				"east": {"uv": [0, 0, 6, 1], "texture": "#0"},
				"south": {"uv": [0, 0, 1, 1], "texture": "#0"},
				"west": {"uv": [0, 0, 6, 1], "texture": "#0"},
				"up": {"uv": [0, 0, 1, 6], "texture": "#0"},
				"down": {"uv": [0, 0, 1, 6], "texture": "#0"}
			}
		},
		{
			"from": [27, 23, 7],
			"to": [28, 25, 13],
			"faces": {
				"north": {"uv": [0, 0, 1, 2], "texture": "#0"},
				"east": {"uv": [0, 0, 6, 2], "texture": "#0"},
				"south": {"uv": [0, 0, 1, 2], "texture": "#0"},
				"west": {"uv": [0, 0, 6, 2], "texture": "#0"},
				"up": {"uv": [0, 0, 1, 6], "texture": "#0"},
				"down": {"uv": [0, 0, 1, 6], "texture": "#0"}
			}
		},
		{
			"from": [28, 20, 7],
			"to": [29, 23, 13],
			"faces": {
				"north": {"uv": [0, 0, 1, 3], "texture": "#0"},
				"east": {"uv": [0, 0, 6, 3], "texture": "#0"},
				"south": {"uv": [0, 0, 1, 3], "texture": "#0"},
				"west": {"uv": [0, 0, 6, 3], "texture": "#0"},
				"up": {"uv": [0, 0, 1, 6], "texture": "#0"},
				"down": {"uv": [0, 0, 1, 6], "texture": "#0"}
			}
		},
		{
			"from": [13, 26, 7],
			"to": [14, 28, 13],
			"faces": {
				"north": {"uv": [0, 0, 1, 2], "texture": "#0"},
				"east": {"uv": [0, 0, 6, 2], "texture": "#0"},
				"south": {"uv": [0, 0, 1, 2], "texture": "#0"},
				"west": {"uv": [0, 0, 6, 2], "texture": "#0"},
				"up": {"uv": [0, 0, 1, 6], "texture": "#0"},
				"down": {"uv": [0, 0, 1, 6], "texture": "#0"}
			}
		},
		{
			"from": [27, 18, 7],
			"to": [28, 20, 13],
			"faces": {
				"north": {"uv": [0, 0, 1, 2], "texture": "#0"},
				"east": {"uv": [0, 0, 6, 2], "texture": "#0"},
				"south": {"uv": [0, 0, 1, 2], "texture": "#0"},
				"west": {"uv": [0, 0, 6, 2], "texture": "#0"},
				"up": {"uv": [0, 0, 1, 6], "texture": "#0"},
				"down": {"uv": [0, 0, 1, 6], "texture": "#0"}
			}
		},
		{
			"from": [26, 17, 7],
			"to": [27, 18, 13],
			"faces": {
				"north": {"uv": [0, 0, 1, 1], "texture": "#0"},
				"east": {"uv": [0, 0, 6, 1], "texture": "#0"},
				"south": {"uv": [0, 0, 1, 1], "texture": "#0"},
				"west": {"uv": [0, 0, 6, 1], "texture": "#0"},
				"up": {"uv": [0, 0, 1, 6], "texture": "#0"},
				"down": {"uv": [0, 0, 1, 6], "texture": "#0"}
			}
		},
		{
			"from": [24, 16, 7],
			"to": [26, 17, 13],
			"faces": {
				"north": {"uv": [0, 0, 2, 1], "texture": "#0"},
				"east": {"uv": [0, 0, 6, 1], "texture": "#0"},
				"south": {"uv": [0, 0, 2, 1], "texture": "#0"},
				"west": {"uv": [0, 0, 6, 1], "texture": "#0"},
				"up": {"uv": [0, 0, 2, 6], "texture": "#0"},
				"down": {"uv": [0, 0, 2, 6], "texture": "#0"}
			}
		},
		{
			"from": [23, 17, 7],
			"to": [24, 18, 13],
			"faces": {
				"north": {"uv": [0, 0, 1, 1], "texture": "#0"},
				"east": {"uv": [0, 0, 6, 1], "texture": "#0"},
				"south": {"uv": [0, 0, 1, 1], "texture": "#0"},
				"west": {"uv": [0, 0, 6, 1], "texture": "#0"},
				"up": {"uv": [0, 0, 1, 6], "texture": "#0"},
				"down": {"uv": [0, 0, 1, 6], "texture": "#0"}
			}
		},
		{
			"from": [22, 18, 7],
			"to": [23, 21, 13],
			"faces": {
				"north": {"uv": [0, 0, 1, 3], "texture": "#0"},
				"east": {"uv": [0, 0, 6, 3], "texture": "#0"},
				"south": {"uv": [0, 0, 1, 3], "texture": "#0"},
				"west": {"uv": [0, 0, 6, 3], "texture": "#0"},
				"up": {"uv": [0, 0, 1, 6], "texture": "#0"},
				"down": {"uv": [0, 0, 1, 6], "texture": "#0"}
			}
		},
		{
			"from": [20, 17, 7],
			"to": [21, 22, 13],
			"faces": {
				"north": {"uv": [0, 0, 1, 5], "texture": "#0"},
				"east": {"uv": [0, 0, 6, 5], "texture": "#0"},
				"south": {"uv": [0, 0, 1, 5], "texture": "#0"},
				"west": {"uv": [0, 0, 6, 5], "texture": "#0"},
				"up": {"uv": [0, 0, 1, 6], "texture": "#0"},
				"down": {"uv": [0, 0, 1, 6], "texture": "#0"}
			}
		},
		{
			"from": [21, 15, 7],
			"to": [22, 17, 13],
			"faces": {
				"north": {"uv": [0, 0, 1, 2], "texture": "#0"},
				"east": {"uv": [0, 0, 6, 2], "texture": "#0"},
				"south": {"uv": [0, 0, 1, 2], "texture": "#0"},
				"west": {"uv": [0, 0, 6, 2], "texture": "#0"},
				"up": {"uv": [0, 0, 1, 6], "texture": "#0"},
				"down": {"uv": [0, 0, 1, 6], "texture": "#0"}
			}
		},
		{
			"from": [22, 14, 7],
			"to": [27, 15, 13],
			"faces": {
				"north": {"uv": [0, 0, 5, 1], "texture": "#0"},
				"east": {"uv": [0, 0, 6, 1], "texture": "#0"},
				"south": {"uv": [0, 0, 5, 1], "texture": "#0"},
				"west": {"uv": [0, 0, 6, 1], "texture": "#0"},
				"up": {"uv": [0, 0, 5, 6], "texture": "#0"},
				"down": {"uv": [0, 0, 5, 6], "texture": "#0"}
			}
		},
		{
			"from": [27, 15, 7],
			"to": [29, 16, 13],
			"faces": {
				"north": {"uv": [0, 0, 2, 1], "texture": "#0"},
				"east": {"uv": [0, 0, 6, 1], "texture": "#0"},
				"south": {"uv": [0, 0, 2, 1], "texture": "#0"},
				"west": {"uv": [0, 0, 6, 1], "texture": "#0"},
				"up": {"uv": [0, 0, 2, 6], "texture": "#0"},
				"down": {"uv": [0, 0, 2, 6], "texture": "#0"}
			}
		},
		{
			"from": [30, 17, 7],
			"to": [31, 19, 13],
			"faces": {
				"north": {"uv": [0, 0, 1, 2], "texture": "#0"},
				"east": {"uv": [0, 0, 6, 2], "texture": "#0"},
				"south": {"uv": [0, 0, 1, 2], "texture": "#0"},
				"west": {"uv": [0, 0, 6, 2], "texture": "#0"},
				"up": {"uv": [0, 0, 1, 6], "texture": "#0"},
				"down": {"uv": [0, 0, 1, 6], "texture": "#0"}
			}
		},
		{
			"from": [29, 16, 7],
			"to": [30, 17, 13],
			"faces": {
				"north": {"uv": [0, 0, 1, 1], "texture": "#0"},
				"east": {"uv": [0, 0, 6, 1], "texture": "#0"},
				"south": {"uv": [0, 0, 1, 1], "texture": "#0"},
				"west": {"uv": [0, 0, 6, 1], "texture": "#0"},
				"up": {"uv": [0, 0, 1, 6], "texture": "#0"},
				"down": {"uv": [0, 0, 1, 6], "texture": "#0"}
			}
		},
		{
			"from": [31, 19, 7],
			"to": [32, 22, 13],
			"faces": {
				"north": {"uv": [0, 0, 1, 4], "texture": "#0"},
				"east": {"uv": [0, 0, 6, 4], "texture": "#0"},
				"south": {"uv": [0, 0, 1, 4], "texture": "#0"},
				"west": {"uv": [0, 0, 6, 4], "texture": "#0"},
				"up": {"uv": [0, 0, 1, 6], "texture": "#0"},
				"down": {"uv": [0, 0, 1, 6], "texture": "#0"}
			}
		},
		{
			"from": [30, 22, 7],
			"to": [31, 25, 13],
			"faces": {
				"north": {"uv": [0, 0, 1, 3], "texture": "#0"},
				"east": {"uv": [0, 0, 6, 3], "texture": "#0"},
				"south": {"uv": [0, 0, 1, 3], "texture": "#0"},
				"west": {"uv": [0, 0, 6, 3], "texture": "#0"},
				"up": {"uv": [0, 0, 1, 6], "texture": "#0"},
				"down": {"uv": [0, 0, 1, 6], "texture": "#0"}
			}
		},
		{
			"from": [29, 25, 7],
			"to": [30, 27, 13],
			"faces": {
				"north": {"uv": [0, 0, 1, 2], "texture": "#0"},
				"east": {"uv": [0, 0, 6, 2], "texture": "#0"},
				"south": {"uv": [0, 0, 1, 2], "texture": "#0"},
				"west": {"uv": [0, 0, 6, 2], "texture": "#0"},
				"up": {"uv": [0, 0, 1, 6], "texture": "#0"},
				"down": {"uv": [0, 0, 1, 6], "texture": "#0"}
			}
		},
		{
			"from": [28, 27, 7],
			"to": [29, 28, 13],
			"faces": {
				"north": {"uv": [0, 0, 1, 1], "texture": "#0"},
				"east": {"uv": [0, 0, 6, 1], "texture": "#0"},
				"south": {"uv": [0, 0, 1, 1], "texture": "#0"},
				"west": {"uv": [0, 0, 6, 1], "texture": "#0"},
				"up": {"uv": [0, 0, 1, 6], "texture": "#0"},
				"down": {"uv": [0, 0, 1, 6], "texture": "#0"}
			}
		},
		{
			"from": [26, 28, 7],
			"to": [28, 29, 13],
			"faces": {
				"north": {"uv": [0, 0, 2, 1], "texture": "#0"},
				"east": {"uv": [0, 0, 6, 1], "texture": "#0"},
				"south": {"uv": [0, 0, 2, 1], "texture": "#0"},
				"west": {"uv": [0, 0, 6, 1], "texture": "#0"},
				"up": {"uv": [0, 0, 2, 6], "texture": "#0"},
				"down": {"uv": [0, 0, 2, 6], "texture": "#0"}
			}
		},
		{
			"from": [22, 29, 7],
			"to": [26, 30, 13],
			"faces": {
				"north": {"uv": [0, 0, 4, 1], "texture": "#0"},
				"east": {"uv": [0, 0, 6, 1], "texture": "#0"},
				"south": {"uv": [0, 0, 4, 1], "texture": "#0"},
				"west": {"uv": [0, 0, 6, 1], "texture": "#0"},
				"up": {"uv": [0, 0, 4, 6], "texture": "#0"},
				"down": {"uv": [0, 0, 4, 6], "texture": "#0"}
			}
		},
		{
			"from": [11, 30, 7],
			"to": [22, 31, 13],
			"faces": {
				"north": {"uv": [0, 4, 16, 5], "texture": "#0"},
				"east": {"uv": [5, 4, 11, 9], "texture": "#0"},
				"south": {"uv": [0, 6, 16, 10], "texture": "#0"},
				"west": {"uv": [0, 2, 6, 7], "texture": "#0"},
				"up": {"uv": [3, 8, 14, 16], "texture": "#0"},
				"down": {"uv": [6, 8, 16, 6], "texture": "#0"}
			}
		},
		{
			"from": [23, 21, 7],
			"to": [24, 24, 13],
			"faces": {
				"north": {"uv": [0, 0, 1, 3], "texture": "#0"},
				"east": {"uv": [0, 0, 6, 3], "texture": "#0"},
				"south": {"uv": [0, 0, 1, 3], "texture": "#0"},
				"west": {"uv": [0, 0, 6, 3], "texture": "#0"},
				"up": {"uv": [0, 0, 1, 6], "texture": "#0"},
				"down": {"uv": [0, 0, 1, 6], "texture": "#0"}
			}
		},
		{
			"from": [21, 22, 7],
			"to": [22, 24, 13],
			"faces": {
				"north": {"uv": [0, 0, 1, 2], "texture": "#0"},
				"east": {"uv": [0, 0, 6, 2], "texture": "#0"},
				"south": {"uv": [0, 0, 1, 2], "texture": "#0"},
				"west": {"uv": [0, 0, 6, 2], "texture": "#0"},
				"up": {"uv": [0, 0, 1, 6], "texture": "#0"},
				"down": {"uv": [0, 0, 1, 6], "texture": "#0"}
			}
		},
		{
			"from": [22, 24, 7],
			"to": [23, 25, 13],
			"faces": {
				"north": {"uv": [0, 0, 1, 1], "texture": "#0"},
				"east": {"uv": [0, 0, 6, 1], "texture": "#0"},
				"south": {"uv": [0, 0, 1, 1], "texture": "#0"},
				"west": {"uv": [0, 0, 6, 1], "texture": "#0"},
				"up": {"uv": [0, 0, 1, 6], "texture": "#0"},
				"down": {"uv": [0, 0, 1, 6], "texture": "#0"}
			}
		},
		{
			"from": [9, 26, 7],
			"to": [10, 29, 13],
			"faces": {
				"north": {"uv": [0, 0, 1, 1], "texture": "#0"},
				"east": {"uv": [0, 0, 6, 1], "texture": "#0"},
				"south": {"uv": [0, 0, 1, 1], "texture": "#0"},
				"west": {"uv": [0, 0, 6, 1], "texture": "#0"},
				"up": {"uv": [0, 0, 1, 6], "texture": "#0"},
				"down": {"uv": [0, 0, 1, 6], "texture": "#0"}
			}
		},
		{
			"from": [10, 29, 7],
			"to": [11, 30, 13],
			"faces": {
				"north": {"uv": [0, 0, 1, 2], "texture": "#0"},
				"east": {"uv": [0, 0, 6, 2], "texture": "#0"},
				"south": {"uv": [0, 0, 1, 2], "texture": "#0"},
				"west": {"uv": [0, 0, 6, 2], "texture": "#0"},
				"up": {"uv": [0, 0, 1, 6], "texture": "#0"},
				"down": {"uv": [0, 0, 1, 6], "texture": "#0"}
			}
		},
		{
			"from": [6, 11, 7],
			"to": [14, 12, 13],
			"faces": {
				"north": {"uv": [0, 0, 1, 3], "texture": "#0"},
				"east": {"uv": [0, 0, 6, 3], "texture": "#0"},
				"south": {"uv": [0, 0, 1, 3], "texture": "#0"},
				"west": {"uv": [0, 0, 6, 3], "texture": "#0"},
				"up": {"uv": [0, 0, 1, 6], "texture": "#0"},
				"down": {"uv": [0, 0, 1, 6], "texture": "#0"}
			}
		},
		{
			"from": [5, 14, 7],
			"to": [12, 15, 13],
			"faces": {
				"north": {"uv": [0, 0, 1, 3], "texture": "#0"},
				"east": {"uv": [0, 0, 6, 3], "texture": "#0"},
				"south": {"uv": [0, 0, 1, 3], "texture": "#0"},
				"west": {"uv": [0, 0, 6, 3], "texture": "#0"},
				"up": {"uv": [0, 0, 1, 6], "texture": "#0"},
				"down": {"uv": [0, 0, 1, 6], "texture": "#0"}
			}
		},
		{
			"from": [7, 5, 7],
			"to": [8, 8, 13],
			"faces": {
				"north": {"uv": [0, 0, 1, 3], "texture": "#0"},
				"east": {"uv": [0, 0, 6, 3], "texture": "#0"},
				"south": {"uv": [0, 0, 1, 3], "texture": "#0"},
				"west": {"uv": [0, 0, 6, 3], "texture": "#0"},
				"up": {"uv": [0, 0, 1, 6], "texture": "#0"},
				"down": {"uv": [0, 0, 1, 6], "texture": "#0"}
			}
		},
		{
			"from": [6, 8, 7],
			"to": [7, 11, 13],
			"faces": {
				"north": {"uv": [0, 0, 1, 3], "texture": "#0"},
				"east": {"uv": [0, 0, 6, 3], "texture": "#0"},
				"south": {"uv": [0, 0, 1, 3], "texture": "#0"},
				"west": {"uv": [0, 0, 6, 3], "texture": "#0"},
				"up": {"uv": [0, 0, 1, 6], "texture": "#0"},
				"down": {"uv": [0, 0, 1, 6], "texture": "#0"}
			}
		},
		{
			"from": [3, 5, 7],
			"to": [4, 8, 13],
			"faces": {
				"north": {"uv": [0, 0, 1, 3], "texture": "#0"},
				"east": {"uv": [0, 0, 6, 3], "texture": "#0"},
				"south": {"uv": [0, 0, 1, 3], "texture": "#0"},
				"west": {"uv": [0, 0, 6, 3], "texture": "#0"},
				"up": {"uv": [0, 0, 1, 6], "texture": "#0"},
				"down": {"uv": [0, 0, 1, 6], "texture": "#0"}
			}
		},
		{
			"from": [2, 8, 7],
			"to": [3, 11, 13],
			"faces": {
				"north": {"uv": [0, 0, 1, 3], "texture": "#0"},
				"east": {"uv": [0, 0, 6, 3], "texture": "#0"},
				"south": {"uv": [0, 0, 1, 3], "texture": "#0"},
				"west": {"uv": [0, 0, 6, 3], "texture": "#0"},
				"up": {"uv": [0, 0, 1, 6], "texture": "#0"},
				"down": {"uv": [0, 0, 1, 6], "texture": "#0"}
			}
		},
		{
			"from": [4, 15, 7],
			"to": [5, 19, 13],
			"faces": {
				"north": {"uv": [0, 0, 1, 4], "texture": "#0"},
				"east": {"uv": [0, 0, 6, 4], "texture": "#0"},
				"south": {"uv": [0, 0, 1, 4], "texture": "#0"},
				"west": {"uv": [0, 0, 6, 4], "texture": "#0"},
				"up": {"uv": [0, 0, 1, 6], "texture": "#0"},
				"down": {"uv": [0, 0, 1, 6], "texture": "#0"}
			}
		},
		{
			"from": [0, 15, 7],
			"to": [1, 19, 13],
			"faces": {
				"north": {"uv": [0, 0, 1, 4], "texture": "#0"},
				"east": {"uv": [0, 0, 6, 4], "texture": "#0"},
				"south": {"uv": [0, 0, 1, 4], "texture": "#0"},
				"west": {"uv": [0, 0, 6, 4], "texture": "#0"},
				"up": {"uv": [0, 0, 1, 6], "texture": "#0"},
				"down": {"uv": [0, 0, 1, 6], "texture": "#0"}
			}
		},
		{
			"from": [-1, 19, 7],
			"to": [0, 23, 13],
			"faces": {
				"north": {"uv": [0, 0, 1, 4], "texture": "#0"},
				"east": {"uv": [0, 0, 6, 4], "texture": "#0"},
				"south": {"uv": [0, 0, 1, 4], "texture": "#0"},
				"west": {"uv": [0, 0, 6, 4], "texture": "#0"},
				"up": {"uv": [0, 0, 1, 6], "texture": "#0"},
				"down": {"uv": [0, 0, 1, 6], "texture": "#0"}
			}
		},
		{
			"from": [3, 19, 7],
			"to": [4, 23, 13],
			"faces": {
				"north": {"uv": [0, 0, 1, 4], "texture": "#0"},
				"east": {"uv": [0, 0, 6, 4], "texture": "#0"},
				"south": {"uv": [0, 0, 1, 4], "texture": "#0"},
				"west": {"uv": [0, 0, 6, 4], "texture": "#0"},
				"up": {"uv": [0, 0, 1, 6], "texture": "#0"},
				"down": {"uv": [0, 0, 1, 6], "texture": "#0"}
			}
		},
		{
			"from": [2, 23, 7],
			"to": [3, 26, 13],
			"faces": {
				"north": {"uv": [0, 0, 1, 3], "texture": "#0"},
				"east": {"uv": [0, 0, 6, 3], "texture": "#0"},
				"south": {"uv": [0, 0, 1, 3], "texture": "#0"},
				"west": {"uv": [0, 0, 6, 3], "texture": "#0"},
				"up": {"uv": [0, 0, 1, 6], "texture": "#0"},
				"down": {"uv": [0, 0, 1, 6], "texture": "#0"}
			}
		},
		{
			"from": [-2, 23, 7],
			"to": [-1, 26, 13],
			"faces": {
				"north": {"uv": [0, 0, 1, 3], "texture": "#0"},
				"east": {"uv": [0, 0, 6, 3], "texture": "#0"},
				"south": {"uv": [0, 0, 1, 3], "texture": "#0"},
				"west": {"uv": [0, 0, 6, 3], "texture": "#0"},
				"up": {"uv": [0, 0, 1, 6], "texture": "#0"},
				"down": {"uv": [0, 0, 1, 6], "texture": "#0"}
			}
		},
		{
			"from": [1, 26, 7],
			"to": [2, 28, 13],
			"faces": {
				"north": {"uv": [0, 0, 1, 2], "texture": "#0"},
				"east": {"uv": [0, 0, 6, 2], "texture": "#0"},
				"south": {"uv": [0, 0, 1, 2], "texture": "#0"},
				"west": {"uv": [0, 0, 6, 2], "texture": "#0"},
				"up": {"uv": [0, 0, 1, 6], "texture": "#0"},
				"down": {"uv": [0, 0, 1, 6], "texture": "#0"}
			}
		},
		{
			"from": [17, 11, 7],
			"to": [18, 15, 13],
			"faces": {
				"north": {"uv": [0, 0, 1, 4], "texture": "#0"},
				"east": {"uv": [0, 0, 6, 4], "texture": "#0"},
				"south": {"uv": [0, 0, 1, 4], "texture": "#0"},
				"west": {"uv": [0, 0, 6, 4], "texture": "#0"},
				"up": {"uv": [0, 0, 1, 6], "texture": "#0"},
				"down": {"uv": [0, 0, 1, 6], "texture": "#0"}
			}
		},
		{
			"from": [17, 11, 7],
			"to": [18, 15, 13],
			"faces": {
				"north": {"uv": [0, 0, 1, 4], "texture": "#0"},
				"east": {"uv": [0, 0, 6, 4], "texture": "#0"},
				"south": {"uv": [0, 0, 1, 4], "texture": "#0"},
				"west": {"uv": [0, 0, 6, 4], "texture": "#0"},
				"up": {"uv": [0, 0, 1, 6], "texture": "#0"},
				"down": {"uv": [0, 0, 1, 6], "texture": "#0"}
			}
		},
		{
			"from": [1, 11, 7],
			"to": [2, 15, 13],
			"faces": {
				"north": {"uv": [0, 0, 1, 4], "texture": "#0"},
				"east": {"uv": [0, 0, 6, 4], "texture": "#0"},
				"south": {"uv": [0, 0, 1, 4], "texture": "#0"},
				"west": {"uv": [0, 0, 6, 4], "texture": "#0"},
				"up": {"uv": [0, 0, 1, 6], "texture": "#0"},
				"down": {"uv": [0, 0, 1, 6], "texture": "#0"}
			}
		},
		{
			"from": [-3, 26, 7],
			"to": [-2, 27, 13],
			"faces": {
				"north": {"uv": [0, 0, 1, 2], "texture": "#0"},
				"east": {"uv": [0, 0, 6, 2], "texture": "#0"},
				"south": {"uv": [0, 0, 1, 2], "texture": "#0"},
				"west": {"uv": [0, 0, 6, 2], "texture": "#0"},
				"up": {"uv": [0, 0, 1, 6], "texture": "#0"},
				"down": {"uv": [0, 0, 1, 6], "texture": "#0"}
			}
		},
		{
			"from": [0, 28, 7],
			"to": [1, 29, 13],
			"faces": {
				"north": {"uv": [0, 0, 1, 2], "texture": "#0"},
				"east": {"uv": [0, 0, 6, 2], "texture": "#0"},
				"south": {"uv": [0, 0, 1, 2], "texture": "#0"},
				"west": {"uv": [0, 0, 6, 2], "texture": "#0"},
				"up": {"uv": [0, 0, 1, 6], "texture": "#0"},
				"down": {"uv": [0, 0, 1, 6], "texture": "#0"}
			}
		},
		{
			"from": [-2, 29, 7],
			"to": [0, 30, 13],
			"faces": {
				"north": {"uv": [0, 0, 1, 2], "texture": "#0"},
				"east": {"uv": [0, 0, 6, 2], "texture": "#0"},
				"south": {"uv": [0, 0, 1, 2], "texture": "#0"},
				"west": {"uv": [0, 0, 6, 2], "texture": "#0"},
				"up": {"uv": [0, 0, 1, 6], "texture": "#0"},
				"down": {"uv": [0, 0, 1, 6], "texture": "#0"}
			}
		},
		{
			"from": [-5, 27, 7],
			"to": [-3, 28, 13],
			"faces": {
				"north": {"uv": [0, 0, 1, 2], "texture": "#0"},
				"east": {"uv": [0, 0, 6, 2], "texture": "#0"},
				"south": {"uv": [0, 0, 1, 2], "texture": "#0"},
				"west": {"uv": [0, 0, 6, 2], "texture": "#0"},
				"up": {"uv": [0, 0, 1, 6], "texture": "#0"},
				"down": {"uv": [0, 0, 1, 6], "texture": "#0"}
			}
		},
		{
			"from": [-5, 30, 7],
			"to": [-2, 31, 13],
			"faces": {
				"north": {"uv": [0, 0, 1, 2], "texture": "#0"},
				"east": {"uv": [0, 0, 6, 2], "texture": "#0"},
				"south": {"uv": [0, 0, 1, 2], "texture": "#0"},
				"west": {"uv": [0, 0, 6, 2], "texture": "#0"},
				"up": {"uv": [0, 0, 1, 6], "texture": "#0"},
				"down": {"uv": [0, 0, 1, 6], "texture": "#0"}
			}
		},
		{
			"from": [-8, 31, 7],
			"to": [-5, 32, 13],
			"faces": {
				"north": {"uv": [0, 0, 1, 2], "texture": "#0"},
				"east": {"uv": [0, 0, 6, 2], "texture": "#0"},
				"south": {"uv": [0, 0, 1, 2], "texture": "#0"},
				"west": {"uv": [0, 0, 6, 2], "texture": "#0"},
				"up": {"uv": [0, 0, 1, 6], "texture": "#0"},
				"down": {"uv": [0, 0, 1, 6], "texture": "#0"}
			}
		},
		{
			"from": [-9, 30, 7],
			"to": [-8, 31, 13],
			"faces": {
				"north": {"uv": [0, 0, 1, 2], "texture": "#0"},
				"east": {"uv": [0, 0, 6, 2], "texture": "#0"},
				"south": {"uv": [0, 0, 1, 2], "texture": "#0"},
				"west": {"uv": [0, 0, 6, 2], "texture": "#0"},
				"up": {"uv": [0, 0, 1, 6], "texture": "#0"},
				"down": {"uv": [0, 0, 1, 6], "texture": "#0"}
			}
		},
		{
			"from": [-10, 28, 7],
			"to": [-9, 30, 13],
			"faces": {
				"north": {"uv": [0, 0, 1, 2], "texture": "#0"},
				"east": {"uv": [0, 0, 6, 2], "texture": "#0"},
				"south": {"uv": [0, 0, 1, 2], "texture": "#0"},
				"west": {"uv": [0, 0, 6, 2], "texture": "#0"},
				"up": {"uv": [0, 0, 1, 6], "texture": "#0"},
				"down": {"uv": [0, 0, 1, 6], "texture": "#0"}
			}
		},
		{
			"from": [-9, 27, 7],
			"to": [-8, 28, 13],
			"faces": {
				"north": {"uv": [0, 0, 1, 2], "texture": "#0"},
				"east": {"uv": [0, 0, 6, 2], "texture": "#0"},
				"south": {"uv": [0, 0, 1, 2], "texture": "#0"},
				"west": {"uv": [0, 0, 6, 2], "texture": "#0"},
				"up": {"uv": [0, 0, 1, 6], "texture": "#0"},
				"down": {"uv": [0, 0, 1, 6], "texture": "#0"}
			}
		},
		{
			"from": [-8, 26, 7],
			"to": [-5, 27, 13],
			"faces": {
				"north": {"uv": [0, 0, 1, 2], "texture": "#0"},
				"east": {"uv": [0, 0, 6, 2], "texture": "#0"},
				"south": {"uv": [0, 0, 1, 2], "texture": "#0"},
				"west": {"uv": [0, 0, 6, 2], "texture": "#0"},
				"up": {"uv": [0, 0, 1, 6], "texture": "#0"},
				"down": {"uv": [0, 0, 1, 6], "texture": "#0"}
			}
		},
		{
			"from": [8, 2, 7],
			"to": [9, 5, 13],
			"faces": {
				"north": {"uv": [0, 0, 1, 2], "texture": "#0"},
				"east": {"uv": [0, 0, 6, 2], "texture": "#0"},
				"south": {"uv": [0, 0, 1, 2], "texture": "#0"},
				"west": {"uv": [0, 0, 6, 2], "texture": "#0"},
				"up": {"uv": [0, 0, 1, 6], "texture": "#0"},
				"down": {"uv": [0, 0, 1, 6], "texture": "#0"}
			}
		},
		{
			"from": [7, 1, 7],
			"to": [8, 2, 13],
			"faces": {
				"north": {"uv": [0, 0, 1, 2], "texture": "#0"},
				"east": {"uv": [0, 0, 6, 2], "texture": "#0"},
				"south": {"uv": [0, 0, 1, 2], "texture": "#0"},
				"west": {"uv": [0, 0, 6, 2], "texture": "#0"},
				"up": {"uv": [0, 0, 1, 6], "texture": "#0"},
				"down": {"uv": [0, 0, 1, 6], "texture": "#0"}
			}
		},
		{
			"from": [4, 0, 7],
			"to": [7, 1, 13],
			"faces": {
				"north": {"uv": [0, 0, 1, 2], "texture": "#0"},
				"east": {"uv": [0, 0, 6, 2], "texture": "#0"},
				"south": {"uv": [0, 0, 1, 2], "texture": "#0"},
				"west": {"uv": [0, 0, 6, 2], "texture": "#0"},
				"up": {"uv": [0, 0, 1, 6], "texture": "#0"},
				"down": {"uv": [0, 0, 1, 6], "texture": "#0"}
			}
		},
		{
			"from": [2, 1, 7],
			"to": [4, 2, 13],
			"faces": {
				"north": {"uv": [0, 0, 1, 2], "texture": "#0"},
				"east": {"uv": [0, 0, 6, 2], "texture": "#0"},
				"south": {"uv": [0, 0, 1, 2], "texture": "#0"},
				"west": {"uv": [0, 0, 6, 2], "texture": "#0"},
				"up": {"uv": [0, 0, 1, 6], "texture": "#0"},
				"down": {"uv": [0, 0, 1, 6], "texture": "#0"}
			}
		},
		{
			"from": [0, 2, 7],
			"to": [2, 3, 13],
			"faces": {
				"north": {"uv": [0, 0, 1, 2], "texture": "#0"},
				"east": {"uv": [0, 0, 6, 2], "texture": "#0"},
				"south": {"uv": [0, 0, 1, 2], "texture": "#0"},
				"west": {"uv": [0, 0, 6, 2], "texture": "#0"},
				"up": {"uv": [0, 0, 1, 6], "texture": "#0"},
				"down": {"uv": [0, 0, 1, 6], "texture": "#0"}
			}
		},
		{
			"from": [1, 4, 7],
			"to": [3, 5, 13],
			"faces": {
				"north": {"uv": [0, 0, 1, 2], "texture": "#0"},
				"east": {"uv": [0, 0, 6, 2], "texture": "#0"},
				"south": {"uv": [0, 0, 1, 2], "texture": "#0"},
				"west": {"uv": [0, 0, 6, 2], "texture": "#0"},
				"up": {"uv": [0, 0, 1, 6], "texture": "#0"},
				"down": {"uv": [0, 0, 1, 6], "texture": "#0"}
			}
		},
		{
			"from": [-3, 3, 7],
			"to": [0, 4, 13],
			"faces": {
				"north": {"uv": [0, 0, 1, 2], "texture": "#0"},
				"east": {"uv": [0, 0, 6, 2], "texture": "#0"},
				"south": {"uv": [0, 0, 1, 2], "texture": "#0"},
				"west": {"uv": [0, 0, 6, 2], "texture": "#0"},
				"up": {"uv": [0, 0, 1, 6], "texture": "#0"},
				"down": {"uv": [0, 0, 1, 6], "texture": "#0"}
			}
		},
		{
			"from": [-2, 5, 7],
			"to": [1, 6, 13],
			"faces": {
				"north": {"uv": [0, 0, 1, 2], "texture": "#0"},
				"east": {"uv": [0, 0, 6, 2], "texture": "#0"},
				"south": {"uv": [0, 0, 1, 2], "texture": "#0"},
				"west": {"uv": [0, 0, 6, 2], "texture": "#0"},
				"up": {"uv": [0, 0, 1, 6], "texture": "#0"},
				"down": {"uv": [0, 0, 1, 6], "texture": "#0"}
			}
		},
		{
			"from": [-9, 0, 7],
			"to": [-6, 1, 13],
			"faces": {
				"north": {"uv": [0, 0, 1, 2], "texture": "#0"},
				"east": {"uv": [0, 0, 6, 2], "texture": "#0"},
				"south": {"uv": [0, 0, 1, 2], "texture": "#0"},
				"west": {"uv": [0, 0, 6, 2], "texture": "#0"},
				"up": {"uv": [0, 0, 1, 6], "texture": "#0"},
				"down": {"uv": [0, 0, 1, 6], "texture": "#0"}
			}
		},
		{
			"from": [-6, 1, 7],
			"to": [-4, 2, 13],
			"faces": {
				"north": {"uv": [0, 0, 1, 2], "texture": "#0"},
				"east": {"uv": [0, 0, 6, 2], "texture": "#0"},
				"south": {"uv": [0, 0, 1, 2], "texture": "#0"},
				"west": {"uv": [0, 0, 6, 2], "texture": "#0"},
				"up": {"uv": [0, 0, 1, 6], "texture": "#0"},
				"down": {"uv": [0, 0, 1, 6], "texture": "#0"}
			}
		},
		{
			"from": [-11, 1, 7],
			"to": [-9, 2, 13],
			"faces": {
				"north": {"uv": [0, 0, 1, 2], "texture": "#0"},
				"east": {"uv": [0, 0, 6, 2], "texture": "#0"},
				"south": {"uv": [0, 0, 1, 2], "texture": "#0"},
				"west": {"uv": [0, 0, 6, 2], "texture": "#0"},
				"up": {"uv": [0, 0, 1, 6], "texture": "#0"},
				"down": {"uv": [0, 0, 1, 6], "texture": "#0"}
			}
		},
		{
			"from": [-12, 2, 7],
			"to": [-11, 3, 13],
			"faces": {
				"north": {"uv": [0, 0, 1, 2], "texture": "#0"},
				"east": {"uv": [0, 0, 6, 2], "texture": "#0"},
				"south": {"uv": [0, 0, 1, 2], "texture": "#0"},
				"west": {"uv": [0, 0, 6, 2], "texture": "#0"},
				"up": {"uv": [0, 0, 1, 6], "texture": "#0"},
				"down": {"uv": [0, 0, 1, 6], "texture": "#0"}
			}
		},
		{
			"from": [-4, 2, 7],
			"to": [-3, 3, 13],
			"faces": {
				"north": {"uv": [0, 0, 1, 2], "texture": "#0"},
				"east": {"uv": [0, 0, 6, 2], "texture": "#0"},
				"south": {"uv": [0, 0, 1, 2], "texture": "#0"},
				"west": {"uv": [0, 0, 6, 2], "texture": "#0"},
				"up": {"uv": [0, 0, 1, 6], "texture": "#0"},
				"down": {"uv": [0, 0, 1, 6], "texture": "#0"}
			}
		},
		{
			"from": [-13, 3, 7],
			"to": [-12, 6, 13],
			"faces": {
				"north": {"uv": [0, 0, 1, 2], "texture": "#0"},
				"east": {"uv": [0, 0, 6, 2], "texture": "#0"},
				"south": {"uv": [0, 0, 1, 2], "texture": "#0"},
				"west": {"uv": [0, 0, 6, 2], "texture": "#0"},
				"up": {"uv": [0, 0, 1, 6], "texture": "#0"},
				"down": {"uv": [0, 0, 1, 6], "texture": "#0"}
			}
		},
		{
			"from": [-2, 6, 7],
			"to": [-1, 10, 13],
			"faces": {
				"north": {"uv": [0, 0, 1, 2], "texture": "#0"},
				"east": {"uv": [0, 0, 6, 2], "texture": "#0"},
				"south": {"uv": [0, 0, 1, 2], "texture": "#0"},
				"west": {"uv": [0, 0, 6, 2], "texture": "#0"},
				"up": {"uv": [0, 0, 1, 6], "texture": "#0"},
				"down": {"uv": [0, 0, 1, 6], "texture": "#0"}
			}
		},
		{
			"from": [-14, 6, 7],
			"to": [-13, 8, 13],
			"faces": {
				"north": {"uv": [0, 0, 1, 2], "texture": "#0"},
				"east": {"uv": [0, 0, 6, 2], "texture": "#0"},
				"south": {"uv": [0, 0, 1, 2], "texture": "#0"},
				"west": {"uv": [0, 0, 6, 2], "texture": "#0"},
				"up": {"uv": [0, 0, 1, 6], "texture": "#0"},
				"down": {"uv": [0, 0, 1, 6], "texture": "#0"}
			}
		},
		{
			"from": [-3, 10, 7],
			"to": [-2, 13, 13],
			"faces": {
				"north": {"uv": [0, 0, 1, 2], "texture": "#0"},
				"east": {"uv": [0, 0, 6, 2], "texture": "#0"},
				"south": {"uv": [0, 0, 1, 2], "texture": "#0"},
				"west": {"uv": [0, 0, 6, 2], "texture": "#0"},
				"up": {"uv": [0, 0, 1, 6], "texture": "#0"},
				"down": {"uv": [0, 0, 1, 6], "texture": "#0"}
			}
		},
		{
			"from": [-4, 13, 7],
			"to": [-3, 14, 13],
			"faces": {
				"north": {"uv": [0, 0, 1, 2], "texture": "#0"},
				"east": {"uv": [0, 0, 6, 2], "texture": "#0"},
				"south": {"uv": [0, 0, 1, 2], "texture": "#0"},
				"west": {"uv": [0, 0, 6, 2], "texture": "#0"},
				"up": {"uv": [0, 0, 1, 6], "texture": "#0"},
				"down": {"uv": [0, 0, 1, 6], "texture": "#0"}
			}
		},
		{
			"from": [-6, 14, 7],
			"to": [-4, 15, 13],
			"faces": {
				"north": {"uv": [0, 0, 1, 2], "texture": "#0"},
				"east": {"uv": [0, 0, 6, 2], "texture": "#0"},
				"south": {"uv": [0, 0, 1, 2], "texture": "#0"},
				"west": {"uv": [0, 0, 6, 2], "texture": "#0"},
				"up": {"uv": [0, 0, 1, 6], "texture": "#0"},
				"down": {"uv": [0, 0, 1, 6], "texture": "#0"}
			}
		},
		{
			"from": [-9, 15, 7],
			"to": [-6, 16, 13],
			"faces": {
				"north": {"uv": [0, 0, 1, 2], "texture": "#0"},
				"east": {"uv": [0, 0, 6, 2], "texture": "#0"},
				"south": {"uv": [0, 0, 1, 2], "texture": "#0"},
				"west": {"uv": [0, 0, 6, 2], "texture": "#0"},
				"up": {"uv": [0, 0, 1, 6], "texture": "#0"},
				"down": {"uv": [0, 0, 1, 6], "texture": "#0"}
			}
		},
		{
			"from": [-11, 14, 7],
			"to": [-9, 15, 13],
			"faces": {
				"north": {"uv": [0, 0, 1, 2], "texture": "#0"},
				"east": {"uv": [0, 0, 6, 2], "texture": "#0"},
				"south": {"uv": [0, 0, 1, 2], "texture": "#0"},
				"west": {"uv": [0, 0, 6, 2], "texture": "#0"},
				"up": {"uv": [0, 0, 1, 6], "texture": "#0"},
				"down": {"uv": [0, 0, 1, 6], "texture": "#0"}
			}
		},
		{
			"from": [-13, 10, 7],
			"to": [-12, 13, 13],
			"faces": {
				"north": {"uv": [0, 0, 1, 2], "texture": "#0"},
				"east": {"uv": [0, 0, 6, 2], "texture": "#0"},
				"south": {"uv": [0, 0, 1, 2], "texture": "#0"},
				"west": {"uv": [0, 0, 6, 2], "texture": "#0"},
				"up": {"uv": [0, 0, 1, 6], "texture": "#0"},
				"down": {"uv": [0, 0, 1, 6], "texture": "#0"}
			}
		},
		{
			"from": [-12, 13, 7],
			"to": [-11, 14, 13],
			"faces": {
				"north": {"uv": [0, 0, 1, 2], "texture": "#0"},
				"east": {"uv": [0, 0, 6, 2], "texture": "#0"},
				"south": {"uv": [0, 0, 1, 2], "texture": "#0"},
				"west": {"uv": [0, 0, 6, 2], "texture": "#0"},
				"up": {"uv": [0, 0, 1, 6], "texture": "#0"},
				"down": {"uv": [0, 0, 1, 6], "texture": "#0"}
			}
		},
		{
			"from": [-8.25, 5, 7],
			"to": [-6.75, 5.5, 13],
			"faces": {
				"north": {"uv": [0, 0, 1, 2], "texture": "#0"},
				"east": {"uv": [0, 0, 6, 2], "texture": "#0"},
				"south": {"uv": [0, 0, 1, 2], "texture": "#0"},
				"west": {"uv": [0, 0, 6, 2], "texture": "#0"},
				"up": {"uv": [0, 0, 1, 6], "texture": "#0"},
				"down": {"uv": [0, 0, 1, 6], "texture": "#0"}
			}
		},
		{
			"from": [-9.2, 5.5, 7],
			"to": [-8.2, 6, 13],
			"faces": {
				"north": {"uv": [0, 0, 1, 2], "texture": "#0"},
				"east": {"uv": [0, 0, 6, 2], "texture": "#0"},
				"south": {"uv": [0, 0, 1, 2], "texture": "#0"},
				"west": {"uv": [0, 0, 6, 2], "texture": "#0"},
				"up": {"uv": [0, 0, 1, 6], "texture": "#0"},
				"down": {"uv": [0, 0, 1, 6], "texture": "#0"}
			}
		},
		{
			"from": [-6.8, 5.5, 7],
			"to": [-5.8, 6, 13],
			"faces": {
				"north": {"uv": [0, 0, 1, 2], "texture": "#0"},
				"east": {"uv": [0, 0, 6, 2], "texture": "#0"},
				"south": {"uv": [0, 0, 1, 2], "texture": "#0"},
				"west": {"uv": [0, 0, 6, 2], "texture": "#0"},
				"up": {"uv": [0, 0, 1, 6], "texture": "#0"},
				"down": {"uv": [0, 0, 1, 6], "texture": "#0"}
			}
		},
		{
			"from": [-9.7, 6, 7],
			"to": [-9.2, 7.5, 13],
			"faces": {
				"north": {"uv": [0, 0, 1, 2], "texture": "#0"},
				"east": {"uv": [0, 0, 6, 2], "texture": "#0"},
				"south": {"uv": [0, 0, 1, 2], "texture": "#0"},
				"west": {"uv": [0, 0, 6, 2], "texture": "#0"},
				"up": {"uv": [0, 0, 1, 6], "texture": "#0"},
				"down": {"uv": [0, 0, 1, 6], "texture": "#0"}
			}
		},
		{
			"from": [-5.8, 6, 7],
			"to": [-5.3, 7.5, 13],
			"faces": {
				"north": {"uv": [0, 0, 1, 2], "texture": "#0"},
				"east": {"uv": [0, 0, 6, 2], "texture": "#0"},
				"south": {"uv": [0, 0, 1, 2], "texture": "#0"},
				"west": {"uv": [0, 0, 6, 2], "texture": "#0"},
				"up": {"uv": [0, 0, 1, 6], "texture": "#0"},
				"down": {"uv": [0, 0, 1, 6], "texture": "#0"}
			}
		},
		{
			"from": [-10.2, 7.5, 7],
			"to": [-9.7, 9, 13],
			"faces": {
				"north": {"uv": [0, 0, 1, 2], "texture": "#0"},
				"east": {"uv": [0, 0, 6, 2], "texture": "#0"},
				"south": {"uv": [0, 0, 1, 2], "texture": "#0"},
				"west": {"uv": [0, 0, 6, 2], "texture": "#0"},
				"up": {"uv": [0, 0, 1, 6], "texture": "#0"},
				"down": {"uv": [0, 0, 1, 6], "texture": "#0"}
			}
		},
		{
			"from": [-5.3, 7.5, 7],
			"to": [-4.8, 9, 13],
			"faces": {
				"north": {"uv": [0, 0, 1, 2], "texture": "#0"},
				"east": {"uv": [0, 0, 6, 2], "texture": "#0"},
				"south": {"uv": [0, 0, 1, 2], "texture": "#0"},
				"west": {"uv": [0, 0, 6, 2], "texture": "#0"},
				"up": {"uv": [0, 0, 1, 6], "texture": "#0"},
				"down": {"uv": [0, 0, 1, 6], "texture": "#0"}
			}
		},
		{
			"from": [-5.8, 9, 7],
			"to": [-5.3, 10.5, 13],
			"faces": {
				"north": {"uv": [0, 0, 1, 2], "texture": "#0"},
				"east": {"uv": [0, 0, 6, 2], "texture": "#0"},
				"south": {"uv": [0, 0, 1, 2], "texture": "#0"},
				"west": {"uv": [0, 0, 6, 2], "texture": "#0"},
				"up": {"uv": [0, 0, 1, 6], "texture": "#0"},
				"down": {"uv": [0, 0, 1, 6], "texture": "#0"}
			}
		},
		{
			"from": [-9.7, 9, 7],
			"to": [-9.2, 10.5, 13],
			"faces": {
				"north": {"uv": [0, 0, 1, 2], "texture": "#0"},
				"east": {"uv": [0, 0, 6, 2], "texture": "#0"},
				"south": {"uv": [0, 0, 1, 2], "texture": "#0"},
				"west": {"uv": [0, 0, 6, 2], "texture": "#0"},
				"up": {"uv": [0, 0, 1, 6], "texture": "#0"},
				"down": {"uv": [0, 0, 1, 6], "texture": "#0"}
			}
		},
		{
			"from": [-6.8, 10.5, 7],
			"to": [-5.8, 11, 13],
			"faces": {
				"north": {"uv": [0, 0, 1, 2], "texture": "#0"},
				"east": {"uv": [0, 0, 6, 2], "texture": "#0"},
				"south": {"uv": [0, 0, 1, 2], "texture": "#0"},
				"west": {"uv": [0, 0, 6, 2], "texture": "#0"},
				"up": {"uv": [0, 0, 1, 6], "texture": "#0"},
				"down": {"uv": [0, 0, 1, 6], "texture": "#0"}
			}
		},
		{
			"from": [-9.2, 10.5, 7],
			"to": [-8.2, 11, 13],
			"faces": {
				"north": {"uv": [0, 0, 1, 2], "texture": "#0"},
				"east": {"uv": [0, 0, 6, 2], "texture": "#0"},
				"south": {"uv": [0, 0, 1, 2], "texture": "#0"},
				"west": {"uv": [0, 0, 6, 2], "texture": "#0"},
				"up": {"uv": [0, 0, 1, 6], "texture": "#0"},
				"down": {"uv": [0, 0, 1, 6], "texture": "#0"}
			}
		},
		{
			"from": [-8.25, 11, 7],
			"to": [-6.75, 11.5, 13],
			"faces": {
				"north": {"uv": [0, 0, 1, 2], "texture": "#0"},
				"east": {"uv": [0, 0, 6, 2], "texture": "#0"},
				"south": {"uv": [0, 0, 1, 2], "texture": "#0"},
				"west": {"uv": [0, 0, 6, 2], "texture": "#0"},
				"up": {"uv": [0, 0, 1, 6], "texture": "#0"},
				"down": {"uv": [0, 0, 1, 6], "texture": "#0"}
			}
		},
		{
			"from": [-14, 9, 7],
			"to": [-13, 10, 13],
			"faces": {
				"north": {"uv": [0, 0, 1, 2], "texture": "#0"},
				"east": {"uv": [0, 0, 6, 2], "texture": "#0"},
				"south": {"uv": [0, 0, 1, 2], "texture": "#0"},
				"west": {"uv": [0, 0, 6, 2], "texture": "#0"},
				"up": {"uv": [0, 0, 1, 6], "texture": "#0"},
				"down": {"uv": [0, 0, 1, 6], "texture": "#0"}
			}
		},
		{
			"from": [-15, 10, 7],
			"to": [-14, 11, 13],
			"faces": {
				"north": {"uv": [0, 0, 1, 2], "texture": "#0"},
				"east": {"uv": [0, 0, 6, 2], "texture": "#0"},
				"south": {"uv": [0, 0, 1, 2], "texture": "#0"},
				"west": {"uv": [0, 0, 6, 2], "texture": "#0"},
				"up": {"uv": [0, 0, 1, 6], "texture": "#0"},
				"down": {"uv": [0, 0, 1, 6], "texture": "#0"}
			}
		},
		{
			"from": [-15, 7, 7],
			"to": [-14, 8, 13],
			"faces": {
				"north": {"uv": [0, 0, 1, 2], "texture": "#0"},
				"east": {"uv": [0, 0, 6, 2], "texture": "#0"},
				"south": {"uv": [0, 0, 1, 2], "texture": "#0"},
				"west": {"uv": [0, 0, 6, 2], "texture": "#0"},
				"up": {"uv": [0, 0, 1, 6], "texture": "#0"},
				"down": {"uv": [0, 0, 1, 6], "texture": "#0"}
			}
		},
		{
			"from": [20, 1, 8],
			"to": [24, 4, 13],
			"faces": {
				"north": {"uv": [10.33846, 10.33846, 12.33846, 12.33846], "texture": "#1"},
				"east": {"uv": [0, 0, 2, 2], "texture": "#1"},
				"south": {"uv": [0, 0, 2, 2], "texture": "#0"},
				"west": {"uv": [0, 0, 2, 2], "texture": "#1"},
				"up": {"uv": [0, 0, 2, 2], "texture": "#1"},
				"down": {"uv": [0, 0, 2, 2], "texture": "#1"}
			}
		},
		{
			"from": [24, 2, 8],
			"to": [27, 5, 13],
			"faces": {
				"north": {"uv": [10.33846, 10.33846, 12.33846, 12.33846], "texture": "#1"},
				"east": {"uv": [0, 0, 2, 2], "texture": "#1"},
				"south": {"uv": [0, 0, 2, 2], "texture": "#0"},
				"west": {"uv": [0, 0, 2, 2], "texture": "#1"},
				"up": {"uv": [0, 0, 2, 2], "texture": "#1"},
				"down": {"uv": [0, 0, 2, 2], "texture": "#1"}
			}
		},
		{
			"from": [23, 4, 8],
			"to": [24, 5, 13],
			"faces": {
				"north": {"uv": [10.33846, 10.33846, 12.33846, 12.33846], "texture": "#1"},
				"east": {"uv": [0, 0, 2, 2], "texture": "#1"},
				"south": {"uv": [0, 0, 2, 2], "texture": "#0"},
				"west": {"uv": [0, 0, 2, 2], "texture": "#1"},
				"up": {"uv": [0, 0, 2, 2], "texture": "#1"},
				"down": {"uv": [0, 0, 2, 2], "texture": "#1"}
			}
		},
		{
			"from": [27, 3, 8],
			"to": [29, 11, 13],
			"faces": {
				"north": {"uv": [10.33846, 10.33846, 12.33846, 12.33846], "texture": "#1"},
				"east": {"uv": [0, 0, 2, 2], "texture": "#1"},
				"south": {"uv": [0, 0, 2, 2], "texture": "#0"},
				"west": {"uv": [0, 0, 2, 2], "texture": "#1"},
				"up": {"uv": [0, 0, 2, 2], "texture": "#1"},
				"down": {"uv": [0, 0, 2, 2], "texture": "#1"}
			}
		},
		{
			"from": [29, 4, 8],
			"to": [30, 10, 13],
			"faces": {
				"north": {"uv": [10.33846, 10.33846, 12.33846, 12.33846], "texture": "#1"},
				"east": {"uv": [0, 0, 2, 2], "texture": "#1"},
				"south": {"uv": [0, 0, 2, 2], "texture": "#0"},
				"west": {"uv": [0, 0, 2, 2], "texture": "#1"},
				"up": {"uv": [0, 0, 2, 2], "texture": "#1"},
				"down": {"uv": [0, 0, 2, 2], "texture": "#1"}
			}
		},
		{
			"from": [30, 6, 8],
			"to": [31, 8, 13],
			"faces": {
				"north": {"uv": [10.33846, 10.33846, 12.33846, 12.33846], "texture": "#1"},
				"east": {"uv": [0, 0, 2, 2], "texture": "#1"},
				"south": {"uv": [0, 0, 2, 2], "texture": "#0"},
				"west": {"uv": [0, 0, 2, 2], "texture": "#1"},
				"up": {"uv": [0, 0, 2, 2], "texture": "#1"},
				"down": {"uv": [0, 0, 2, 2], "texture": "#1"}
			}
		},
		{
			"from": [26, 8, 8],
			"to": [27, 10, 13],
			"faces": {
				"north": {"uv": [10.33846, 10.33846, 12.33846, 12.33846], "texture": "#1"},
				"east": {"uv": [0, 0, 2, 2], "texture": "#1"},
				"south": {"uv": [0, 0, 2, 2], "texture": "#0"},
				"west": {"uv": [0, 0, 2, 2], "texture": "#1"},
				"up": {"uv": [0, 0, 2, 2], "texture": "#1"},
				"down": {"uv": [0, 0, 2, 2], "texture": "#1"}
			}
		},
		{
			"from": [26, 5, 8],
			"to": [27, 7, 13],
			"faces": {
				"north": {"uv": [10.33846, 10.33846, 12.33846, 12.33846], "texture": "#1"},
				"east": {"uv": [0, 0, 2, 2], "texture": "#1"},
				"south": {"uv": [0, 0, 2, 2], "texture": "#0"},
				"west": {"uv": [0, 0, 2, 2], "texture": "#1"},
				"up": {"uv": [0, 0, 2, 2], "texture": "#1"},
				"down": {"uv": [0, 0, 2, 2], "texture": "#1"}
			}
		},
		{
			"from": [25, 5, 8],
			"to": [26, 6, 13],
			"faces": {
				"north": {"uv": [10.33846, 10.33846, 12.33846, 12.33846], "texture": "#1"},
				"east": {"uv": [0, 0, 2, 2], "texture": "#1"},
				"south": {"uv": [0, 0, 2, 2], "texture": "#0"},
				"west": {"uv": [0, 0, 2, 2], "texture": "#1"},
				"up": {"uv": [0, 0, 2, 2], "texture": "#1"},
				"down": {"uv": [0, 0, 2, 2], "texture": "#1"}
			}
		},
		{
			"from": [18, 2, 8],
			"to": [20, 5, 13],
			"faces": {
				"north": {"uv": [10.33846, 10.33846, 12.33846, 12.33846], "texture": "#1"},
				"east": {"uv": [0, 0, 2, 2], "texture": "#1"},
				"south": {"uv": [0, 0, 2, 2], "texture": "#0"},
				"west": {"uv": [0, 0, 2, 2], "texture": "#1"},
				"up": {"uv": [0, 0, 2, 2], "texture": "#1"},
				"down": {"uv": [0, 0, 2, 2], "texture": "#1"}
			}
		},
		{
			"from": [17, 3, 8],
			"to": [18, 11, 13],
			"faces": {
				"north": {"uv": [10.33846, 10.33846, 12.33846, 12.33846], "texture": "#1"},
				"east": {"uv": [0, 0, 2, 2], "texture": "#1"},
				"south": {"uv": [0, 0, 2, 2], "texture": "#0"},
				"west": {"uv": [0, 0, 2, 2], "texture": "#1"},
				"up": {"uv": [0, 0, 2, 2], "texture": "#1"},
				"down": {"uv": [0, 0, 2, 2], "texture": "#1"}
			}
		},
		{
			"from": [18, 5, 8],
			"to": [19, 8, 13],
			"faces": {
				"north": {"uv": [10.33846, 10.33846, 12.33846, 12.33846], "texture": "#1"},
				"east": {"uv": [0, 0, 2, 2], "texture": "#1"},
				"south": {"uv": [0, 0, 2, 2], "texture": "#0"},
				"west": {"uv": [0, 0, 2, 2], "texture": "#1"},
				"up": {"uv": [0, 0, 2, 2], "texture": "#1"},
				"down": {"uv": [0, 0, 2, 2], "texture": "#1"}
			}
		},
		{
			"from": [15, 8, 8],
			"to": [16, 11, 13],
			"faces": {
				"north": {"uv": [10.33846, 10.33846, 12.33846, 12.33846], "texture": "#1"},
				"east": {"uv": [0, 0, 2, 2], "texture": "#1"},
				"south": {"uv": [0, 0, 2, 2], "texture": "#0"},
				"west": {"uv": [0, 0, 2, 2], "texture": "#1"},
				"up": {"uv": [0, 0, 2, 2], "texture": "#1"},
				"down": {"uv": [0, 0, 2, 2], "texture": "#1"}
			}
		},
		{
			"from": [16, 5, 8],
			"to": [17, 11, 13],
			"faces": {
				"north": {"uv": [10.33846, 10.33846, 12.33846, 12.33846], "texture": "#1"},
				"east": {"uv": [0, 0, 2, 2], "texture": "#1"},
				"south": {"uv": [0, 0, 2, 2], "texture": "#0"},
				"west": {"uv": [0, 0, 2, 2], "texture": "#1"},
				"up": {"uv": [0, 0, 2, 2], "texture": "#1"},
				"down": {"uv": [0, 0, 2, 2], "texture": "#1"}
			}
		},
		{
			"from": [14, 11, 8],
			"to": [17, 15, 13],
			"faces": {
				"north": {"uv": [10.33846, 10.33846, 12.33846, 12.33846], "texture": "#1"},
				"east": {"uv": [0, 0, 2, 2], "texture": "#1"},
				"south": {"uv": [0, 0, 2, 2], "texture": "#0"},
				"west": {"uv": [0, 0, 2, 2], "texture": "#1"},
				"up": {"uv": [0, 0, 2, 2], "texture": "#1"},
				"down": {"uv": [0, 0, 2, 2], "texture": "#1"}
			}
		},
		{
			"from": [13, 15, 8],
			"to": [16, 19, 13],
			"faces": {
				"north": {"uv": [10.33846, 10.33846, 12.33846, 12.33846], "texture": "#1"},
				"east": {"uv": [0, 0, 2, 2], "texture": "#1"},
				"south": {"uv": [0, 0, 2, 2], "texture": "#0"},
				"west": {"uv": [0, 0, 2, 2], "texture": "#1"},
				"up": {"uv": [0, 0, 2, 2], "texture": "#1"},
				"down": {"uv": [0, 0, 2, 2], "texture": "#1"}
			}
		},
		{
			"from": [12, 19, 8],
			"to": [15, 23, 13],
			"faces": {
				"north": {"uv": [10.33846, 10.33846, 12.33846, 12.33846], "texture": "#1"},
				"east": {"uv": [0, 0, 2, 2], "texture": "#1"},
				"south": {"uv": [0, 0, 2, 2], "texture": "#0"},
				"west": {"uv": [0, 0, 2, 2], "texture": "#1"},
				"up": {"uv": [0, 0, 2, 2], "texture": "#1"},
				"down": {"uv": [0, 0, 2, 2], "texture": "#1"}
			}
		},
		{
			"from": [11, 23, 8],
			"to": [14, 26, 13],
			"faces": {
				"north": {"uv": [10.33846, 10.33846, 12.33846, 12.33846], "texture": "#1"},
				"east": {"uv": [0, 0, 2, 2], "texture": "#1"},
				"south": {"uv": [0, 0, 2, 2], "texture": "#0"},
				"west": {"uv": [0, 0, 2, 2], "texture": "#1"},
				"up": {"uv": [0, 0, 2, 2], "texture": "#1"},
				"down": {"uv": [0, 0, 2, 2], "texture": "#1"}
			}
		},
		{
			"from": [10, 26, 8],
			"to": [13, 29, 13],
			"faces": {
				"north": {"uv": [10.33846, 10.33846, 12.33846, 12.33846], "texture": "#1"},
				"east": {"uv": [0, 0, 2, 2], "texture": "#1"},
				"south": {"uv": [0, 0, 2, 2], "texture": "#0"},
				"west": {"uv": [0, 0, 2, 2], "texture": "#1"},
				"up": {"uv": [0, 0, 2, 2], "texture": "#1"},
				"down": {"uv": [0, 0, 2, 2], "texture": "#1"}
			}
		},
		{
			"from": [13, 28, 8],
			"to": [14, 29, 13],
			"faces": {
				"north": {"uv": [10.33846, 10.33846, 12.33846, 12.33846], "texture": "#1"},
				"east": {"uv": [0, 0, 2, 2], "texture": "#1"},
				"south": {"uv": [0, 0, 2, 2], "texture": "#0"},
				"west": {"uv": [0, 0, 2, 2], "texture": "#1"},
				"up": {"uv": [0, 0, 2, 2], "texture": "#1"},
				"down": {"uv": [0, 0, 2, 2], "texture": "#1"}
			}
		},
		{
			"from": [11, 29, 8],
			"to": [22, 30, 13],
			"faces": {
				"north": {"uv": [10.33846, 10.33846, 12.33846, 12.33846], "texture": "#1"},
				"east": {"uv": [0, 0, 2, 2], "texture": "#1"},
				"south": {"uv": [0, 0, 2, 2], "texture": "#0"},
				"west": {"uv": [0, 0, 2, 2], "texture": "#1"},
				"up": {"uv": [0, 0, 2, 2], "texture": "#1"},
				"down": {"uv": [0, 0, 2, 2], "texture": "#1"}
			}
		},
		{
			"from": [21, 28, 8],
			"to": [26, 29, 13],
			"faces": {
				"north": {"uv": [10.33846, 10.33846, 12.33846, 12.33846], "texture": "#1"},
				"east": {"uv": [0, 0, 2, 2], "texture": "#1"},
				"south": {"uv": [0, 0, 2, 2], "texture": "#0"},
				"west": {"uv": [0, 0, 2, 2], "texture": "#1"},
				"up": {"uv": [0, 0, 2, 2], "texture": "#1"},
				"down": {"uv": [0, 0, 2, 2], "texture": "#1"}
			}
		},
		{
			"from": [24, 27, 8],
			"to": [28, 28, 13],
			"faces": {
				"north": {"uv": [10.33846, 10.33846, 12.33846, 12.33846], "texture": "#1"},
				"east": {"uv": [0, 0, 2, 2], "texture": "#1"},
				"south": {"uv": [0, 0, 2, 2], "texture": "#0"},
				"west": {"uv": [0, 0, 2, 2], "texture": "#1"},
				"up": {"uv": [0, 0, 2, 2], "texture": "#1"},
				"down": {"uv": [0, 0, 2, 2], "texture": "#1"}
			}
		},
		{
			"from": [26, 26, 8],
			"to": [29, 27, 13],
			"faces": {
				"north": {"uv": [10.33846, 10.33846, 12.33846, 12.33846], "texture": "#1"},
				"east": {"uv": [0, 0, 2, 2], "texture": "#1"},
				"south": {"uv": [0, 0, 2, 2], "texture": "#0"},
				"west": {"uv": [0, 0, 2, 2], "texture": "#1"},
				"up": {"uv": [0, 0, 2, 2], "texture": "#1"},
				"down": {"uv": [0, 0, 2, 2], "texture": "#1"}
			}
		},
		{
			"from": [27, 25, 8],
			"to": [29, 26, 13],
			"faces": {
				"north": {"uv": [10.33846, 10.33846, 12.33846, 12.33846], "texture": "#1"},
				"east": {"uv": [0, 0, 2, 2], "texture": "#1"},
				"south": {"uv": [0, 0, 2, 2], "texture": "#0"},
				"west": {"uv": [0, 0, 2, 2], "texture": "#1"},
				"up": {"uv": [0, 0, 2, 2], "texture": "#1"},
				"down": {"uv": [0, 0, 2, 2], "texture": "#1"}
			}
		},
		{
			"from": [28, 23, 8],
			"to": [30, 25, 13],
			"faces": {
				"north": {"uv": [10.33846, 10.33846, 12.33846, 12.33846], "texture": "#1"},
				"east": {"uv": [0, 0, 2, 2], "texture": "#1"},
				"south": {"uv": [0, 0, 2, 2], "texture": "#0"},
				"west": {"uv": [0, 0, 2, 2], "texture": "#1"},
				"up": {"uv": [0, 0, 2, 2], "texture": "#1"},
				"down": {"uv": [0, 0, 2, 2], "texture": "#1"}
			}
		},
		{
			"from": [29, 22, 8],
			"to": [30, 23, 13],
			"faces": {
				"north": {"uv": [10.33846, 10.33846, 12.33846, 12.33846], "texture": "#1"},
				"east": {"uv": [0, 0, 2, 2], "texture": "#1"},
				"south": {"uv": [0, 0, 2, 2], "texture": "#0"},
				"west": {"uv": [0, 0, 2, 2], "texture": "#1"},
				"up": {"uv": [0, 0, 2, 2], "texture": "#1"},
				"down": {"uv": [0, 0, 2, 2], "texture": "#1"}
			}
		},
		{
			"from": [29, 19, 8],
			"to": [31, 22, 13],
			"faces": {
				"north": {"uv": [10.33846, 10.33846, 12.33846, 12.33846], "texture": "#1"},
				"east": {"uv": [0, 0, 2, 2], "texture": "#1"},
				"south": {"uv": [0, 0, 2, 2], "texture": "#0"},
				"west": {"uv": [0, 0, 2, 2], "texture": "#1"},
				"up": {"uv": [0, 0, 2, 2], "texture": "#1"},
				"down": {"uv": [0, 0, 2, 2], "texture": "#1"}
			}
		},
		{
			"from": [28, 19, 8],
			"to": [29, 20, 13],
			"faces": {
				"north": {"uv": [10.33846, 10.33846, 12.33846, 12.33846], "texture": "#1"},
				"east": {"uv": [0, 0, 2, 2], "texture": "#1"},
				"south": {"uv": [0, 0, 2, 2], "texture": "#0"},
				"west": {"uv": [0, 0, 2, 2], "texture": "#1"},
				"up": {"uv": [0, 0, 2, 2], "texture": "#1"},
				"down": {"uv": [0, 0, 2, 2], "texture": "#1"}
			}
		},
		{
			"from": [28, 17, 8],
			"to": [30, 19, 13],
			"faces": {
				"north": {"uv": [10.33846, 10.33846, 12.33846, 12.33846], "texture": "#1"},
				"east": {"uv": [0, 0, 2, 2], "texture": "#1"},
				"south": {"uv": [0, 0, 2, 2], "texture": "#0"},
				"west": {"uv": [0, 0, 2, 2], "texture": "#1"},
				"up": {"uv": [0, 0, 2, 2], "texture": "#1"},
				"down": {"uv": [0, 0, 2, 2], "texture": "#1"}
			}
		},
		{
			"from": [26, 16, 8],
			"to": [29, 17, 13],
			"faces": {
				"north": {"uv": [10.33846, 10.33846, 12.33846, 12.33846], "texture": "#1"},
				"east": {"uv": [0, 0, 2, 2], "texture": "#1"},
				"south": {"uv": [0, 0, 2, 2], "texture": "#0"},
				"west": {"uv": [0, 0, 2, 2], "texture": "#1"},
				"up": {"uv": [0, 0, 2, 2], "texture": "#1"},
				"down": {"uv": [0, 0, 2, 2], "texture": "#1"}
			}
		},
		{
			"from": [27, 17, 8],
			"to": [28, 18, 13],
			"faces": {
				"north": {"uv": [10.33846, 10.33846, 12.33846, 12.33846], "texture": "#1"},
				"east": {"uv": [0, 0, 2, 2], "texture": "#1"},
				"south": {"uv": [0, 0, 2, 2], "texture": "#0"},
				"west": {"uv": [0, 0, 2, 2], "texture": "#1"},
				"up": {"uv": [0, 0, 2, 2], "texture": "#1"},
				"down": {"uv": [0, 0, 2, 2], "texture": "#1"}
			}
		},
		{
			"from": [22, 15, 8],
			"to": [27, 16, 13],
			"faces": {
				"north": {"uv": [10.33846, 10.33846, 12.33846, 12.33846], "texture": "#1"},
				"east": {"uv": [0, 0, 2, 2], "texture": "#1"},
				"south": {"uv": [0, 0, 2, 2], "texture": "#0"},
				"west": {"uv": [0, 0, 2, 2], "texture": "#1"},
				"up": {"uv": [0, 0, 2, 2], "texture": "#1"},
				"down": {"uv": [0, 0, 2, 2], "texture": "#1"}
			}
		},
		{
			"from": [22, 16, 8],
			"to": [24, 17, 13],
			"faces": {
				"north": {"uv": [10.33846, 10.33846, 12.33846, 12.33846], "texture": "#1"},
				"east": {"uv": [0, 0, 2, 2], "texture": "#1"},
				"south": {"uv": [0, 0, 2, 2], "texture": "#0"},
				"west": {"uv": [0, 0, 2, 2], "texture": "#1"},
				"up": {"uv": [0, 0, 2, 2], "texture": "#1"},
				"down": {"uv": [0, 0, 2, 2], "texture": "#1"}
			}
		},
		{
			"from": [21, 17, 8],
			"to": [23, 18, 13],
			"faces": {
				"north": {"uv": [10.33846, 10.33846, 12.33846, 12.33846], "texture": "#1"},
				"east": {"uv": [0, 0, 2, 2], "texture": "#1"},
				"south": {"uv": [0, 0, 2, 2], "texture": "#0"},
				"west": {"uv": [0, 0, 2, 2], "texture": "#1"},
				"up": {"uv": [0, 0, 2, 2], "texture": "#1"},
				"down": {"uv": [0, 0, 2, 2], "texture": "#1"}
			}
		},
		{
			"from": [21, 18, 8],
			"to": [22, 22, 13],
			"faces": {
				"north": {"uv": [10.33846, 10.33846, 12.33846, 12.33846], "texture": "#1"},
				"east": {"uv": [0, 0, 2, 2], "texture": "#1"},
				"south": {"uv": [0, 0, 2, 2], "texture": "#0"},
				"west": {"uv": [0, 0, 2, 2], "texture": "#1"},
				"up": {"uv": [0, 0, 2, 2], "texture": "#1"},
				"down": {"uv": [0, 0, 2, 2], "texture": "#1"}
			}
		},
		{
			"from": [22, 21, 8],
			"to": [23, 24, 13],
			"faces": {
				"north": {"uv": [10.33846, 10.33846, 12.33846, 12.33846], "texture": "#1"},
				"east": {"uv": [0, 0, 2, 2], "texture": "#1"},
				"south": {"uv": [0, 0, 2, 2], "texture": "#0"},
				"west": {"uv": [0, 0, 2, 2], "texture": "#1"},
				"up": {"uv": [0, 0, 2, 2], "texture": "#1"},
				"down": {"uv": [0, 0, 2, 2], "texture": "#1"}
			}
		},
		{
			"from": [12, 12, 8],
			"to": [14, 15, 13],
			"faces": {
				"north": {"uv": [10.33846, 10.33846, 12.33846, 12.33846], "texture": "#1"},
				"east": {"uv": [0, 0, 2, 2], "texture": "#1"},
				"south": {"uv": [0, 0, 2, 2], "texture": "#0"},
				"west": {"uv": [0, 0, 2, 2], "texture": "#1"},
				"up": {"uv": [0, 0, 2, 2], "texture": "#1"},
				"down": {"uv": [0, 0, 2, 2], "texture": "#1"}
			}
		},
		{
			"from": [5, 12, 8],
			"to": [12, 14, 13],
			"faces": {
				"north": {"uv": [10.33846, 10.33846, 12.33846, 12.33846], "texture": "#1"},
				"east": {"uv": [0, 0, 2, 2], "texture": "#1"},
				"south": {"uv": [0, 0, 2, 2], "texture": "#0"},
				"west": {"uv": [0, 0, 2, 2], "texture": "#1"},
				"up": {"uv": [0, 0, 2, 2], "texture": "#1"},
				"down": {"uv": [0, 0, 2, 2], "texture": "#1"}
			}
		},
		{
			"from": [2, 12, 8],
			"to": [5, 15, 13],
			"faces": {
				"north": {"uv": [10.33846, 10.33846, 12.33846, 12.33846], "texture": "#1"},
				"east": {"uv": [0, 0, 2, 2], "texture": "#1"},
				"south": {"uv": [0, 0, 2, 2], "texture": "#0"},
				"west": {"uv": [0, 0, 2, 2], "texture": "#1"},
				"up": {"uv": [0, 0, 2, 2], "texture": "#1"},
				"down": {"uv": [0, 0, 2, 2], "texture": "#1"}
			}
		},
		{
			"from": [1, 15, 8],
			"to": [4, 19, 13],
			"faces": {
				"north": {"uv": [10.33846, 10.33846, 12.33846, 12.33846], "texture": "#1"},
				"east": {"uv": [0, 0, 2, 2], "texture": "#1"},
				"south": {"uv": [0, 0, 2, 2], "texture": "#0"},
				"west": {"uv": [0, 0, 2, 2], "texture": "#1"},
				"up": {"uv": [0, 0, 2, 2], "texture": "#1"},
				"down": {"uv": [0, 0, 2, 2], "texture": "#1"}
			}
		},
		{
			"from": [0, 19, 8],
			"to": [3, 23, 13],
			"faces": {
				"north": {"uv": [10.33846, 10.33846, 12.33846, 12.33846], "texture": "#1"},
				"east": {"uv": [0, 0, 2, 2], "texture": "#1"},
				"south": {"uv": [0, 0, 2, 2], "texture": "#0"},
				"west": {"uv": [0, 0, 2, 2], "texture": "#1"},
				"up": {"uv": [0, 0, 2, 2], "texture": "#1"},
				"down": {"uv": [0, 0, 2, 2], "texture": "#1"}
			}
		},
		{
			"from": [-1, 23, 8],
			"to": [2, 26, 13],
			"faces": {
				"north": {"uv": [10.33846, 10.33846, 12.33846, 12.33846], "texture": "#1"},
				"east": {"uv": [0, 0, 2, 2], "texture": "#1"},
				"south": {"uv": [0, 0, 2, 2], "texture": "#0"},
				"west": {"uv": [0, 0, 2, 2], "texture": "#1"},
				"up": {"uv": [0, 0, 2, 2], "texture": "#1"},
				"down": {"uv": [0, 0, 2, 2], "texture": "#1"}
			}
		},
		{
			"from": [-2, 26, 8],
			"to": [1, 28, 13],
			"faces": {
				"north": {"uv": [10.33846, 10.33846, 12.33846, 12.33846], "texture": "#1"},
				"east": {"uv": [0, 0, 2, 2], "texture": "#1"},
				"south": {"uv": [0, 0, 2, 2], "texture": "#0"},
				"west": {"uv": [0, 0, 2, 2], "texture": "#1"},
				"up": {"uv": [0, 0, 2, 2], "texture": "#1"},
				"down": {"uv": [0, 0, 2, 2], "texture": "#1"}
			}
		},
		{
			"from": [-2, 28, 8],
			"to": [0, 29, 13],
			"faces": {
				"north": {"uv": [10.33846, 10.33846, 12.33846, 12.33846], "texture": "#1"},
				"east": {"uv": [0, 0, 2, 2], "texture": "#1"},
				"south": {"uv": [0, 0, 2, 2], "texture": "#0"},
				"west": {"uv": [0, 0, 2, 2], "texture": "#1"},
				"up": {"uv": [0, 0, 2, 2], "texture": "#1"},
				"down": {"uv": [0, 0, 2, 2], "texture": "#1"}
			}
		},
		{
			"from": [-3, 27, 8],
			"to": [-2, 30, 13],
			"faces": {
				"north": {"uv": [10.33846, 10.33846, 12.33846, 12.33846], "texture": "#1"},
				"east": {"uv": [0, 0, 2, 2], "texture": "#1"},
				"south": {"uv": [0, 0, 2, 2], "texture": "#0"},
				"west": {"uv": [0, 0, 2, 2], "texture": "#1"},
				"up": {"uv": [0, 0, 2, 2], "texture": "#1"},
				"down": {"uv": [0, 0, 2, 2], "texture": "#1"}
			}
		},
		{
			"from": [-5, 28, 8],
			"to": [-3, 30, 13],
			"faces": {
				"north": {"uv": [10.33846, 10.33846, 12.33846, 12.33846], "texture": "#1"},
				"east": {"uv": [0, 0, 2, 2], "texture": "#1"},
				"south": {"uv": [0, 0, 2, 2], "texture": "#0"},
				"west": {"uv": [0, 0, 2, 2], "texture": "#1"},
				"up": {"uv": [0, 0, 2, 2], "texture": "#1"},
				"down": {"uv": [0, 0, 2, 2], "texture": "#1"}
			}
		},
		{
			"from": [-8, 27, 8],
			"to": [-5, 31, 13],
			"faces": {
				"north": {"uv": [10.33846, 10.33846, 12.33846, 12.33846], "texture": "#1"},
				"east": {"uv": [0, 0, 2, 2], "texture": "#1"},
				"south": {"uv": [0, 0, 2, 2], "texture": "#0"},
				"west": {"uv": [0, 0, 2, 2], "texture": "#1"},
				"up": {"uv": [0, 0, 2, 2], "texture": "#1"},
				"down": {"uv": [0, 0, 2, 2], "texture": "#1"}
			}
		},
		{
			"from": [-9, 28, 8],
			"to": [-8, 30, 13],
			"faces": {
				"north": {"uv": [10.33846, 10.33846, 12.33846, 12.33846], "texture": "#1"},
				"east": {"uv": [0, 0, 2, 2], "texture": "#1"},
				"south": {"uv": [0, 0, 2, 2], "texture": "#0"},
				"west": {"uv": [0, 0, 2, 2], "texture": "#1"},
				"up": {"uv": [0, 0, 2, 2], "texture": "#1"},
				"down": {"uv": [0, 0, 2, 2], "texture": "#1"}
			}
		},
		{
			"from": [4, 5, 8],
			"to": [7, 8, 13],
			"faces": {
				"north": {"uv": [10.33846, 10.33846, 12.33846, 12.33846], "texture": "#1"},
				"east": {"uv": [0, 0, 2, 2], "texture": "#1"},
				"south": {"uv": [0, 0, 2, 2], "texture": "#0"},
				"west": {"uv": [0, 0, 2, 2], "texture": "#1"},
				"up": {"uv": [0, 0, 2, 2], "texture": "#1"},
				"down": {"uv": [0, 0, 2, 2], "texture": "#1"}
			}
		},
		{
			"from": [2, 11, 8],
			"to": [3, 12, 13],
			"faces": {
				"north": {"uv": [10.33846, 10.33846, 12.33846, 12.33846], "texture": "#1"},
				"east": {"uv": [0, 0, 2, 2], "texture": "#1"},
				"south": {"uv": [0, 0, 2, 2], "texture": "#0"},
				"west": {"uv": [0, 0, 2, 2], "texture": "#1"},
				"up": {"uv": [0, 0, 2, 2], "texture": "#1"},
				"down": {"uv": [0, 0, 2, 2], "texture": "#1"}
			}
		},
		{
			"from": [3, 8, 8],
			"to": [6, 12, 13],
			"faces": {
				"north": {"uv": [10.33846, 10.33846, 12.33846, 12.33846], "texture": "#1"},
				"east": {"uv": [0, 0, 2, 2], "texture": "#1"},
				"south": {"uv": [0, 0, 2, 2], "texture": "#0"},
				"west": {"uv": [0, 0, 2, 2], "texture": "#1"},
				"up": {"uv": [0, 0, 2, 2], "texture": "#1"},
				"down": {"uv": [0, 0, 2, 2], "texture": "#1"}
			}
		},
		{
			"from": [3, 2, 8],
			"to": [8, 5, 13],
			"faces": {
				"north": {"uv": [10.33846, 10.33846, 12.33846, 12.33846], "texture": "#1"},
				"east": {"uv": [0, 0, 2, 2], "texture": "#1"},
				"south": {"uv": [0, 0, 2, 2], "texture": "#0"},
				"west": {"uv": [0, 0, 2, 2], "texture": "#1"},
				"up": {"uv": [0, 0, 2, 2], "texture": "#1"},
				"down": {"uv": [0, 0, 2, 2], "texture": "#1"}
			}
		},
		{
			"from": [4, 1, 8],
			"to": [7, 2, 13],
			"faces": {
				"north": {"uv": [10.33846, 10.33846, 12.33846, 12.33846], "texture": "#1"},
				"east": {"uv": [0, 0, 2, 2], "texture": "#1"},
				"south": {"uv": [0, 0, 2, 2], "texture": "#0"},
				"west": {"uv": [0, 0, 2, 2], "texture": "#1"},
				"up": {"uv": [0, 0, 2, 2], "texture": "#1"},
				"down": {"uv": [0, 0, 2, 2], "texture": "#1"}
			}
		},
		{
			"from": [2, 2, 8],
			"to": [3, 4, 13],
			"faces": {
				"north": {"uv": [10.33846, 10.33846, 12.33846, 12.33846], "texture": "#1"},
				"east": {"uv": [0, 0, 2, 2], "texture": "#1"},
				"south": {"uv": [0, 0, 2, 2], "texture": "#0"},
				"west": {"uv": [0, 0, 2, 2], "texture": "#1"},
				"up": {"uv": [0, 0, 2, 2], "texture": "#1"},
				"down": {"uv": [0, 0, 2, 2], "texture": "#1"}
			}
		},
		{
			"from": [0, 3, 8],
			"to": [2, 4, 13],
			"faces": {
				"north": {"uv": [10.33846, 10.33846, 12.33846, 12.33846], "texture": "#1"},
				"east": {"uv": [0, 0, 2, 2], "texture": "#1"},
				"south": {"uv": [0, 0, 2, 2], "texture": "#0"},
				"west": {"uv": [0, 0, 2, 2], "texture": "#1"},
				"up": {"uv": [0, 0, 2, 2], "texture": "#1"},
				"down": {"uv": [0, 0, 2, 2], "texture": "#1"}
			}
		},
		{
			"from": [-2, 4, 8],
			"to": [1, 5, 13],
			"faces": {
				"north": {"uv": [10.33846, 10.33846, 12.33846, 12.33846], "texture": "#1"},
				"east": {"uv": [0, 0, 2, 2], "texture": "#1"},
				"south": {"uv": [0, 0, 2, 2], "texture": "#0"},
				"west": {"uv": [0, 0, 2, 2], "texture": "#1"},
				"up": {"uv": [0, 0, 2, 2], "texture": "#1"},
				"down": {"uv": [0, 0, 2, 2], "texture": "#1"}
			}
		},
		{
			"from": [-4.8, 3, 8],
			"to": [-3, 4, 13],
			"faces": {
				"north": {"uv": [10.33846, 10.33846, 12.33846, 12.33846], "texture": "#1"},
				"east": {"uv": [0, 0, 2, 2], "texture": "#1"},
				"south": {"uv": [0, 0, 2, 2], "texture": "#0"},
				"west": {"uv": [0, 0, 2, 2], "texture": "#1"},
				"up": {"uv": [0, 0, 2, 2], "texture": "#1"},
				"down": {"uv": [0, 0, 2, 2], "texture": "#1"}
			}
		},
		{
			"from": [-4.8, 4, 8],
			"to": [-2, 10, 13],
			"faces": {
				"north": {"uv": [10.33846, 10.33846, 12.33846, 12.33846], "texture": "#1"},
				"east": {"uv": [0, 0, 2, 2], "texture": "#1"},
				"south": {"uv": [0, 0, 2, 2], "texture": "#0"},
				"west": {"uv": [0, 0, 2, 2], "texture": "#1"},
				"up": {"uv": [0, 0, 2, 2], "texture": "#1"},
				"down": {"uv": [0, 0, 2, 2], "texture": "#1"}
			}
		},
		{
			"from": [-11, 2, 8],
			"to": [-4, 3, 13],
			"faces": {
				"north": {"uv": [10.33846, 10.33846, 12.33846, 12.33846], "texture": "#1"},
				"east": {"uv": [0, 0, 2, 2], "texture": "#1"},
				"south": {"uv": [0, 0, 2, 2], "texture": "#0"},
				"west": {"uv": [0, 0, 2, 2], "texture": "#1"},
				"up": {"uv": [0, 0, 2, 2], "texture": "#1"},
				"down": {"uv": [0, 0, 2, 2], "texture": "#1"}
			}
		},
		{
			"from": [-8.8, 1, 8],
			"to": [-6, 2, 13],
			"faces": {
				"north": {"uv": [10.33846, 10.33846, 12.33846, 12.33846], "texture": "#1"},
				"east": {"uv": [0, 0, 2, 2], "texture": "#1"},
				"south": {"uv": [0, 0, 2, 2], "texture": "#0"},
				"west": {"uv": [0, 0, 2, 2], "texture": "#1"},
				"up": {"uv": [0, 0, 2, 2], "texture": "#1"},
				"down": {"uv": [0, 0, 2, 2], "texture": "#1"}
			}
		},
		{
			"from": [-12, 3, 8],
			"to": [-4.8, 5, 13],
			"faces": {
				"north": {"uv": [10.33846, 10.33846, 12.33846, 12.33846], "texture": "#1"},
				"east": {"uv": [0, 0, 2, 2], "texture": "#1"},
				"south": {"uv": [0, 0, 2, 2], "texture": "#0"},
				"west": {"uv": [0, 0, 2, 2], "texture": "#1"},
				"up": {"uv": [0, 0, 2, 2], "texture": "#1"},
				"down": {"uv": [0, 0, 2, 2], "texture": "#1"}
			}
		},
		{
			"from": [-6.8, 5, 8],
			"to": [-5.8, 5.5, 13],
			"faces": {
				"north": {"uv": [10.33846, 10.33846, 12.33846, 12.33846], "texture": "#1"},
				"east": {"uv": [0, 0, 2, 2], "texture": "#1"},
				"south": {"uv": [0, 0, 2, 2], "texture": "#0"},
				"west": {"uv": [0, 0, 2, 2], "texture": "#1"},
				"up": {"uv": [0, 0, 2, 2], "texture": "#1"},
				"down": {"uv": [0, 0, 2, 2], "texture": "#1"}
			}
		},
		{
			"from": [-5.8, 5, 8],
			"to": [-4.8, 6, 13],
			"faces": {
				"north": {"uv": [10.33846, 10.33846, 12.33846, 12.33846], "texture": "#1"},
				"east": {"uv": [0, 0, 2, 2], "texture": "#1"},
				"south": {"uv": [0, 0, 2, 2], "texture": "#0"},
				"west": {"uv": [0, 0, 2, 2], "texture": "#1"},
				"up": {"uv": [0, 0, 2, 2], "texture": "#1"},
				"down": {"uv": [0, 0, 2, 2], "texture": "#1"}
			}
		},
		{
			"from": [-5.3, 6, 8],
			"to": [-4.8, 7.5, 13],
			"faces": {
				"north": {"uv": [10.33846, 10.33846, 12.33846, 12.33846], "texture": "#1"},
				"east": {"uv": [0, 0, 2, 2], "texture": "#1"},
				"south": {"uv": [0, 0, 2, 2], "texture": "#0"},
				"west": {"uv": [0, 0, 2, 2], "texture": "#1"},
				"up": {"uv": [0, 0, 2, 2], "texture": "#1"},
				"down": {"uv": [0, 0, 2, 2], "texture": "#1"}
			}
		},
		{
			"from": [-5.3, 9, 8],
			"to": [-4.8, 10.5, 13],
			"faces": {
				"north": {"uv": [10.33846, 10.33846, 12.33846, 12.33846], "texture": "#1"},
				"east": {"uv": [0, 0, 2, 2], "texture": "#1"},
				"south": {"uv": [0, 0, 2, 2], "texture": "#0"},
				"west": {"uv": [0, 0, 2, 2], "texture": "#1"},
				"up": {"uv": [0, 0, 2, 2], "texture": "#1"},
				"down": {"uv": [0, 0, 2, 2], "texture": "#1"}
			}
		},
		{
			"from": [-10.2, 5, 8],
			"to": [-9.2, 6, 13],
			"faces": {
				"north": {"uv": [10.33846, 10.33846, 12.33846, 12.33846], "texture": "#1"},
				"east": {"uv": [0, 0, 2, 2], "texture": "#1"},
				"south": {"uv": [0, 0, 2, 2], "texture": "#0"},
				"west": {"uv": [0, 0, 2, 2], "texture": "#1"},
				"up": {"uv": [0, 0, 2, 2], "texture": "#1"},
				"down": {"uv": [0, 0, 2, 2], "texture": "#1"}
			}
		},
		{
			"from": [-9.2, 5, 8],
			"to": [-8.2, 5.5, 13],
			"faces": {
				"north": {"uv": [10.33846, 10.33846, 12.33846, 12.33846], "texture": "#1"},
				"east": {"uv": [0, 0, 2, 2], "texture": "#1"},
				"south": {"uv": [0, 0, 2, 2], "texture": "#0"},
				"west": {"uv": [0, 0, 2, 2], "texture": "#1"},
				"up": {"uv": [0, 0, 2, 2], "texture": "#1"},
				"down": {"uv": [0, 0, 2, 2], "texture": "#1"}
			}
		},
		{
			"from": [-10.2, 6, 8],
			"to": [-9.7, 7.5, 13],
			"faces": {
				"north": {"uv": [10.33846, 10.33846, 12.33846, 12.33846], "texture": "#1"},
				"east": {"uv": [0, 0, 2, 2], "texture": "#1"},
				"south": {"uv": [0, 0, 2, 2], "texture": "#0"},
				"west": {"uv": [0, 0, 2, 2], "texture": "#1"},
				"up": {"uv": [0, 0, 2, 2], "texture": "#1"},
				"down": {"uv": [0, 0, 2, 2], "texture": "#1"}
			}
		},
		{
			"from": [-12, 5, 8],
			"to": [-10.2, 13, 13],
			"faces": {
				"north": {"uv": [10.33846, 10.33846, 12.33846, 12.33846], "texture": "#1"},
				"east": {"uv": [0, 0, 2, 2], "texture": "#1"},
				"south": {"uv": [0, 0, 2, 2], "texture": "#0"},
				"west": {"uv": [0, 0, 2, 2], "texture": "#1"},
				"up": {"uv": [0, 0, 2, 2], "texture": "#1"},
				"down": {"uv": [0, 0, 2, 2], "texture": "#1"}
			}
		},
		{
			"from": [-13, 6, 8],
			"to": [-12, 10, 13],
			"faces": {
				"north": {"uv": [10.33846, 10.33846, 12.33846, 12.33846], "texture": "#1"},
				"east": {"uv": [0, 0, 2, 2], "texture": "#1"},
				"south": {"uv": [0, 0, 2, 2], "texture": "#0"},
				"west": {"uv": [0, 0, 2, 2], "texture": "#1"},
				"up": {"uv": [0, 0, 2, 2], "texture": "#1"},
				"down": {"uv": [0, 0, 2, 2], "texture": "#1"}
			}
		},
		{
			"from": [-15, 8, 8],
			"to": [-13, 9, 13],
			"faces": {
				"north": {"uv": [10.33846, 10.33846, 12.33846, 12.33846], "texture": "#1"},
				"east": {"uv": [0, 0, 2, 2], "texture": "#1"},
				"south": {"uv": [0, 0, 2, 2], "texture": "#0"},
				"west": {"uv": [0, 0, 2, 2], "texture": "#1"},
				"up": {"uv": [0, 0, 2, 2], "texture": "#1"},
				"down": {"uv": [0, 0, 2, 2], "texture": "#1"}
			}
		},
		{
			"from": [-15, 9, 8],
			"to": [-14, 10, 13],
			"faces": {
				"north": {"uv": [10.33846, 10.33846, 12.33846, 12.33846], "texture": "#1"},
				"east": {"uv": [0, 0, 2, 2], "texture": "#1"},
				"south": {"uv": [0, 0, 2, 2], "texture": "#0"},
				"west": {"uv": [0, 0, 2, 2], "texture": "#1"},
				"up": {"uv": [0, 0, 2, 2], "texture": "#1"},
				"down": {"uv": [0, 0, 2, 2], "texture": "#1"}
			}
		},
		{
			"from": [-10.2, 9, 8],
			"to": [-9.7, 10.5, 13],
			"faces": {
				"north": {"uv": [10.33846, 10.33846, 12.33846, 12.33846], "texture": "#1"},
				"east": {"uv": [0, 0, 2, 2], "texture": "#1"},
				"south": {"uv": [0, 0, 2, 2], "texture": "#0"},
				"west": {"uv": [0, 0, 2, 2], "texture": "#1"},
				"up": {"uv": [0, 0, 2, 2], "texture": "#1"},
				"down": {"uv": [0, 0, 2, 2], "texture": "#1"}
			}
		},
		{
			"from": [-10.2, 10.5, 8],
			"to": [-9.2, 11.5, 13],
			"faces": {
				"north": {"uv": [10.33846, 10.33846, 12.33846, 12.33846], "texture": "#1"},
				"east": {"uv": [0, 0, 2, 2], "texture": "#1"},
				"south": {"uv": [0, 0, 2, 2], "texture": "#0"},
				"west": {"uv": [0, 0, 2, 2], "texture": "#1"},
				"up": {"uv": [0, 0, 2, 2], "texture": "#1"},
				"down": {"uv": [0, 0, 2, 2], "texture": "#1"}
			}
		},
		{
			"from": [-9.2, 11, 8],
			"to": [-8.2, 11.5, 13],
			"faces": {
				"north": {"uv": [10.33846, 10.33846, 12.33846, 12.33846], "texture": "#1"},
				"east": {"uv": [0, 0, 2, 2], "texture": "#1"},
				"south": {"uv": [0, 0, 2, 2], "texture": "#0"},
				"west": {"uv": [0, 0, 2, 2], "texture": "#1"},
				"up": {"uv": [0, 0, 2, 2], "texture": "#1"},
				"down": {"uv": [0, 0, 2, 2], "texture": "#1"}
			}
		},
		{
			"from": [-5.8, 10.5, 8],
			"to": [-4.8, 11.5, 13],
			"faces": {
				"north": {"uv": [10.33846, 10.33846, 12.33846, 12.33846], "texture": "#1"},
				"east": {"uv": [0, 0, 2, 2], "texture": "#1"},
				"south": {"uv": [0, 0, 2, 2], "texture": "#0"},
				"west": {"uv": [0, 0, 2, 2], "texture": "#1"},
				"up": {"uv": [0, 0, 2, 2], "texture": "#1"},
				"down": {"uv": [0, 0, 2, 2], "texture": "#1"}
			}
		},
		{
			"from": [-6.8, 11, 8],
			"to": [-5.8, 11.5, 13],
			"faces": {
				"north": {"uv": [10.33846, 10.33846, 12.33846, 12.33846], "texture": "#1"},
				"east": {"uv": [0, 0, 2, 2], "texture": "#1"},
				"south": {"uv": [0, 0, 2, 2], "texture": "#0"},
				"west": {"uv": [0, 0, 2, 2], "texture": "#1"},
				"up": {"uv": [0, 0, 2, 2], "texture": "#1"},
				"down": {"uv": [0, 0, 2, 2], "texture": "#1"}
			}
		},
		{
			"from": [-4.8, 10, 8],
			"to": [-3, 13, 13],
			"faces": {
				"north": {"uv": [10.33846, 10.33846, 12.33846, 12.33846], "texture": "#1"},
				"east": {"uv": [0, 0, 2, 2], "texture": "#1"},
				"south": {"uv": [0, 0, 2, 2], "texture": "#0"},
				"west": {"uv": [0, 0, 2, 2], "texture": "#1"},
				"up": {"uv": [0, 0, 2, 2], "texture": "#1"},
				"down": {"uv": [0, 0, 2, 2], "texture": "#1"}
			}
		},
		{
			"from": [-10.2, 11.5, 8],
			"to": [-4.8, 13, 13],
			"faces": {
				"north": {"uv": [10.33846, 10.33846, 12.33846, 12.33846], "texture": "#1"},
				"east": {"uv": [0, 0, 2, 2], "texture": "#1"},
				"south": {"uv": [0, 0, 2, 2], "texture": "#0"},
				"west": {"uv": [0, 0, 2, 2], "texture": "#1"},
				"up": {"uv": [0, 0, 2, 2], "texture": "#1"},
				"down": {"uv": [0, 0, 2, 2], "texture": "#1"}
			}
		},
		{
			"from": [-11, 13, 8],
			"to": [-4, 14, 13],
			"faces": {
				"north": {"uv": [10.33846, 10.33846, 12.33846, 12.33846], "texture": "#1"},
				"east": {"uv": [0, 0, 2, 2], "texture": "#1"},
				"south": {"uv": [0, 0, 2, 2], "texture": "#0"},
				"west": {"uv": [0, 0, 2, 2], "texture": "#1"},
				"up": {"uv": [0, 0, 2, 2], "texture": "#1"},
				"down": {"uv": [0, 0, 2, 2], "texture": "#1"}
			}
		},
		{
			"from": [-9, 14, 8],
			"to": [-6, 15, 13],
			"faces": {
				"north": {"uv": [10.33846, 10.33846, 12.33846, 12.33846], "texture": "#1"},
				"east": {"uv": [0, 0, 2, 2], "texture": "#1"},
				"south": {"uv": [0, 0, 2, 2], "texture": "#0"},
				"west": {"uv": [0, 0, 2, 2], "texture": "#1"},
				"up": {"uv": [0, 0, 2, 2], "texture": "#1"},
				"down": {"uv": [0, 0, 2, 2], "texture": "#1"}
			}
		}
	],
	"display": {
		"head": {
			"scale": [3, 3, 3]
		}
	},
	"groups": [
		{
			"name": "group",
			"origin": [0, 0, 0],
			"color": 0,
			"children": [
				0,
				1,
				2,
				3,
				4,
				5,
				6,
				7,
				8,
				9,
				10,
				11,
				12,
				13,
				14,
				15,
				16,
				17,
				18,
				19,
				20,
				21,
				22,
				23,
				24,
				25,
				26,
				27,
				28,
				29,
				30,
				31,
				32,
				33,
				34,
				35,
				36,
				37,
				38,
				39,
				40,
				41,
				42,
				43,
				44,
				45,
				46,
				47,
				48,
				49,
				50,
				51,
				52,
				53,
				54,
				55,
				56,
				57,
				58,
				59,
				60,
				61,
				62,
				63,
				64,
				65,
				66,
				67,
				68,
				69,
				70,
				71,
				72,
				73,
				74,
				75,
				76,
				77,
				78,
				79,
				80,
				81,
				82,
				83,
				84,
				85,
				86,
				87,
				88,
				89,
				90,
				91,
				92,
				93,
				94,
				95,
				96,
				97,
				98,
				99,
				100,
				101,
				102,
				103,
				104,
				105,
				106,
				107,
				108,
				109,
				110,
				111,
				112,
				113,
				114,
				115,
				116,
				117,
				118,
				119,
				120,
				121
			]
		},
		122,
		123,
		124,
		125,
		126,
		127,
		128,
		129,
		130,
		131,
		132,
		133,
		134,
		135,
		136,
		137,
		138,
		139,
		140,
		141,
		142,
		143,
		144,
		145,
		146,
		147,
		148,
		149,
		150,
		151,
		152,
		153,
		154,
		155,
		156,
		157,
		158,
		159,
		160,
		161,
		162,
		163,
		164,
		165,
		166,
		167,
		168,
		169,
		170,
		171,
		172,
		173,
		174,
		175,
		176,
		177,
		178,
		179,
		180,
		181,
		182,
		183,
		184,
		185,
		186,
		187,
		188,
		189,
		190,
		191,
		192,
		193,
		194,
		195,
		196,
		197,
		198,
		199,
		200,
		201,
		202,
		203
	]
}