{
	"credit": "Made with Blockbench",
	"textures": {
		"0": "item/noire",
		"1": "item/lumiere",
		"particle": "item/noire"
	},
	"elements": [
		{
			"from": [31, 0, 0],
			"to": [32, 32, 6],
			"faces": {
				"north": {"uv": [0, 0, 1, 16], "texture": "#0"},
				"east": {"uv": [0, 0, 6, 16], "texture": "#0"},
				"south": {"uv": [0, 0, 1, 16], "texture": "#0"},
				"west": {"uv": [0, 0, 6, 16], "texture": "#0"},
				"up": {"uv": [0, 0, 1, 6], "texture": "#0"},
				"down": {"uv": [0, 0, 1, 6], "texture": "#0"}
			}
		},
		{
			"from": [23, 19, 0],
			"to": [24, 32, 6],
			"faces": {
				"north": {"uv": [0, 0, 1, 13], "texture": "#0"},
				"east": {"uv": [0, 0, 6, 13], "texture": "#0"},
				"south": {"uv": [0, 0, 1, 13], "texture": "#0"},
				"west": {"uv": [0, 0, 6, 13], "texture": "#0"},
				"up": {"uv": [0, 0, 1, 6], "texture": "#0"},
				"down": {"uv": [0, 0, 1, 6], "texture": "#0"}
			}
		},
		{
			"from": [23, 0, 0],
			"to": [24, 13, 6],
			"faces": {
				"north": {"uv": [0, 0, 1, 13], "texture": "#0"},
				"east": {"uv": [0, 0, 6, 13], "texture": "#0"},
				"south": {"uv": [0, 0, 1, 13], "texture": "#0"},
				"west": {"uv": [0, 0, 6, 13], "texture": "#0"},
				"up": {"uv": [0, 0, 1, 6], "texture": "#0"},
				"down": {"uv": [0, 0, 1, 6], "texture": "#0"}
			}
		},
		{
			"from": [16, 19, 0],
			"to": [17, 32, 6],
			"faces": {
				"north": {"uv": [0, 0, 1, 13], "texture": "#0"},
				"east": {"uv": [0, 0, 6, 13], "texture": "#0"},
				"south": {"uv": [0, 0, 1, 13], "texture": "#0"},
				"west": {"uv": [0, 0, 6, 13], "texture": "#0"},
				"up": {"uv": [0, 0, 1, 6], "texture": "#0"},
				"down": {"uv": [0, 0, 1, 6], "texture": "#0"}
			}
		},
		{
			"from": [16, 0, 0],
			"to": [17, 13, 6],
			"faces": {
				"north": {"uv": [0, 0, 1, 13], "texture": "#0"},
				"east": {"uv": [0, 0, 6, 13], "texture": "#0"},
				"south": {"uv": [0, 0, 1, 13], "texture": "#0"},
				"west": {"uv": [0, 0, 6, 13], "texture": "#0"},
				"up": {"uv": [0, 0, 1, 6], "texture": "#0"},
				"down": {"uv": [0, 0, 1, 6], "texture": "#0"}
			}
		},
		{
			"from": [8, 0, 0],
			"to": [9, 32, 6],
			"faces": {
				"north": {"uv": [0, 0, 1, 16], "texture": "#0"},
				"east": {"uv": [0, 0, 6, 16], "texture": "#0"},
				"south": {"uv": [0, 0, 1, 16], "texture": "#0"},
				"west": {"uv": [0, 0, 6, 16], "texture": "#0"},
				"up": {"uv": [0, 0, 1, 6], "texture": "#0"},
				"down": {"uv": [0, 0, 1, 6], "texture": "#0"}
			}
		},
		{
			"from": [9, 0, 0],
			"to": [16, 1, 6],
			"faces": {
				"north": {"uv": [0, 0, 7, 1], "texture": "#0"},
				"east": {"uv": [0, 0, 6, 1], "texture": "#0"},
				"south": {"uv": [0, 0, 7, 1], "texture": "#0"},
				"west": {"uv": [0, 0, 6, 1], "texture": "#0"},
				"up": {"uv": [0, 0, 7, 6], "texture": "#0"},
				"down": {"uv": [0, 0, 7, 6], "texture": "#0"}
			}
		},
		{
			"from": [24, 0, 0],
			"to": [31, 1, 6],
			"faces": {
				"north": {"uv": [0, 0, 7, 1], "texture": "#0"},
				"east": {"uv": [0, 0, 6, 1], "texture": "#0"},
				"south": {"uv": [0, 0, 7, 1], "texture": "#0"},
				"west": {"uv": [0, 0, 6, 1], "texture": "#0"},
				"up": {"uv": [0, 0, 7, 6], "texture": "#0"},
				"down": {"uv": [0, 0, 7, 6], "texture": "#0"}
			}
		},
		{
			"from": [24, 31, 0],
			"to": [31, 32, 6],
			"faces": {
				"north": {"uv": [0, 0, 7, 1], "texture": "#0"},
				"east": {"uv": [0, 0, 6, 1], "texture": "#0"},
				"south": {"uv": [0, 0, 7, 1], "texture": "#0"},
				"west": {"uv": [0, 0, 6, 1], "texture": "#0"},
				"up": {"uv": [0, 0, 7, 6], "texture": "#0"},
				"down": {"uv": [0, 0, 7, 6], "texture": "#0"}
			}
		},
		{
			"from": [9, 31, 0],
			"to": [16, 32, 6],
			"faces": {
				"north": {"uv": [0, 0, 7, 1], "texture": "#0"},
				"east": {"uv": [0, 0, 6, 1], "texture": "#0"},
				"south": {"uv": [0, 0, 7, 1], "texture": "#0"},
				"west": {"uv": [0, 0, 6, 1], "texture": "#0"},
				"up": {"uv": [0, 0, 7, 6], "texture": "#0"},
				"down": {"uv": [0, 0, 7, 6], "texture": "#0"}
			}
		},
		{
			"from": [17, 19, 0],
			"to": [23, 20, 6],
			"faces": {
				"north": {"uv": [0, 0, 6, 1], "texture": "#0"},
				"east": {"uv": [0, 0, 6, 1], "texture": "#0"},
				"south": {"uv": [0, 0, 6, 1], "texture": "#0"},
				"west": {"uv": [0, 0, 6, 1], "texture": "#0"},
				"up": {"uv": [0, 0, 6, 6], "texture": "#0"},
				"down": {"uv": [0, 0, 6, 6], "texture": "#0"}
			}
		},
		{
			"from": [17, 12, 0],
			"to": [23, 13, 6],
			"faces": {
				"north": {"uv": [0, 0, 6, 1], "texture": "#0"},
				"east": {"uv": [0, 0, 6, 1], "texture": "#0"},
				"south": {"uv": [0, 0, 6, 1], "texture": "#0"},
				"west": {"uv": [0, 0, 6, 1], "texture": "#0"},
				"up": {"uv": [0, 0, 6, 6], "texture": "#0"},
				"down": {"uv": [0, 0, 6, 6], "texture": "#0"}
			}
		},
		{
			"from": [-8, 0, 0],
			"to": [-4, 1, 6],
			"faces": {
				"north": {"uv": [0, 0, 4, 1], "texture": "#0"},
				"east": {"uv": [0, 0, 6, 1], "texture": "#0"},
				"south": {"uv": [0, 0, 4, 1], "texture": "#0"},
				"west": {"uv": [0, 0, 6, 1], "texture": "#0"},
				"up": {"uv": [0, 0, 4, 6], "texture": "#0"},
				"down": {"uv": [0, 0, 4, 6], "texture": "#0"}
			}
		},
		{
			"from": [-4, 1, 0],
			"to": [-1, 2, 6],
			"faces": {
				"north": {"uv": [0, 0, 3, 1], "texture": "#0"},
				"east": {"uv": [0, 0, 6, 1], "texture": "#0"},
				"south": {"uv": [0, 0, 3, 1], "texture": "#0"},
				"west": {"uv": [0, 0, 6, 1], "texture": "#0"},
				"up": {"uv": [0, 0, 3, 6], "texture": "#0"},
				"down": {"uv": [0, 0, 3, 6], "texture": "#0"}
			}
		},
		{
			"from": [-11, 1, 0],
			"to": [-8, 2, 6],
			"faces": {
				"north": {"uv": [0, 0, 3, 1], "texture": "#0"},
				"east": {"uv": [0, 0, 6, 1], "texture": "#0"},
				"south": {"uv": [0, 0, 3, 1], "texture": "#0"},
				"west": {"uv": [0, 0, 6, 1], "texture": "#0"},
				"up": {"uv": [0, 0, 3, 6], "texture": "#0"},
				"down": {"uv": [0, 0, 3, 6], "texture": "#0"}
			}
		},
		{
			"from": [-12, 2, 0],
			"to": [-11, 3, 6],
			"faces": {
				"north": {"uv": [0, 0, 1, 1], "texture": "#0"},
				"east": {"uv": [0, 0, 6, 1], "texture": "#0"},
				"south": {"uv": [0, 0, 1, 1], "texture": "#0"},
				"west": {"uv": [0, 0, 6, 1], "texture": "#0"},
				"up": {"uv": [0, 0, 1, 6], "texture": "#0"},
				"down": {"uv": [0, 0, 1, 6], "texture": "#0"}
			}
		},
		{
			"from": [-1, 2, 0],
			"to": [0, 3, 6],
			"faces": {
				"north": {"uv": [0, 0, 1, 1], "texture": "#0"},
				"east": {"uv": [0, 0, 6, 1], "texture": "#0"},
				"south": {"uv": [0, 0, 1, 1], "texture": "#0"},
				"west": {"uv": [0, 0, 6, 1], "texture": "#0"},
				"up": {"uv": [0, 0, 1, 6], "texture": "#0"},
				"down": {"uv": [0, 0, 1, 6], "texture": "#0"}
			}
		},
		{
			"from": [1, 4, 0],
			"to": [2, 6, 6],
			"faces": {
				"north": {"uv": [0, 0, 1, 2], "texture": "#0"},
				"east": {"uv": [0, 0, 6, 2], "texture": "#0"},
				"south": {"uv": [0, 0, 1, 2], "texture": "#0"},
				"west": {"uv": [0, 0, 6, 2], "texture": "#0"},
				"up": {"uv": [0, 0, 1, 6], "texture": "#0"},
				"down": {"uv": [0, 0, 1, 6], "texture": "#0"}
			}
		},
		{
			"from": [-14, 4, 0],
			"to": [-13, 6, 6],
			"faces": {
				"north": {"uv": [0, 0, 1, 2], "texture": "#0"},
				"east": {"uv": [0, 0, 6, 2], "texture": "#0"},
				"south": {"uv": [0, 0, 1, 2], "texture": "#0"},
				"west": {"uv": [0, 0, 6, 2], "texture": "#0"},
				"up": {"uv": [0, 0, 1, 6], "texture": "#0"},
				"down": {"uv": [0, 0, 1, 6], "texture": "#0"}
			}
		},
		{
			"from": [-15, 6, 0],
			"to": [-14, 11, 6],
			"faces": {
				"north": {"uv": [0, 0, 1, 5], "texture": "#0"},
				"east": {"uv": [0, 0, 6, 5], "texture": "#0"},
				"south": {"uv": [0, 0, 1, 5], "texture": "#0"},
				"west": {"uv": [0, 0, 6, 5], "texture": "#0"},
				"up": {"uv": [0, 0, 1, 6], "texture": "#0"},
				"down": {"uv": [0, 0, 1, 6], "texture": "#0"}
			}
		},
		{
			"from": [2, 6, 0],
			"to": [3, 11, 6],
			"faces": {
				"north": {"uv": [0, 0, 1, 5], "texture": "#0"},
				"east": {"uv": [0, 0, 6, 5], "texture": "#0"},
				"south": {"uv": [0, 0, 1, 5], "texture": "#0"},
				"west": {"uv": [0, 0, 6, 5], "texture": "#0"},
				"up": {"uv": [0, 0, 1, 6], "texture": "#0"},
				"down": {"uv": [0, 0, 1, 6], "texture": "#0"}
			}
		},
		{
			"from": [-16, 11, 0],
			"to": [-15, 19, 6],
			"faces": {
				"north": {"uv": [0, 0, 1, 8], "texture": "#0"},
				"east": {"uv": [0, 0, 6, 8], "texture": "#0"},
				"south": {"uv": [0, 0, 1, 8], "texture": "#0"},
				"west": {"uv": [0, 0, 6, 8], "texture": "#0"},
				"up": {"uv": [0, 0, 1, 6], "texture": "#0"},
				"down": {"uv": [0, 0, 1, 6], "texture": "#0"}
			}
		},
		{
			"from": [-14, 24, 0],
			"to": [-13, 26, 6],
			"faces": {
				"north": {"uv": [0, 0, 1, 2], "texture": "#0"},
				"east": {"uv": [0, 0, 6, 2], "texture": "#0"},
				"south": {"uv": [0, 0, 1, 2], "texture": "#0"},
				"west": {"uv": [0, 0, 6, 2], "texture": "#0"},
				"up": {"uv": [0, 0, 1, 6], "texture": "#0"},
				"down": {"uv": [0, 0, 1, 6], "texture": "#0"}
			}
		},
		{
			"from": [-12, 27, 0],
			"to": [-11, 28, 6],
			"faces": {
				"north": {"uv": [0, 0, 1, 1], "texture": "#0"},
				"east": {"uv": [0, 0, 6, 1], "texture": "#0"},
				"south": {"uv": [0, 0, 1, 1], "texture": "#0"},
				"west": {"uv": [0, 0, 6, 1], "texture": "#0"},
				"up": {"uv": [0, 0, 1, 6], "texture": "#0"},
				"down": {"uv": [0, 0, 1, 6], "texture": "#0"}
			}
		},
		{
			"from": [-11, 28, 0],
			"to": [-8, 29, 6],
			"faces": {
				"north": {"uv": [0, 0, 3, 1], "texture": "#0"},
				"east": {"uv": [0, 0, 6, 1], "texture": "#0"},
				"south": {"uv": [0, 0, 3, 1], "texture": "#0"},
				"west": {"uv": [0, 0, 6, 1], "texture": "#0"},
				"up": {"uv": [0, 0, 3, 6], "texture": "#0"},
				"down": {"uv": [0, 0, 3, 6], "texture": "#0"}
			}
		},
		{
			"from": [-8, 29, 0],
			"to": [-4, 30, 6],
			"faces": {
				"north": {"uv": [0, 0, 4, 1], "texture": "#0"},
				"east": {"uv": [0, 0, 6, 1], "texture": "#0"},
				"south": {"uv": [0, 0, 4, 1], "texture": "#0"},
				"west": {"uv": [0, 0, 6, 1], "texture": "#0"},
				"up": {"uv": [0, 0, 4, 6], "texture": "#0"},
				"down": {"uv": [0, 0, 4, 6], "texture": "#0"}
			}
		},
		{
			"from": [-4, 28, 0],
			"to": [-1, 29, 6],
			"faces": {
				"north": {"uv": [0, 0, 3, 1], "texture": "#0"},
				"east": {"uv": [0, 0, 6, 1], "texture": "#0"},
				"south": {"uv": [0, 0, 3, 1], "texture": "#0"},
				"west": {"uv": [0, 0, 6, 1], "texture": "#0"},
				"up": {"uv": [0, 0, 3, 6], "texture": "#0"},
				"down": {"uv": [0, 0, 3, 6], "texture": "#0"}
			}
		},
		{
			"from": [0, 26, 0],
			"to": [1, 27, 6],
			"faces": {
				"north": {"uv": [0, 0, 1, 1], "texture": "#0"},
				"east": {"uv": [0, 0, 6, 1], "texture": "#0"},
				"south": {"uv": [0, 0, 1, 1], "texture": "#0"},
				"west": {"uv": [0, 0, 6, 1], "texture": "#0"},
				"up": {"uv": [0, 0, 1, 6], "texture": "#0"},
				"down": {"uv": [0, 0, 1, 6], "texture": "#0"}
			}
		},
		{
			"from": [1, 24, 0],
			"to": [2, 26, 6],
			"faces": {
				"north": {"uv": [0, 0, 1, 2], "texture": "#0"},
				"east": {"uv": [0, 0, 6, 2], "texture": "#0"},
				"south": {"uv": [0, 0, 1, 2], "texture": "#0"},
				"west": {"uv": [0, 0, 6, 2], "texture": "#0"},
				"up": {"uv": [0, 0, 1, 6], "texture": "#0"},
				"down": {"uv": [0, 0, 1, 6], "texture": "#0"}
			}
		},
		{
			"from": [2, 19, 0],
			"to": [3, 24, 6],
			"faces": {
				"north": {"uv": [0, 0, 1, 5], "texture": "#0"},
				"east": {"uv": [0, 0, 6, 5], "texture": "#0"},
				"south": {"uv": [0, 0, 1, 5], "texture": "#0"},
				"west": {"uv": [0, 0, 6, 5], "texture": "#0"},
				"up": {"uv": [0, 0, 1, 6], "texture": "#0"},
				"down": {"uv": [0, 0, 1, 6], "texture": "#0"}
			}
		},
		{
			"from": [-15, 19, 0],
			"to": [-14, 24, 6],
			"faces": {
				"north": {"uv": [0, 0, 1, 5], "texture": "#0"},
				"east": {"uv": [0, 0, 6, 5], "texture": "#0"},
				"south": {"uv": [0, 0, 1, 5], "texture": "#0"},
				"west": {"uv": [0, 0, 6, 5], "texture": "#0"},
				"up": {"uv": [0, 0, 1, 6], "texture": "#0"},
				"down": {"uv": [0, 0, 1, 6], "texture": "#0"}
			}
		},
		{
			"from": [3, 11, 0],
			"to": [4, 19, 6],
			"faces": {
				"north": {"uv": [0, 0, 1, 8], "texture": "#0"},
				"east": {"uv": [0, 0, 6, 8], "texture": "#0"},
				"south": {"uv": [0, 0, 1, 8], "texture": "#0"},
				"west": {"uv": [0, 0, 6, 8], "texture": "#0"},
				"up": {"uv": [0, 0, 1, 6], "texture": "#0"},
				"down": {"uv": [0, 0, 1, 6], "texture": "#0"}
			}
		},
		{
			"from": [-1, 27, 0],
			"to": [0, 28, 6],
			"faces": {
				"north": {"uv": [0, 0, 1, 1], "texture": "#0"},
				"east": {"uv": [0, 0, 6, 1], "texture": "#0"},
				"south": {"uv": [0, 0, 1, 1], "texture": "#0"},
				"west": {"uv": [0, 0, 6, 1], "texture": "#0"},
				"up": {"uv": [0, 0, 1, 6], "texture": "#0"},
				"down": {"uv": [0, 0, 1, 6], "texture": "#0"}
			}
		},
		{
			"from": [-13, 26, 0],
			"to": [-12, 27, 6],
			"faces": {
				"north": {"uv": [0, 0, 1, 1], "texture": "#0"},
				"east": {"uv": [0, 0, 6, 1], "texture": "#0"},
				"south": {"uv": [0, 0, 1, 1], "texture": "#0"},
				"west": {"uv": [0, 0, 6, 1], "texture": "#0"},
				"up": {"uv": [0, 0, 1, 6], "texture": "#0"},
				"down": {"uv": [0, 0, 1, 6], "texture": "#0"}
			}
		},
		{
			"from": [0, 3, 0],
			"to": [1, 4, 6],
			"faces": {
				"north": {"uv": [0, 0, 1, 1], "texture": "#0"},
				"east": {"uv": [0, 0, 6, 1], "texture": "#0"},
				"south": {"uv": [0, 0, 1, 1], "texture": "#0"},
				"west": {"uv": [0, 0, 6, 1], "texture": "#0"},
				"up": {"uv": [0, 0, 1, 6], "texture": "#0"},
				"down": {"uv": [0, 0, 1, 6], "texture": "#0"}
			}
		},
		{
			"from": [-13, 3, 0],
			"to": [-12, 4, 6],
			"faces": {
				"north": {"uv": [0, 0, 1, 1], "texture": "#0"},
				"east": {"uv": [0, 0, 6, 1], "texture": "#0"},
				"south": {"uv": [0, 0, 1, 1], "texture": "#0"},
				"west": {"uv": [0, 0, 6, 1], "texture": "#0"},
				"up": {"uv": [0, 0, 1, 6], "texture": "#0"},
				"down": {"uv": [0, 0, 1, 6], "texture": "#0"}
			}
		},
		{
			"from": [-7, 6.5, 0],
			"to": [-5, 7.5, 6],
			"faces": {
				"north": {"uv": [0, 0, 2, 1], "texture": "#0"},
				"east": {"uv": [0, 0, 6, 1], "texture": "#0"},
				"south": {"uv": [0, 0, 2, 1], "texture": "#0"},
				"west": {"uv": [0, 0, 6, 1], "texture": "#0"},
				"up": {"uv": [0, 0, 2, 6], "texture": "#0"},
				"down": {"uv": [0, 0, 2, 6], "texture": "#0"}
			}
		},
		{
			"from": [-5, 7.5, 0],
			"to": [-3.5, 8.5, 6],
			"faces": {
				"north": {"uv": [0, 0, 1.5, 1], "texture": "#0"},
				"east": {"uv": [0, 0, 6, 1], "texture": "#0"},
				"south": {"uv": [0, 0, 1.5, 1], "texture": "#0"},
				"west": {"uv": [0, 0, 6, 1], "texture": "#0"},
				"up": {"uv": [0, 0, 1.5, 6], "texture": "#0"},
				"down": {"uv": [0, 0, 1.5, 6], "texture": "#0"}
			}
		},
		{
			"from": [-8.5, 7.5, 0],
			"to": [-7, 8.5, 6],
			"faces": {
				"north": {"uv": [0, 0, 1.5, 1], "texture": "#0"},
				"east": {"uv": [0, 0, 6, 1], "texture": "#0"},
				"south": {"uv": [0, 0, 1.5, 1], "texture": "#0"},
				"west": {"uv": [0, 0, 6, 1], "texture": "#0"},
				"up": {"uv": [0, 0, 1.5, 6], "texture": "#0"},
				"down": {"uv": [0, 0, 1.5, 6], "texture": "#0"}
			}
		},
		{
			"from": [-9, 8.5, 0],
			"to": [-8.5, 9.5, 6],
			"faces": {
				"north": {"uv": [0, 0, 0.5, 1], "texture": "#0"},
				"east": {"uv": [0, 0, 6, 1], "texture": "#0"},
				"south": {"uv": [0, 0, 0.5, 1], "texture": "#0"},
				"west": {"uv": [0, 0, 6, 1], "texture": "#0"},
				"up": {"uv": [0, 0, 0.5, 6], "texture": "#0"},
				"down": {"uv": [0, 0, 0.5, 6], "texture": "#0"}
			}
		},
		{
			"from": [-9.5, 9.5, 0],
			"to": [-9, 10.5, 6],
			"faces": {
				"north": {"uv": [0, 0, 0.5, 1], "texture": "#0"},
				"east": {"uv": [0, 0, 6, 1], "texture": "#0"},
				"south": {"uv": [0, 0, 0.5, 1], "texture": "#0"},
				"west": {"uv": [0, 0, 6, 1], "texture": "#0"},
				"up": {"uv": [0, 0, 0.5, 6], "texture": "#0"},
				"down": {"uv": [0, 0, 0.5, 6], "texture": "#0"}
			}
		},
		{
			"from": [-10.5, 10.5, 0],
			"to": [-9.5, 13, 6],
			"faces": {
				"north": {"uv": [0, 0, 1, 2.5], "texture": "#0"},
				"east": {"uv": [0, 0, 6, 2.5], "texture": "#0"},
				"south": {"uv": [0, 0, 1, 2.5], "texture": "#0"},
				"west": {"uv": [0, 0, 6, 2.5], "texture": "#0"},
				"up": {"uv": [0, 0, 1, 6], "texture": "#0"},
				"down": {"uv": [0, 0, 1, 6], "texture": "#0"}
			}
		},
		{
			"from": [-11.5, 13, 0],
			"to": [-10.5, 17, 6],
			"faces": {
				"north": {"uv": [0, 0, 1, 4], "texture": "#0"},
				"east": {"uv": [0, 0, 6, 4], "texture": "#0"},
				"south": {"uv": [0, 0, 1, 4], "texture": "#0"},
				"west": {"uv": [0, 0, 6, 4], "texture": "#0"},
				"up": {"uv": [0, 0, 1, 6], "texture": "#0"},
				"down": {"uv": [0, 0, 1, 6], "texture": "#0"}
			}
		},
		{
			"from": [-10.5, 17, 0],
			"to": [-9.5, 19.5, 6],
			"faces": {
				"north": {"uv": [0, 0, 1, 2.5], "texture": "#0"},
				"east": {"uv": [0, 0, 6, 2.5], "texture": "#0"},
				"south": {"uv": [0, 0, 1, 2.5], "texture": "#0"},
				"west": {"uv": [0, 0, 6, 2.5], "texture": "#0"},
				"up": {"uv": [0, 0, 1, 6], "texture": "#0"},
				"down": {"uv": [0, 0, 1, 6], "texture": "#0"}
			}
		},
		{
			"from": [-9.5, 19.5, 0],
			"to": [-9, 20.5, 6],
			"faces": {
				"north": {"uv": [0, 0, 0.5, 1], "texture": "#0"},
				"east": {"uv": [0, 0, 6, 1], "texture": "#0"},
				"south": {"uv": [0, 0, 0.5, 1], "texture": "#0"},
				"west": {"uv": [0, 0, 6, 1], "texture": "#0"},
				"up": {"uv": [0, 0, 0.5, 6], "texture": "#0"},
				"down": {"uv": [0, 0, 0.5, 6], "texture": "#0"}
			}
		},
		{
			"from": [-9, 20.5, 0],
			"to": [-8.5, 21.5, 6],
			"faces": {
				"north": {"uv": [0, 0, 0.5, 1], "texture": "#0"},
				"east": {"uv": [0, 0, 6, 1], "texture": "#0"},
				"south": {"uv": [0, 0, 0.5, 1], "texture": "#0"},
				"west": {"uv": [0, 0, 6, 1], "texture": "#0"},
				"up": {"uv": [0, 0, 0.5, 6], "texture": "#0"},
				"down": {"uv": [0, 0, 0.5, 6], "texture": "#0"}
			}
		},
		{
			"from": [-8.5, 21.5, 0],
			"to": [-7, 22.5, 6],
			"faces": {
				"north": {"uv": [0, 0, 1.5, 1], "texture": "#0"},
				"east": {"uv": [0, 0, 6, 1], "texture": "#0"},
				"south": {"uv": [0, 0, 1.5, 1], "texture": "#0"},
				"west": {"uv": [0, 0, 6, 1], "texture": "#0"},
				"up": {"uv": [0, 0, 1.5, 6], "texture": "#0"},
				"down": {"uv": [0, 0, 1.5, 6], "texture": "#0"}
			}
		},
		{
			"from": [-5, 21.5, 0],
			"to": [-3.5, 22.5, 6],
			"faces": {
				"north": {"uv": [0, 0, 1.5, 1], "texture": "#0"},
				"east": {"uv": [0, 0, 6, 1], "texture": "#0"},
				"south": {"uv": [0, 0, 1.5, 1], "texture": "#0"},
				"west": {"uv": [0, 0, 6, 1], "texture": "#0"},
				"up": {"uv": [0, 0, 1.5, 6], "texture": "#0"},
				"down": {"uv": [0, 0, 1.5, 6], "texture": "#0"}
			}
		},
		{
			"from": [-7, 22.5, 0],
			"to": [-5, 23.5, 6],
			"faces": {
				"north": {"uv": [0, 0, 2, 1], "texture": "#0"},
				"east": {"uv": [0, 0, 6, 1], "texture": "#0"},
				"south": {"uv": [0, 0, 2, 1], "texture": "#0"},
				"west": {"uv": [0, 0, 6, 1], "texture": "#0"},
				"up": {"uv": [0, 0, 2, 6], "texture": "#0"},
				"down": {"uv": [0, 0, 2, 6], "texture": "#0"}
			}
		},
		{
			"from": [-3.5, 20.5, 0],
			"to": [-3, 21.5, 6],
			"faces": {
				"north": {"uv": [0, 0, 0.5, 1], "texture": "#0"},
				"east": {"uv": [0, 0, 6, 1], "texture": "#0"},
				"south": {"uv": [0, 0, 0.5, 1], "texture": "#0"},
				"west": {"uv": [0, 0, 6, 1], "texture": "#0"},
				"up": {"uv": [0, 0, 0.5, 6], "texture": "#0"},
				"down": {"uv": [0, 0, 0.5, 6], "texture": "#0"}
			}
		},
		{
			"from": [-3, 19.5, 0],
			"to": [-2.5, 20.5, 6],
			"faces": {
				"north": {"uv": [0, 0, 0.5, 1], "texture": "#0"},
				"east": {"uv": [0, 0, 6, 1], "texture": "#0"},
				"south": {"uv": [0, 0, 0.5, 1], "texture": "#0"},
				"west": {"uv": [0, 0, 6, 1], "texture": "#0"},
				"up": {"uv": [0, 0, 0.5, 6], "texture": "#0"},
				"down": {"uv": [0, 0, 0.5, 6], "texture": "#0"}
			}
		},
		{
			"from": [-2.5, 17, 0],
			"to": [-1.5, 19.5, 6],
			"faces": {
				"north": {"uv": [0, 0, 1, 2.5], "texture": "#0"},
				"east": {"uv": [0, 0, 6, 2.5], "texture": "#0"},
				"south": {"uv": [0, 0, 1, 2.5], "texture": "#0"},
				"west": {"uv": [0, 0, 6, 2.5], "texture": "#0"},
				"up": {"uv": [0, 0, 1, 6], "texture": "#0"},
				"down": {"uv": [0, 0, 1, 6], "texture": "#0"}
			}
		},
		{
			"from": [-1.5, 13, 0],
			"to": [-0.5, 17, 6],
			"faces": {
				"north": {"uv": [0, 0, 1, 4], "texture": "#0"},
				"east": {"uv": [0, 0, 6, 4], "texture": "#0"},
				"south": {"uv": [0, 0, 1, 4], "texture": "#0"},
				"west": {"uv": [0, 0, 6, 4], "texture": "#0"},
				"up": {"uv": [0, 0, 1, 6], "texture": "#0"},
				"down": {"uv": [0, 0, 1, 6], "texture": "#0"}
			}
		},
		{
			"from": [-2.5, 10.5, 0],
			"to": [-1.5, 13, 6],
			"faces": {
				"north": {"uv": [0, 0, 1, 2.5], "texture": "#0"},
				"east": {"uv": [0, 0, 6, 2.5], "texture": "#0"},
				"south": {"uv": [0, 0, 1, 2.5], "texture": "#0"},
				"west": {"uv": [0, 0, 6, 2.5], "texture": "#0"},
				"up": {"uv": [0, 0, 1, 6], "texture": "#0"},
				"down": {"uv": [0, 0, 1, 6], "texture": "#0"}
			}
		},
		{
			"from": [-3, 9.5, 0],
			"to": [-2.5, 10.5, 6],
			"faces": {
				"north": {"uv": [0, 0, 0.5, 1], "texture": "#0"},
				"east": {"uv": [0, 0, 6, 1], "texture": "#0"},
				"south": {"uv": [0, 0, 0.5, 1], "texture": "#0"},
				"west": {"uv": [0, 0, 6, 1], "texture": "#0"},
				"up": {"uv": [0, 0, 0.5, 6], "texture": "#0"},
				"down": {"uv": [0, 0, 0.5, 6], "texture": "#0"}
			}
		},
		{
			"from": [-3.5, 8.5, 0],
			"to": [-3, 9.5, 6],
			"faces": {
				"north": {"uv": [0, 0, 0.5, 1], "texture": "#0"},
				"east": {"uv": [0, 0, 6, 1], "texture": "#0"},
				"south": {"uv": [0, 0, 0.5, 1], "texture": "#0"},
				"west": {"uv": [0, 0, 6, 1], "texture": "#0"},
				"up": {"uv": [0, 0, 0.5, 6], "texture": "#0"},
				"down": {"uv": [0, 0, 0.5, 6], "texture": "#0"}
			}
		},
		{
			"from": [16, 13, 1],
			"to": [24, 19, 6],
			"faces": {
				"north": {"uv": [7.87692, 2.70769, 5.93846, 3.72308], "texture": "#1"},
				"east": {"uv": [5.66154, 2.46154, 8.4, 4.95385], "texture": "#1"},
				"south": {"uv": [5.90769, 1.96923, 8.15385, 4.95385], "texture": "#0"},
				"west": {"uv": [5.41538, 2.21538, 8.15385, 4.70769], "texture": "#1"},
				"up": {"uv": [5.66154, 1.72308, 8.15385, 5.2], "texture": "#1"},
				"down": {"uv": [5.66154, 2.21538, 8.4, 4.95385], "texture": "#1"}
			}
		},
		{
			"from": [9, 1, 1],
			"to": [16, 31, 6],
			"faces": {
				"north": {"uv": [5.41538, 1.72308, 8.4, 5.2], "texture": "#1"},
				"east": {"uv": [5.66154, 2.46154, 8.4, 4.95385], "texture": "#1"},
				"south": {"uv": [5.90769, 1.96923, 8.15385, 4.95385], "texture": "#0"},
				"west": {"uv": [5.41538, 2.21538, 8.15385, 4.70769], "texture": "#1"},
				"up": {"uv": [5.66154, 1.72308, 8.15385, 5.2], "texture": "#1"},
				"down": {"uv": [5.66154, 2.21538, 8.4, 4.95385], "texture": "#1"}
			}
		},
		{
			"from": [24, 1, 1],
			"to": [31, 31, 6],
			"faces": {
				"north": {"uv": [5.41538, 1.72308, 8.4, 5.2], "texture": "#1"},
				"east": {"uv": [5.66154, 2.46154, 8.4, 4.95385], "texture": "#1"},
				"south": {"uv": [5.90769, 1.96923, 8.15385, 4.95385], "texture": "#0"},
				"west": {"uv": [5.41538, 2.21538, 8.15385, 4.70769], "texture": "#1"},
				"up": {"uv": [5.66154, 1.72308, 8.15385, 5.2], "texture": "#1"},
				"down": {"uv": [5.66154, 2.21538, 8.4, 4.95385], "texture": "#1"}
			}
		},
		{
			"from": [-0.5, 11, 1],
			"to": [3, 19, 6],
			"faces": {
				"north": {"uv": [3.44615, 4.18462, 4.70769, 6.18462], "texture": "#1"},
				"east": {"uv": [5.66154, 2.46154, 8.4, 4.95385], "texture": "#1"},
				"south": {"uv": [5.90769, 1.96923, 8.15385, 4.95385], "texture": "#0"},
				"west": {"uv": [5.41538, 2.21538, 8.15385, 4.70769], "texture": "#1"},
				"up": {"uv": [5.66154, 1.72308, 8.15385, 5.2], "texture": "#1"},
				"down": {"uv": [5.66154, 2.21538, 8.4, 4.95385], "texture": "#1"}
			}
		},
		{
			"from": [-15, 11, 1],
			"to": [-11.5, 19, 6],
			"faces": {
				"north": {"uv": [5.41538, 5.16923, 8.4, 5.69231], "texture": "#1"},
				"east": {"uv": [5.66154, 2.46154, 8.4, 4.95385], "texture": "#1"},
				"south": {"uv": [5.90769, 1.96923, 8.15385, 4.95385], "texture": "#0"},
				"west": {"uv": [5.41538, 2.21538, 8.15385, 4.70769], "texture": "#1"},
				"up": {"uv": [5.66154, 1.72308, 8.15385, 5.2], "texture": "#1"},
				"down": {"uv": [5.66154, 2.21538, 8.4, 4.95385], "texture": "#1"}
			}
		},
		{
			"from": [-11.5, 10.5, 1],
			"to": [-10.5, 13, 6],
			"faces": {
				"north": {"uv": [5.41538, 5.16923, 8.4, 5.69231], "texture": "#1"},
				"east": {"uv": [5.66154, 2.46154, 8.4, 4.95385], "texture": "#1"},
				"south": {"uv": [5.90769, 1.96923, 8.15385, 4.95385], "texture": "#0"},
				"west": {"uv": [5.41538, 2.21538, 8.15385, 4.70769], "texture": "#1"},
				"up": {"uv": [5.66154, 1.72308, 8.15385, 5.2], "texture": "#1"},
				"down": {"uv": [5.66154, 2.21538, 8.4, 4.95385], "texture": "#1"}
			}
		},
		{
			"from": [-14, 10.5, 1],
			"to": [-11.5, 11, 6],
			"faces": {
				"north": {"uv": [5.41538, 5.16923, 7.16923, 5.69231], "texture": "#1"},
				"east": {"uv": [5.66154, 2.46154, 8.4, 4.95385], "texture": "#1"},
				"south": {"uv": [5.90769, 1.96923, 8.15385, 4.95385], "texture": "#0"},
				"west": {"uv": [5.41538, 2.21538, 8.15385, 4.70769], "texture": "#1"},
				"up": {"uv": [5.66154, 1.72308, 8.15385, 5.2], "texture": "#1"},
				"down": {"uv": [5.66154, 2.21538, 8.4, 4.95385], "texture": "#1"}
			}
		},
		{
			"from": [-14, 6, 1],
			"to": [-9.5, 10.5, 6],
			"faces": {
				"north": {"uv": [5.66154, 4.92308, 7.16923, 5.69231], "texture": "#1"},
				"east": {"uv": [5.66154, 2.46154, 8.4, 4.95385], "texture": "#1"},
				"south": {"uv": [5.90769, 1.96923, 8.15385, 4.95385], "texture": "#0"},
				"west": {"uv": [5.41538, 2.21538, 8.15385, 4.70769], "texture": "#1"},
				"up": {"uv": [5.66154, 1.72308, 8.15385, 5.2], "texture": "#1"},
				"down": {"uv": [5.66154, 2.21538, 8.4, 4.95385], "texture": "#1"}
			}
		},
		{
			"from": [-13, 4, 1],
			"to": [-9.5, 6, 6],
			"faces": {
				"north": {"uv": [5.66154, 4.92308, 7.16923, 5.69231], "texture": "#1"},
				"east": {"uv": [5.66154, 2.46154, 8.4, 4.95385], "texture": "#1"},
				"south": {"uv": [5.90769, 1.96923, 8.15385, 4.95385], "texture": "#0"},
				"west": {"uv": [5.41538, 2.21538, 8.15385, 4.70769], "texture": "#1"},
				"up": {"uv": [5.66154, 1.72308, 8.15385, 5.2], "texture": "#1"},
				"down": {"uv": [5.66154, 2.21538, 8.4, 4.95385], "texture": "#1"}
			}
		},
		{
			"from": [-1.5, 10.5, 1],
			"to": [-0.5, 13, 6],
			"faces": {
				"north": {"uv": [7.63077, 4.92308, 5.69231, 5.69231], "texture": "#1"},
				"east": {"uv": [5.66154, 2.46154, 8.4, 4.95385], "texture": "#1"},
				"south": {"uv": [5.90769, 1.96923, 8.15385, 4.95385], "texture": "#0"},
				"west": {"uv": [5.41538, 2.21538, 8.15385, 4.70769], "texture": "#1"},
				"up": {"uv": [5.66154, 1.72308, 8.15385, 5.2], "texture": "#1"},
				"down": {"uv": [5.66154, 2.21538, 8.4, 4.95385], "texture": "#1"}
			}
		},
		{
			"from": [-0.5, 10.5, 1],
			"to": [2, 11, 6],
			"faces": {
				"north": {"uv": [5.41538, 5.16923, 7.66154, 5.69231], "texture": "#1"},
				"east": {"uv": [5.66154, 2.46154, 8.4, 4.95385], "texture": "#1"},
				"south": {"uv": [5.90769, 1.96923, 8.15385, 4.95385], "texture": "#0"},
				"west": {"uv": [5.41538, 2.21538, 8.15385, 4.70769], "texture": "#1"},
				"up": {"uv": [5.66154, 1.72308, 8.15385, 5.2], "texture": "#1"},
				"down": {"uv": [5.66154, 2.21538, 8.4, 4.95385], "texture": "#1"}
			}
		},
		{
			"from": [-2.5, 6, 1],
			"to": [2, 10.5, 6],
			"faces": {
				"north": {"uv": [5.66154, 4.92308, 7.16923, 5.69231], "texture": "#1"},
				"east": {"uv": [5.66154, 2.46154, 8.4, 4.95385], "texture": "#1"},
				"south": {"uv": [5.90769, 1.96923, 8.15385, 4.95385], "texture": "#0"},
				"west": {"uv": [5.41538, 2.21538, 8.15385, 4.70769], "texture": "#1"},
				"up": {"uv": [5.66154, 1.72308, 8.15385, 5.2], "texture": "#1"},
				"down": {"uv": [5.66154, 2.21538, 8.4, 4.95385], "texture": "#1"}
			}
		},
		{
			"from": [-2.5, 4, 1],
			"to": [1, 6, 6],
			"faces": {
				"north": {"uv": [5.66154, 4.92308, 7.16923, 5.69231], "texture": "#1"},
				"east": {"uv": [5.66154, 2.46154, 8.4, 4.95385], "texture": "#1"},
				"south": {"uv": [5.90769, 1.96923, 8.15385, 4.95385], "texture": "#0"},
				"west": {"uv": [5.41538, 2.21538, 8.15385, 4.70769], "texture": "#1"},
				"up": {"uv": [5.66154, 1.72308, 8.15385, 5.2], "texture": "#1"},
				"down": {"uv": [5.66154, 2.21538, 8.4, 4.95385], "texture": "#1"}
			}
		},
		{
			"from": [-11, 2, 1],
			"to": [-9.5, 4, 6],
			"faces": {
				"north": {"uv": [5.66154, 4.92308, 7.16923, 5.69231], "texture": "#1"},
				"east": {"uv": [5.66154, 2.46154, 8.4, 4.95385], "texture": "#1"},
				"south": {"uv": [5.90769, 1.96923, 8.15385, 4.95385], "texture": "#0"},
				"west": {"uv": [5.41538, 2.21538, 8.15385, 4.70769], "texture": "#1"},
				"up": {"uv": [5.66154, 1.72308, 8.15385, 5.2], "texture": "#1"},
				"down": {"uv": [5.66154, 2.21538, 8.4, 4.95385], "texture": "#1"}
			}
		},
		{
			"from": [-12, 3, 1],
			"to": [-11, 4, 6],
			"faces": {
				"north": {"uv": [5.66154, 4.92308, 7.16923, 5.69231], "texture": "#1"},
				"east": {"uv": [5.66154, 2.46154, 8.4, 4.95385], "texture": "#1"},
				"south": {"uv": [5.90769, 1.96923, 8.15385, 4.95385], "texture": "#0"},
				"west": {"uv": [5.41538, 2.21538, 8.15385, 4.70769], "texture": "#1"},
				"up": {"uv": [5.66154, 1.72308, 8.15385, 5.2], "texture": "#1"},
				"down": {"uv": [5.66154, 2.21538, 8.4, 4.95385], "texture": "#1"}
			}
		},
		{
			"from": [-3, 2, 1],
			"to": [-2.5, 9.5, 6],
			"faces": {
				"north": {"uv": [5.66154, 4.92308, 7.16923, 5.69231], "texture": "#1"},
				"east": {"uv": [5.66154, 2.46154, 8.4, 4.95385], "texture": "#1"},
				"south": {"uv": [5.90769, 1.96923, 8.15385, 4.95385], "texture": "#0"},
				"west": {"uv": [5.41538, 2.21538, 8.15385, 4.70769], "texture": "#1"},
				"up": {"uv": [5.66154, 1.72308, 8.15385, 5.2], "texture": "#1"},
				"down": {"uv": [5.66154, 2.21538, 8.4, 4.95385], "texture": "#1"}
			}
		},
		{
			"from": [-2.5, 2, 1],
			"to": [-1, 4, 6],
			"faces": {
				"north": {"uv": [5.66154, 4.92308, 7.16923, 5.69231], "texture": "#1"},
				"east": {"uv": [5.66154, 2.46154, 8.4, 4.95385], "texture": "#1"},
				"south": {"uv": [5.90769, 1.96923, 8.15385, 4.95385], "texture": "#0"},
				"west": {"uv": [5.41538, 2.21538, 8.15385, 4.70769], "texture": "#1"},
				"up": {"uv": [5.66154, 1.72308, 8.15385, 5.2], "texture": "#1"},
				"down": {"uv": [5.66154, 2.21538, 8.4, 4.95385], "texture": "#1"}
			}
		},
		{
			"from": [-1, 3, 1],
			"to": [0, 4, 6],
			"faces": {
				"north": {"uv": [5.66154, 4.92308, 7.16923, 5.69231], "texture": "#1"},
				"east": {"uv": [5.66154, 2.46154, 8.4, 4.95385], "texture": "#1"},
				"south": {"uv": [5.90769, 1.96923, 8.15385, 4.95385], "texture": "#0"},
				"west": {"uv": [5.41538, 2.21538, 8.15385, 4.70769], "texture": "#1"},
				"up": {"uv": [5.66154, 1.72308, 8.15385, 5.2], "texture": "#1"},
				"down": {"uv": [5.66154, 2.21538, 8.4, 4.95385], "texture": "#1"}
			}
		},
		{
			"from": [-3.5, 2, 1],
			"to": [-3, 8.5, 6],
			"faces": {
				"north": {"uv": [5.66154, 4.92308, 7.16923, 5.69231], "texture": "#1"},
				"east": {"uv": [5.66154, 2.46154, 8.4, 4.95385], "texture": "#1"},
				"south": {"uv": [5.90769, 1.96923, 8.15385, 4.95385], "texture": "#0"},
				"west": {"uv": [5.41538, 2.21538, 8.15385, 4.70769], "texture": "#1"},
				"up": {"uv": [5.66154, 1.72308, 8.15385, 5.2], "texture": "#1"},
				"down": {"uv": [5.66154, 2.21538, 8.4, 4.95385], "texture": "#1"}
			}
		},
		{
			"from": [-8.5, 2, 1],
			"to": [-7, 7.5, 6],
			"faces": {
				"north": {"uv": [5.66154, 4.92308, 7.16923, 5.69231], "texture": "#1"},
				"east": {"uv": [5.66154, 2.46154, 8.4, 4.95385], "texture": "#1"},
				"south": {"uv": [5.90769, 1.96923, 8.15385, 4.95385], "texture": "#0"},
				"west": {"uv": [5.41538, 2.21538, 8.15385, 4.70769], "texture": "#1"},
				"up": {"uv": [5.66154, 1.72308, 8.15385, 5.2], "texture": "#1"},
				"down": {"uv": [5.66154, 2.21538, 8.4, 4.95385], "texture": "#1"}
			}
		},
		{
			"from": [-5, 2, 1],
			"to": [-3.5, 7.5, 6],
			"faces": {
				"north": {"uv": [5.66154, 4.92308, 7.16923, 5.69231], "texture": "#1"},
				"east": {"uv": [5.66154, 2.46154, 8.4, 4.95385], "texture": "#1"},
				"south": {"uv": [5.90769, 1.96923, 8.15385, 4.95385], "texture": "#0"},
				"west": {"uv": [5.41538, 2.21538, 8.15385, 4.70769], "texture": "#1"},
				"up": {"uv": [5.66154, 1.72308, 8.15385, 5.2], "texture": "#1"},
				"down": {"uv": [5.66154, 2.21538, 8.4, 4.95385], "texture": "#1"}
			}
		},
		{
			"from": [-7, 2, 1],
			"to": [-5, 6.5, 6],
			"faces": {
				"north": {"uv": [5.66154, 4.92308, 7.16923, 5.69231], "texture": "#1"},
				"east": {"uv": [5.66154, 2.46154, 8.4, 4.95385], "texture": "#1"},
				"south": {"uv": [5.90769, 1.96923, 8.15385, 4.95385], "texture": "#0"},
				"west": {"uv": [5.41538, 2.21538, 8.15385, 4.70769], "texture": "#1"},
				"up": {"uv": [5.66154, 1.72308, 8.15385, 5.2], "texture": "#1"},
				"down": {"uv": [5.66154, 2.21538, 8.4, 4.95385], "texture": "#1"}
			}
		},
		{
			"from": [-8, 1, 1],
			"to": [-4, 2, 6],
			"faces": {
				"north": {"uv": [5.66154, 4.92308, 7.16923, 5.69231], "texture": "#1"},
				"east": {"uv": [5.66154, 2.46154, 8.4, 4.95385], "texture": "#1"},
				"south": {"uv": [5.90769, 1.96923, 8.15385, 4.95385], "texture": "#0"},
				"west": {"uv": [5.41538, 2.21538, 8.15385, 4.70769], "texture": "#1"},
				"up": {"uv": [5.66154, 1.72308, 8.15385, 5.2], "texture": "#1"},
				"down": {"uv": [5.66154, 2.21538, 8.4, 4.95385], "texture": "#1"}
			}
		},
		{
			"from": [-1.5, 17, 1],
			"to": [-0.5, 19.5, 6],
			"faces": {
				"north": {"uv": [2.70769, 3.93846, 3.72308, 4.21538], "texture": "#1"},
				"east": {"uv": [5.66154, 2.46154, 8.4, 4.95385], "texture": "#1"},
				"south": {"uv": [5.90769, 1.96923, 8.15385, 4.95385], "texture": "#0"},
				"west": {"uv": [5.41538, 2.21538, 8.15385, 4.70769], "texture": "#1"},
				"up": {"uv": [5.66154, 1.72308, 8.15385, 5.2], "texture": "#1"},
				"down": {"uv": [5.66154, 2.21538, 8.4, 4.95385], "texture": "#1"}
			}
		},
		{
			"from": [-11.5, 17, 1],
			"to": [-10.5, 19.5, 6],
			"faces": {
				"north": {"uv": [9.6, 4.92308, 8.4, 5.69231], "texture": "#1"},
				"east": {"uv": [5.66154, 2.46154, 8.4, 4.95385], "texture": "#1"},
				"south": {"uv": [5.90769, 1.96923, 8.15385, 4.95385], "texture": "#0"},
				"west": {"uv": [5.41538, 2.21538, 8.15385, 4.70769], "texture": "#1"},
				"up": {"uv": [5.66154, 1.72308, 8.15385, 5.2], "texture": "#1"},
				"down": {"uv": [5.66154, 2.21538, 8.4, 4.95385], "texture": "#1"}
			}
		},
		{
			"from": [-14, 19, 1],
			"to": [-11.5, 19.5, 6],
			"faces": {
				"north": {"uv": [7.63077, 4.43077, 9.87692, 3.96923], "texture": "#1"},
				"east": {"uv": [5.66154, 2.46154, 8.4, 4.95385], "texture": "#1"},
				"south": {"uv": [5.90769, 1.96923, 8.15385, 4.95385], "texture": "#0"},
				"west": {"uv": [5.41538, 2.21538, 8.15385, 4.70769], "texture": "#1"},
				"up": {"uv": [5.66154, 1.72308, 8.15385, 5.2], "texture": "#1"},
				"down": {"uv": [5.66154, 2.21538, 8.4, 4.95385], "texture": "#1"}
			}
		},
		{
			"from": [-14, 19.5, 1],
			"to": [-9.5, 24, 6],
			"faces": {
				"north": {"uv": [7.13846, 1.72308, 9.6, 4.46154], "texture": "#1"},
				"east": {"uv": [13.26154, 10.83077, 16, 13.32308], "texture": "#1"},
				"south": {"uv": [6.15385, 6.4, 8.4, 9.38462], "texture": "#0"},
				"west": {"uv": [2.21538, 2.21538, 4.95385, 4.70769], "texture": "#1"},
				"up": {"uv": [6.15385, 0, 8.64615, 3.47692], "texture": "#1"},
				"down": {"uv": [3.2, 3.44615, 5.93846, 6.18462], "texture": "#1"}
			}
		},
		{
			"from": [-13, 24, 1],
			"to": [-9.5, 26, 6],
			"faces": {
				"north": {"uv": [8.12308, 1.47692, 9.38462, 2.24615], "texture": "#1"},
				"east": {"uv": [5.66154, 2.46154, 8.4, 4.95385], "texture": "#1"},
				"south": {"uv": [5.90769, 1.96923, 8.15385, 4.95385], "texture": "#0"},
				"west": {"uv": [5.41538, 2.21538, 8.15385, 4.70769], "texture": "#1"},
				"up": {"uv": [5.66154, 1.72308, 8.15385, 5.2], "texture": "#1"},
				"down": {"uv": [5.66154, 2.21538, 8.4, 4.95385], "texture": "#1"}
			}
		},
		{
			"from": [-9.5, 2, 1],
			"to": [-9, 9.5, 6],
			"faces": {
				"north": {"uv": [5.66154, 4.92308, 7.16923, 5.69231], "texture": "#1"},
				"east": {"uv": [5.66154, 2.46154, 8.4, 4.95385], "texture": "#1"},
				"south": {"uv": [5.90769, 1.96923, 8.15385, 4.95385], "texture": "#0"},
				"west": {"uv": [5.41538, 2.21538, 8.15385, 4.70769], "texture": "#1"},
				"up": {"uv": [5.66154, 1.72308, 8.15385, 5.2], "texture": "#1"},
				"down": {"uv": [5.66154, 2.21538, 8.4, 4.95385], "texture": "#1"}
			}
		},
		{
			"from": [-9, 2, 1],
			"to": [-8.5, 8.5, 6],
			"faces": {
				"north": {"uv": [5.66154, 4.92308, 7.16923, 5.69231], "texture": "#1"},
				"east": {"uv": [5.66154, 2.46154, 8.4, 4.95385], "texture": "#1"},
				"south": {"uv": [5.90769, 1.96923, 8.15385, 4.95385], "texture": "#0"},
				"west": {"uv": [5.41538, 2.21538, 8.15385, 4.70769], "texture": "#1"},
				"up": {"uv": [5.66154, 1.72308, 8.15385, 5.2], "texture": "#1"},
				"down": {"uv": [5.66154, 2.21538, 8.4, 4.95385], "texture": "#1"}
			}
		},
		{
			"from": [-9.5, 20.5, 1],
			"to": [-9, 28, 6],
			"faces": {
				"north": {"uv": [7.38462, 0.73846, 7.66154, 3.23077], "texture": "#1"},
				"east": {"uv": [5.66154, 2.46154, 8.4, 4.95385], "texture": "#1"},
				"south": {"uv": [5.90769, 1.96923, 8.15385, 4.95385], "texture": "#0"},
				"west": {"uv": [5.41538, 2.21538, 8.15385, 4.70769], "texture": "#1"},
				"up": {"uv": [5.66154, 1.72308, 8.15385, 5.2], "texture": "#1"},
				"down": {"uv": [5.66154, 2.21538, 8.4, 4.95385], "texture": "#1"}
			}
		},
		{
			"from": [-9, 21.5, 1],
			"to": [-8.5, 28, 6],
			"faces": {
				"north": {"uv": [7.13846, 0.73846, 7.41538, 2.98462], "texture": "#1"},
				"east": {"uv": [5.66154, 2.46154, 8.4, 4.95385], "texture": "#1"},
				"south": {"uv": [5.90769, 1.96923, 8.15385, 4.95385], "texture": "#0"},
				"west": {"uv": [5.41538, 2.21538, 8.15385, 4.70769], "texture": "#1"},
				"up": {"uv": [5.66154, 1.72308, 8.15385, 5.2], "texture": "#1"},
				"down": {"uv": [5.66154, 2.21538, 8.4, 4.95385], "texture": "#1"}
			}
		},
		{
			"from": [-12, 26, 1],
			"to": [-11, 27, 6],
			"faces": {
				"north": {"uv": [8.12308, 0.98462, 8.64615, 1.50769], "texture": "#1"},
				"east": {"uv": [5.66154, 2.46154, 8.4, 4.95385], "texture": "#1"},
				"south": {"uv": [5.90769, 1.96923, 8.15385, 4.95385], "texture": "#0"},
				"west": {"uv": [5.41538, 2.21538, 8.15385, 4.70769], "texture": "#1"},
				"up": {"uv": [5.66154, 1.72308, 8.15385, 5.2], "texture": "#1"},
				"down": {"uv": [5.66154, 2.21538, 8.4, 4.95385], "texture": "#1"}
			}
		},
		{
			"from": [-11, 26, 1],
			"to": [-9.5, 28, 6],
			"faces": {
				"north": {"uv": [7.38462, 0.73846, 8.15385, 1.50769], "texture": "#1"},
				"east": {"uv": [5.66154, 2.46154, 8.4, 4.95385], "texture": "#1"},
				"south": {"uv": [5.90769, 1.96923, 8.15385, 4.95385], "texture": "#0"},
				"west": {"uv": [5.41538, 2.21538, 8.15385, 4.70769], "texture": "#1"},
				"up": {"uv": [5.66154, 1.72308, 8.15385, 5.2], "texture": "#1"},
				"down": {"uv": [5.66154, 2.21538, 8.4, 4.95385], "texture": "#1"}
			}
		},
		{
			"from": [-3.5, 21.5, 1],
			"to": [-3, 28, 6],
			"faces": {
				"north": {"uv": [4.18462, 0.73846, 4.46154, 1.26154], "texture": "#1"},
				"east": {"uv": [5.66154, 2.46154, 8.4, 4.95385], "texture": "#1"},
				"south": {"uv": [5.90769, 1.96923, 8.15385, 4.95385], "texture": "#0"},
				"west": {"uv": [5.41538, 2.21538, 8.15385, 4.70769], "texture": "#1"},
				"up": {"uv": [5.66154, 1.72308, 8.15385, 5.2], "texture": "#1"},
				"down": {"uv": [5.66154, 2.21538, 8.4, 4.95385], "texture": "#1"}
			}
		},
		{
			"from": [-5, 22.5, 1],
			"to": [-3.5, 28, 6],
			"faces": {
				"north": {"uv": [5.16923, 0.73846, 5.69231, 2.73846], "texture": "#1"},
				"east": {"uv": [5.66154, 2.46154, 8.4, 4.95385], "texture": "#1"},
				"south": {"uv": [5.90769, 1.96923, 8.15385, 4.95385], "texture": "#0"},
				"west": {"uv": [5.41538, 2.21538, 8.15385, 4.70769], "texture": "#1"},
				"up": {"uv": [5.66154, 1.72308, 8.15385, 5.2], "texture": "#1"},
				"down": {"uv": [5.66154, 2.21538, 8.4, 4.95385], "texture": "#1"}
			}
		},
		{
			"from": [-3, 20.5, 1],
			"to": [-2.5, 28, 6],
			"faces": {
				"north": {"uv": [4.43077, 0.73846, 4.70769, 1.26154], "texture": "#1"},
				"east": {"uv": [5.66154, 2.46154, 8.4, 4.95385], "texture": "#1"},
				"south": {"uv": [5.90769, 1.96923, 8.15385, 4.95385], "texture": "#0"},
				"west": {"uv": [5.41538, 2.21538, 8.15385, 4.70769], "texture": "#1"},
				"up": {"uv": [5.66154, 1.72308, 8.15385, 5.2], "texture": "#1"},
				"down": {"uv": [5.66154, 2.21538, 8.4, 4.95385], "texture": "#1"}
			}
		},
		{
			"from": [-7, 23.5, 1],
			"to": [-5, 28, 6],
			"faces": {
				"north": {"uv": [5.66154, 0.73846, 6.67692, 2.49231], "texture": "#1"},
				"east": {"uv": [5.66154, 2.46154, 8.4, 4.95385], "texture": "#1"},
				"south": {"uv": [5.90769, 1.96923, 8.15385, 4.95385], "texture": "#0"},
				"west": {"uv": [5.41538, 2.21538, 8.15385, 4.70769], "texture": "#1"},
				"up": {"uv": [5.66154, 1.72308, 8.15385, 5.2], "texture": "#1"},
				"down": {"uv": [5.66154, 2.21538, 8.4, 4.95385], "texture": "#1"}
			}
		},
		{
			"from": [-8.5, 22.5, 1],
			"to": [-7, 28, 6],
			"faces": {
				"north": {"uv": [6.64615, 0.73846, 7.16923, 2.73846], "texture": "#1"},
				"east": {"uv": [5.66154, 2.46154, 8.4, 4.95385], "texture": "#1"},
				"south": {"uv": [5.90769, 1.96923, 8.15385, 4.95385], "texture": "#0"},
				"west": {"uv": [5.41538, 2.21538, 8.15385, 4.70769], "texture": "#1"},
				"up": {"uv": [5.66154, 1.72308, 8.15385, 5.2], "texture": "#1"},
				"down": {"uv": [5.66154, 2.21538, 8.4, 4.95385], "texture": "#1"}
			}
		},
		{
			"from": [-8, 28, 1],
			"to": [-4, 29, 6],
			"faces": {
				"north": {"uv": [5.41538, 0, 6.92308, 0.76923], "texture": "#1"},
				"east": {"uv": [5.66154, 2.46154, 8.4, 4.95385], "texture": "#1"},
				"south": {"uv": [5.90769, 1.96923, 8.15385, 4.95385], "texture": "#0"},
				"west": {"uv": [5.41538, 2.21538, 8.15385, 4.70769], "texture": "#1"},
				"up": {"uv": [5.66154, 1.72308, 8.15385, 5.2], "texture": "#1"},
				"down": {"uv": [5.66154, 2.21538, 8.4, 4.95385], "texture": "#1"}
			}
		},
		{
			"from": [-2.5, 19.5, 1],
			"to": [2, 24, 6],
			"faces": {
				"north": {"uv": [3.93846, 2.95385, 5.44615, 3.72308], "texture": "#1"},
				"east": {"uv": [5.66154, 2.46154, 8.4, 4.95385], "texture": "#1"},
				"south": {"uv": [5.90769, 1.96923, 8.15385, 4.95385], "texture": "#0"},
				"west": {"uv": [5.41538, 2.21538, 8.15385, 4.70769], "texture": "#1"},
				"up": {"uv": [5.66154, 1.72308, 8.15385, 5.2], "texture": "#1"},
				"down": {"uv": [5.66154, 2.21538, 8.4, 4.95385], "texture": "#1"}
			}
		},
		{
			"from": [-2.5, 24, 1],
			"to": [1, 26, 6],
			"faces": {
				"north": {"uv": [3.69231, 1.96923, 5.44615, 3.47692], "texture": "#1"},
				"east": {"uv": [5.66154, 2.46154, 8.4, 4.95385], "texture": "#1"},
				"south": {"uv": [5.90769, 1.96923, 8.15385, 4.95385], "texture": "#0"},
				"west": {"uv": [5.41538, 2.21538, 8.15385, 4.70769], "texture": "#1"},
				"up": {"uv": [5.66154, 1.72308, 8.15385, 5.2], "texture": "#1"},
				"down": {"uv": [5.66154, 2.21538, 8.4, 4.95385], "texture": "#1"}
			}
		},
		{
			"from": [-2.5, 26, 1],
			"to": [-1, 28, 6],
			"faces": {
				"north": {"uv": [3.69231, 1.23077, 4.21538, 2], "texture": "#1"},
				"east": {"uv": [5.66154, 2.46154, 8.4, 4.95385], "texture": "#1"},
				"south": {"uv": [5.90769, 1.96923, 8.15385, 4.95385], "texture": "#0"},
				"west": {"uv": [5.41538, 2.21538, 8.15385, 4.70769], "texture": "#1"},
				"up": {"uv": [5.66154, 1.72308, 8.15385, 5.2], "texture": "#1"},
				"down": {"uv": [5.66154, 2.21538, 8.4, 4.95385], "texture": "#1"}
			}
		},
		{
			"from": [-1, 26, 1],
			"to": [0, 27, 6],
			"faces": {
				"north": {"uv": [3.44615, 1.96923, 4.95385, 2.98462], "texture": "#1"},
				"east": {"uv": [5.66154, 2.46154, 8.4, 4.95385], "texture": "#1"},
				"south": {"uv": [5.90769, 1.96923, 8.15385, 4.95385], "texture": "#0"},
				"west": {"uv": [5.41538, 2.21538, 8.15385, 4.70769], "texture": "#1"},
				"up": {"uv": [5.66154, 1.72308, 8.15385, 5.2], "texture": "#1"},
				"down": {"uv": [5.66154, 2.21538, 8.4, 4.95385], "texture": "#1"}
			}
		},
		{
			"from": [-0.5, 19, 1],
			"to": [2, 19.5, 6],
			"faces": {
				"north": {"uv": [2.95385, 3.69231, 5.2, 4.21538], "texture": "#1"},
				"east": {"uv": [5.66154, 2.46154, 8.4, 4.95385], "texture": "#1"},
				"south": {"uv": [5.90769, 1.96923, 8.15385, 4.95385], "texture": "#0"},
				"west": {"uv": [5.41538, 2.21538, 8.15385, 4.70769], "texture": "#1"},
				"up": {"uv": [5.66154, 1.72308, 8.15385, 5.2], "texture": "#1"},
				"down": {"uv": [5.66154, 2.21538, 8.4, 4.95385], "texture": "#1"}
			}
		}
	],
	"display": {
		"gui": {
			"rotation": [-180, 6.25, -180],
			"translation": [1, -1.5, 0],
			"scale": [0.32031, 0.30469, 1]
		},
		"head": {
			"scale": [3, 3, 3]
		}
	},
	"groups": [
		{
			"name": "group",
			"origin": [0, 0, 0],
			"color": 0,
			"children": [0, 1, 2, 3, 4, 5, 6, 7, 8, 9, 10, 11]
		},
		{
			"name": "group",
			"origin": [0, 0, 0],
			"color": 0,
			"children": [12, 13, 14, 15, 16, 17, 18, 19, 20, 21, 22, 23, 24, 25, 26, 27, 28, 29, 30, 31, 32, 33, 34, 35, 36, 37, 38, 39, 40, 41, 42, 43, 44, 45, 46, 47, 48, 49, 50, 51, 52, 53, 54, 55]
		},
		{
			"name": "group",
			"origin": [8, 8, 8],
			"color": 0,
			"children": [56, 57, 58]
		},
		59,
		60,
		61,
		62,
		63,
		64,
		65,
		66,
		67,
		68,
		69,
		70,
		71,
		72,
		73,
		74,
		75,
		76,
		77,
		78,
		79,
		80,
		81,
		82,
		83,
		84,
		85,
		86,
		87,
		88,
		89,
		90,
		91,
		92,
		93,
		94,
		95,
		96,
		97,
		98,
		99,
		100
	]
}