{
	"credit": "Made with Blockbench",
	"textures": {
		"0": "item/noire",
		"1": "item/lumiere",
		"particle": "item/noire"
	},
	"elements": [
		{
			"from": [12, 1, 0],
			"to": [23, 9, 4],
			"faces": {
				"north": {"uv": [7.70769, 9.47692, 13.29231, 15.75385], "texture": "#1"},
				"east": {"uv": [0, 0, 4, 8], "texture": "#missing"},
				"south": {"uv": [0, 0, 11, 8], "texture": "#0"},
				"west": {"uv": [0, 0, 4, 8], "texture": "#missing"},
				"up": {"uv": [0, 0, 11, 4], "texture": "#missing"},
				"down": {"uv": [0, 0, 11, 4], "texture": "#missing"}
			}
		},
		{
			"from": [23, 1, 0],
			"to": [31, 31, 4],
			"faces": {
				"north": {"uv": [6.64615, 0.24615, 14.64615, 16], "texture": "#1"},
				"east": {"uv": [0, 0, 4, 16], "texture": "#missing"},
				"south": {"uv": [0, 0, 8, 16], "texture": "#0"},
				"west": {"uv": [0, 0, 4, 16], "texture": "#missing"},
				"up": {"uv": [0, 0, 8, 4], "texture": "#missing"},
				"down": {"uv": [0, 0, 8, 4], "texture": "#missing"}
			}
		},
		{
			"from": [31, 0, -1],
			"to": [32, 32, 4],
			"faces": {
				"north": {"uv": [0, 0, 1, 16], "texture": "#0"},
				"east": {"uv": [0, 0, 5, 16], "texture": "#0"},
				"south": {"uv": [0, 0, 1, 16], "texture": "#0"},
				"west": {"uv": [0, 0, 5, 16], "texture": "#0"},
				"up": {"uv": [0, 0, 1, 5], "texture": "#0"},
				"down": {"uv": [0, 0, 1, 5], "texture": "#0"}
			}
		},
		{
			"from": [12, 0, -1],
			"to": [31, 1, 4],
			"faces": {
				"north": {"uv": [0, 0, 16, 1], "texture": "#0"},
				"east": {"uv": [0, 0, 5, 1], "texture": "#0"},
				"south": {"uv": [0, 0, 16, 1], "texture": "#0"},
				"west": {"uv": [0, 0, 5, 1], "texture": "#0"},
				"up": {"uv": [0, 0, 16, 5], "texture": "#0"},
				"down": {"uv": [0, 0, 16, 5], "texture": "#0"}
			}
		},
		{
			"from": [22, 9, -1],
			"to": [23, 32, 4],
			"faces": {
				"north": {"uv": [0, 0, 1, 16], "texture": "#0"},
				"east": {"uv": [0, 0, 5, 16], "texture": "#0"},
				"south": {"uv": [0, 0, 1, 16], "texture": "#0"},
				"west": {"uv": [0, 0, 5, 16], "texture": "#0"},
				"up": {"uv": [0, 0, 1, 5], "texture": "#0"},
				"down": {"uv": [0, 0, 1, 5], "texture": "#0"}
			}
		},
		{
			"from": [12, 9, -1],
			"to": [22, 10, 4],
			"faces": {
				"north": {"uv": [0, 0, 10, 1], "texture": "#0"},
				"east": {"uv": [0, 0, 5, 1], "texture": "#0"},
				"south": {"uv": [0, 0, 10, 1], "texture": "#0"},
				"west": {"uv": [0, 0, 5, 1], "texture": "#0"},
				"up": {"uv": [0, 0, 10, 5], "texture": "#0"},
				"down": {"uv": [0, 0, 10, 5], "texture": "#0"}
			}
		},
		{
			"from": [11, 0, -1],
			"to": [12, 10, 4],
			"faces": {
				"north": {"uv": [0, 0, 1, 10], "texture": "#0"},
				"east": {"uv": [0, 0, 5, 10], "texture": "#0"},
				"south": {"uv": [0, 0, 1, 10], "texture": "#0"},
				"west": {"uv": [0, 0, 5, 10], "texture": "#0"},
				"up": {"uv": [0, 0, 1, 5], "texture": "#0"},
				"down": {"uv": [0, 0, 1, 5], "texture": "#0"}
			}
		},
		{
			"from": [23, 31, -1],
			"to": [31, 32, 4],
			"faces": {
				"north": {"uv": [0, 0, 8, 1], "texture": "#0"},
				"east": {"uv": [0, 0, 5, 1], "texture": "#0"},
				"south": {"uv": [0, 0, 8, 1], "texture": "#0"},
				"west": {"uv": [0, 0, 5, 1], "texture": "#0"},
				"up": {"uv": [0, 0, 8, 5], "texture": "#0"},
				"down": {"uv": [0, 0, 8, 5], "texture": "#0"}
			}
		}
	],
	"display": {
		"gui": {
			"rotation": [-180, 0, -180],
			"translation": [6.5, -2.5, 0],
			"scale": [0.41406, 0.38672, 1]
		},
		"head": {
			"translation": [-32.75, 14.25, 16.25],
			"scale": [3, 3, 3]
		}
	},
	"groups": [
		0,
		1,
		{
			"name": "group",
			"origin": [0, 0, 0],
			"color": 0,
			"children": [2, 3, 4, 5, 6, 7]
		}
	]
}