{
	"credit": "Made with Blockbench",
	"textures": {
		"0": "item/noire",
		"1": "item/lumiere",
		"particle": "item/noire"
	},
	"elements": [
		{
			"from": [31, 8, 7],
			"to": [32, 9, 13],
			"faces": {
				"north": {"uv": [0, 0, 1, 2], "texture": "#0"},
				"east": {"uv": [0, 0, 6, 2], "texture": "#0"},
				"south": {"uv": [0, 0, 1, 2], "texture": "#0"},
				"west": {"uv": [0, 0, 6, 2], "texture": "#0"},
				"up": {"uv": [0, 0, 1, 6], "texture": "#0"},
				"down": {"uv": [0, 0, 1, 6], "texture": "#0"}
			}
		},
		{
			"from": [30, 10, 7],
			"to": [32, 11, 13],
			"faces": {
				"north": {"uv": [0, 0, 1, 2], "texture": "#0"},
				"east": {"uv": [0, 0, 6, 2], "texture": "#0"},
				"south": {"uv": [0, 0, 1, 2], "texture": "#0"},
				"west": {"uv": [0, 0, 6, 2], "texture": "#0"},
				"up": {"uv": [0, 0, 1, 6], "texture": "#0"},
				"down": {"uv": [0, 0, 1, 6], "texture": "#0"}
			}
		},
		{
			"from": [29, 11, 7],
			"to": [30, 12, 13],
			"faces": {
				"north": {"uv": [0, 0, 1, 2], "texture": "#0"},
				"east": {"uv": [0, 0, 6, 2], "texture": "#0"},
				"south": {"uv": [0, 0, 1, 2], "texture": "#0"},
				"west": {"uv": [0, 0, 6, 2], "texture": "#0"},
				"up": {"uv": [0, 0, 1, 6], "texture": "#0"},
				"down": {"uv": [0, 0, 1, 6], "texture": "#0"}
			}
		},
		{
			"from": [30, 8, 7],
			"to": [31, 9, 13],
			"faces": {
				"north": {"uv": [0, 0, 1, 2], "texture": "#0"},
				"east": {"uv": [0, 0, 6, 2], "texture": "#0"},
				"south": {"uv": [0, 0, 1, 2], "texture": "#0"},
				"west": {"uv": [0, 0, 6, 2], "texture": "#0"},
				"up": {"uv": [0, 0, 1, 6], "texture": "#0"},
				"down": {"uv": [0, 0, 1, 6], "texture": "#0"}
			}
		},
		{
			"from": [28, 12, 7],
			"to": [29, 16, 13],
			"faces": {
				"north": {"uv": [0, 0, 1, 2], "texture": "#0"},
				"east": {"uv": [0, 0, 6, 2], "texture": "#0"},
				"south": {"uv": [0, 0, 1, 2], "texture": "#0"},
				"west": {"uv": [0, 0, 6, 2], "texture": "#0"},
				"up": {"uv": [0, 0, 1, 6], "texture": "#0"},
				"down": {"uv": [0, 0, 1, 6], "texture": "#0"}
			}
		},
		{
			"from": [29, 5, 7],
			"to": [30, 8, 13],
			"faces": {
				"north": {"uv": [0, 0, 1, 2], "texture": "#0"},
				"east": {"uv": [0, 0, 6, 2], "texture": "#0"},
				"south": {"uv": [0, 0, 1, 2], "texture": "#0"},
				"west": {"uv": [0, 0, 6, 2], "texture": "#0"},
				"up": {"uv": [0, 0, 1, 6], "texture": "#0"},
				"down": {"uv": [0, 0, 1, 6], "texture": "#0"}
			}
		},
		{
			"from": [30, 2, 7],
			"to": [31, 5, 13],
			"faces": {
				"north": {"uv": [0, 0, 1, 2], "texture": "#0"},
				"east": {"uv": [0, 0, 6, 2], "texture": "#0"},
				"south": {"uv": [0, 0, 1, 2], "texture": "#0"},
				"west": {"uv": [0, 0, 6, 2], "texture": "#0"},
				"up": {"uv": [0, 0, 1, 6], "texture": "#0"},
				"down": {"uv": [0, 0, 1, 6], "texture": "#0"}
			}
		},
		{
			"from": [27, 19, 7],
			"to": [28, 20, 13],
			"faces": {
				"north": {"uv": [0, 0, 1, 2], "texture": "#0"},
				"east": {"uv": [0, 0, 6, 2], "texture": "#0"},
				"south": {"uv": [0, 0, 1, 2], "texture": "#0"},
				"west": {"uv": [0, 0, 6, 2], "texture": "#0"},
				"up": {"uv": [0, 0, 1, 6], "texture": "#0"},
				"down": {"uv": [0, 0, 1, 6], "texture": "#0"}
			}
		},
		{
			"from": [26, 20, 7],
			"to": [27, 22, 13],
			"faces": {
				"north": {"uv": [0, 0, 1, 2], "texture": "#0"},
				"east": {"uv": [0, 0, 6, 2], "texture": "#0"},
				"south": {"uv": [0, 0, 1, 2], "texture": "#0"},
				"west": {"uv": [0, 0, 6, 2], "texture": "#0"},
				"up": {"uv": [0, 0, 1, 6], "texture": "#0"},
				"down": {"uv": [0, 0, 1, 6], "texture": "#0"}
			}
		},
		{
			"from": [23, 22, 7],
			"to": [26, 23, 13],
			"faces": {
				"north": {"uv": [0, 0, 1, 2], "texture": "#0"},
				"east": {"uv": [0, 0, 6, 2], "texture": "#0"},
				"south": {"uv": [0, 0, 1, 2], "texture": "#0"},
				"west": {"uv": [0, 0, 6, 2], "texture": "#0"},
				"up": {"uv": [0, 0, 1, 6], "texture": "#0"},
				"down": {"uv": [0, 0, 1, 6], "texture": "#0"}
			}
		},
		{
			"from": [22, 20, 7],
			"to": [23, 22, 13],
			"faces": {
				"north": {"uv": [0, 0, 1, 2], "texture": "#0"},
				"east": {"uv": [0, 0, 6, 2], "texture": "#0"},
				"south": {"uv": [0, 0, 1, 2], "texture": "#0"},
				"west": {"uv": [0, 0, 6, 2], "texture": "#0"},
				"up": {"uv": [0, 0, 1, 6], "texture": "#0"},
				"down": {"uv": [0, 0, 1, 6], "texture": "#0"}
			}
		},
		{
			"from": [24, 12, 7],
			"to": [25, 16, 13],
			"faces": {
				"north": {"uv": [0, 0, 1, 2], "texture": "#0"},
				"east": {"uv": [0, 0, 6, 2], "texture": "#0"},
				"south": {"uv": [0, 0, 1, 2], "texture": "#0"},
				"west": {"uv": [0, 0, 6, 2], "texture": "#0"},
				"up": {"uv": [0, 0, 1, 6], "texture": "#0"},
				"down": {"uv": [0, 0, 1, 6], "texture": "#0"}
			}
		},
		{
			"from": [25, 8, 7],
			"to": [26, 12, 13],
			"faces": {
				"north": {"uv": [0, 0, 1, 2], "texture": "#0"},
				"east": {"uv": [0, 0, 6, 2], "texture": "#0"},
				"south": {"uv": [0, 0, 1, 2], "texture": "#0"},
				"west": {"uv": [0, 0, 6, 2], "texture": "#0"},
				"up": {"uv": [0, 0, 1, 6], "texture": "#0"},
				"down": {"uv": [0, 0, 1, 6], "texture": "#0"}
			}
		},
		{
			"from": [26, 5, 7],
			"to": [27, 8, 13],
			"faces": {
				"north": {"uv": [0, 0, 1, 2], "texture": "#0"},
				"east": {"uv": [0, 0, 6, 2], "texture": "#0"},
				"south": {"uv": [0, 0, 1, 2], "texture": "#0"},
				"west": {"uv": [0, 0, 6, 2], "texture": "#0"},
				"up": {"uv": [0, 0, 1, 6], "texture": "#0"},
				"down": {"uv": [0, 0, 1, 6], "texture": "#0"}
			}
		},
		{
			"from": [28, 18.5, 7],
			"to": [32, 19, 13],
			"faces": {
				"north": {"uv": [0, 0, 1, 2], "texture": "#0"},
				"east": {"uv": [0, 0, 6, 2], "texture": "#0"},
				"south": {"uv": [0, 0, 1, 2], "texture": "#0"},
				"west": {"uv": [0, 0, 6, 2], "texture": "#0"},
				"up": {"uv": [0, 0, 1, 6], "texture": "#0"},
				"down": {"uv": [0, 0, 1, 6], "texture": "#0"}
			}
		},
		{
			"from": [31, 18, 7],
			"to": [32, 18.5, 13],
			"faces": {
				"north": {"uv": [0, 0, 1, 2], "texture": "#0"},
				"east": {"uv": [0, 0, 6, 2], "texture": "#0"},
				"south": {"uv": [0, 0, 1, 2], "texture": "#0"},
				"west": {"uv": [0, 0, 6, 2], "texture": "#0"},
				"up": {"uv": [0, 0, 1, 6], "texture": "#0"},
				"down": {"uv": [0, 0, 1, 6], "texture": "#0"}
			}
		},
		{
			"from": [28, 17.5, 7],
			"to": [32, 18, 13],
			"faces": {
				"north": {"uv": [0, 0, 1, 2], "texture": "#0"},
				"east": {"uv": [0, 0, 6, 2], "texture": "#0"},
				"south": {"uv": [0, 0, 1, 2], "texture": "#0"},
				"west": {"uv": [0, 0, 6, 2], "texture": "#0"},
				"up": {"uv": [0, 0, 1, 6], "texture": "#0"},
				"down": {"uv": [0, 0, 1, 6], "texture": "#0"}
			}
		},
		{
			"from": [27, 16, 7],
			"to": [28, 17.5, 13],
			"faces": {
				"north": {"uv": [0, 0, 1, 2], "texture": "#0"},
				"east": {"uv": [0, 0, 6, 2], "texture": "#0"},
				"south": {"uv": [0, 0, 1, 2], "texture": "#0"},
				"west": {"uv": [0, 0, 6, 2], "texture": "#0"},
				"up": {"uv": [0, 0, 1, 6], "texture": "#0"},
				"down": {"uv": [0, 0, 1, 6], "texture": "#0"}
			}
		},
		{
			"from": [23, 19, 7],
			"to": [24, 20, 13],
			"faces": {
				"north": {"uv": [0, 0, 1, 2], "texture": "#0"},
				"east": {"uv": [0, 0, 6, 2], "texture": "#0"},
				"south": {"uv": [0, 0, 1, 2], "texture": "#0"},
				"west": {"uv": [0, 0, 6, 2], "texture": "#0"},
				"up": {"uv": [0, 0, 1, 6], "texture": "#0"},
				"down": {"uv": [0, 0, 1, 6], "texture": "#0"}
			}
		},
		{
			"from": [23, 16, 7],
			"to": [24, 17.5, 13],
			"faces": {
				"north": {"uv": [0, 0, 1, 2], "texture": "#0"},
				"east": {"uv": [0, 0, 6, 2], "texture": "#0"},
				"south": {"uv": [0, 0, 1, 2], "texture": "#0"},
				"west": {"uv": [0, 0, 6, 2], "texture": "#0"},
				"up": {"uv": [0, 0, 1, 6], "texture": "#0"},
				"down": {"uv": [0, 0, 1, 6], "texture": "#0"}
			}
		},
		{
			"from": [19, 18.5, 7],
			"to": [23, 19, 13],
			"faces": {
				"north": {"uv": [0, 0, 1, 2], "texture": "#0"},
				"east": {"uv": [0, 0, 6, 2], "texture": "#0"},
				"south": {"uv": [0, 0, 1, 2], "texture": "#0"},
				"west": {"uv": [0, 0, 6, 2], "texture": "#0"},
				"up": {"uv": [0, 0, 1, 6], "texture": "#0"},
				"down": {"uv": [0, 0, 1, 6], "texture": "#0"}
			}
		},
		{
			"from": [19, 18, 7],
			"to": [20, 18.5, 13],
			"faces": {
				"north": {"uv": [0, 0, 1, 2], "texture": "#0"},
				"east": {"uv": [0, 0, 6, 2], "texture": "#0"},
				"south": {"uv": [0, 0, 1, 2], "texture": "#0"},
				"west": {"uv": [0, 0, 6, 2], "texture": "#0"},
				"up": {"uv": [0, 0, 1, 6], "texture": "#0"},
				"down": {"uv": [0, 0, 1, 6], "texture": "#0"}
			}
		},
		{
			"from": [19, 17.5, 7],
			"to": [23, 18, 13],
			"faces": {
				"north": {"uv": [0, 0, 1, 2], "texture": "#0"},
				"east": {"uv": [0, 0, 6, 2], "texture": "#0"},
				"south": {"uv": [0, 0, 1, 2], "texture": "#0"},
				"west": {"uv": [0, 0, 6, 2], "texture": "#0"},
				"up": {"uv": [0, 0, 1, 6], "texture": "#0"},
				"down": {"uv": [0, 0, 1, 6], "texture": "#0"}
			}
		},
		{
			"from": [24, 4, 7],
			"to": [25, 5, 13],
			"faces": {
				"north": {"uv": [0, 0, 1, 1], "texture": "#0"},
				"east": {"uv": [0, 0, 6, 1], "texture": "#0"},
				"south": {"uv": [0, 0, 1, 1], "texture": "#0"},
				"west": {"uv": [0, 0, 6, 1], "texture": "#0"},
				"up": {"uv": [0, 0, 1, 6], "texture": "#0"},
				"down": {"uv": [0, 0, 1, 6], "texture": "#0"}
			}
		},
		{
			"from": [23, 5, 7],
			"to": [24, 6, 13],
			"faces": {
				"north": {"uv": [0, 0, 1, 1], "texture": "#0"},
				"east": {"uv": [0, 0, 6, 1], "texture": "#0"},
				"south": {"uv": [0, 0, 1, 1], "texture": "#0"},
				"west": {"uv": [0, 0, 6, 1], "texture": "#0"},
				"up": {"uv": [0, 0, 1, 6], "texture": "#0"},
				"down": {"uv": [0, 0, 1, 6], "texture": "#0"}
			}
		},
		{
			"from": [22, 6, 7],
			"to": [23, 7, 13],
			"faces": {
				"north": {"uv": [0, 0, 1, 1], "texture": "#0"},
				"east": {"uv": [0, 0, 6, 1], "texture": "#0"},
				"south": {"uv": [0, 0, 1, 1], "texture": "#0"},
				"west": {"uv": [0, 0, 6, 1], "texture": "#0"},
				"up": {"uv": [0, 0, 1, 6], "texture": "#0"},
				"down": {"uv": [0, 0, 1, 6], "texture": "#0"}
			}
		},
		{
			"from": [21, 4.5, 7],
			"to": [21.5, 5, 13],
			"faces": {
				"north": {"uv": [0, 0, 0.5, 0.5], "texture": "#0"},
				"east": {"uv": [0, 0, 6, 0.5], "texture": "#0"},
				"south": {"uv": [0, 0, 0.5, 0.5], "texture": "#0"},
				"west": {"uv": [0, 0, 6, 0.5], "texture": "#0"},
				"up": {"uv": [0, 0, 0.5, 6], "texture": "#0"},
				"down": {"uv": [0, 0, 0.5, 6], "texture": "#0"}
			}
		},
		{
			"from": [21.5, 4, 7],
			"to": [22, 4.5, 13],
			"faces": {
				"north": {"uv": [0, 0, 0.5, 0.5], "texture": "#0"},
				"east": {"uv": [0, 0, 6, 0.5], "texture": "#0"},
				"south": {"uv": [0, 0, 0.5, 0.5], "texture": "#0"},
				"west": {"uv": [0, 0, 6, 0.5], "texture": "#0"},
				"up": {"uv": [0, 0, 0.5, 6], "texture": "#0"},
				"down": {"uv": [0, 0, 0.5, 6], "texture": "#0"}
			}
		},
		{
			"from": [22, 3, 7],
			"to": [23, 4, 13],
			"faces": {
				"north": {"uv": [0, 0, 1, 1], "texture": "#0"},
				"east": {"uv": [0, 0, 6, 1], "texture": "#0"},
				"south": {"uv": [0, 0, 1, 1], "texture": "#0"},
				"west": {"uv": [0, 0, 6, 1], "texture": "#0"},
				"up": {"uv": [0, 0, 1, 6], "texture": "#0"},
				"down": {"uv": [0, 0, 1, 6], "texture": "#0"}
			}
		},
		{
			"from": [23, 2, 7],
			"to": [24, 3, 13],
			"faces": {
				"north": {"uv": [0, 0, 1, 1], "texture": "#0"},
				"east": {"uv": [0, 0, 6, 1], "texture": "#0"},
				"south": {"uv": [0, 0, 1, 1], "texture": "#0"},
				"west": {"uv": [0, 0, 6, 1], "texture": "#0"},
				"up": {"uv": [0, 0, 1, 6], "texture": "#0"},
				"down": {"uv": [0, 0, 1, 6], "texture": "#0"}
			}
		},
		{
			"from": [24, 1, 7],
			"to": [25, 2, 13],
			"faces": {
				"north": {"uv": [0, 0, 1, 1], "texture": "#0"},
				"east": {"uv": [0, 0, 6, 1], "texture": "#0"},
				"south": {"uv": [0, 0, 1, 1], "texture": "#0"},
				"west": {"uv": [0, 0, 6, 1], "texture": "#0"},
				"up": {"uv": [0, 0, 1, 6], "texture": "#0"},
				"down": {"uv": [0, 0, 1, 6], "texture": "#0"}
			}
		},
		{
			"from": [20, 4, 7],
			"to": [21, 6, 13],
			"faces": {
				"north": {"uv": [0, 0, 1, 2], "texture": "#0"},
				"east": {"uv": [0, 0, 6, 2], "texture": "#0"},
				"south": {"uv": [0, 0, 1, 2], "texture": "#0"},
				"west": {"uv": [0, 0, 6, 2], "texture": "#0"},
				"up": {"uv": [0, 0, 1, 6], "texture": "#0"},
				"down": {"uv": [0, 0, 1, 6], "texture": "#0"}
			}
		},
		{
			"from": [21, 6, 7],
			"to": [22, 9, 13],
			"faces": {
				"north": {"uv": [0, 0, 1, 3], "texture": "#0"},
				"east": {"uv": [0, 0, 6, 3], "texture": "#0"},
				"south": {"uv": [0, 0, 1, 3], "texture": "#0"},
				"west": {"uv": [0, 0, 6, 3], "texture": "#0"},
				"up": {"uv": [0, 0, 1, 6], "texture": "#0"},
				"down": {"uv": [0, 0, 1, 6], "texture": "#0"}
			}
		},
		{
			"from": [22, 9, 7],
			"to": [23, 12, 13],
			"faces": {
				"north": {"uv": [0, 0, 1, 3], "texture": "#0"},
				"east": {"uv": [0, 0, 6, 3], "texture": "#0"},
				"south": {"uv": [0, 0, 1, 3], "texture": "#0"},
				"west": {"uv": [0, 0, 6, 3], "texture": "#0"},
				"up": {"uv": [0, 0, 1, 6], "texture": "#0"},
				"down": {"uv": [0, 0, 1, 6], "texture": "#0"}
			}
		},
		{
			"from": [17.5, 9, 7],
			"to": [18.5, 10, 13],
			"faces": {
				"north": {"uv": [0, 0, 1, 1], "texture": "#0"},
				"east": {"uv": [0, 0, 6, 1], "texture": "#0"},
				"south": {"uv": [0, 0, 1, 1], "texture": "#0"},
				"west": {"uv": [0, 0, 6, 1], "texture": "#0"},
				"up": {"uv": [0, 0, 1, 6], "texture": "#0"},
				"down": {"uv": [0, 0, 1, 6], "texture": "#0"}
			}
		},
		{
			"from": [15.5, 8, 7],
			"to": [17.5, 9, 13],
			"faces": {
				"north": {"uv": [0, 0, 2, 1], "texture": "#0"},
				"east": {"uv": [0, 0, 6, 1], "texture": "#0"},
				"south": {"uv": [0, 0, 2, 1], "texture": "#0"},
				"west": {"uv": [0, 0, 6, 1], "texture": "#0"},
				"up": {"uv": [0, 0, 2, 6], "texture": "#0"},
				"down": {"uv": [0, 0, 2, 6], "texture": "#0"}
			}
		},
		{
			"from": [17, 6, 7],
			"to": [18, 8, 13],
			"faces": {
				"north": {"uv": [0, 0, 1, 2], "texture": "#0"},
				"east": {"uv": [0, 0, 6, 2], "texture": "#0"},
				"south": {"uv": [0, 0, 1, 2], "texture": "#0"},
				"west": {"uv": [0, 0, 6, 2], "texture": "#0"},
				"up": {"uv": [0, 0, 1, 6], "texture": "#0"},
				"down": {"uv": [0, 0, 1, 6], "texture": "#0"}
			}
		},
		{
			"from": [14, 6.25, 7],
			"to": [17, 7, 13],
			"faces": {
				"north": {"uv": [0, 0, 3, 0.75], "texture": "#0"},
				"east": {"uv": [0, 0, 6, 0.75], "texture": "#0"},
				"south": {"uv": [0, 0, 3, 0.75], "texture": "#0"},
				"west": {"uv": [0, 0, 6, 0.75], "texture": "#0"},
				"up": {"uv": [0, 0, 3, 6], "texture": "#0"},
				"down": {"uv": [0, 0, 3, 6], "texture": "#0"}
			}
		},
		{
			"from": [16, 4.5, 7],
			"to": [17, 6, 13],
			"faces": {
				"north": {"uv": [0, 0, 1, 1.5], "texture": "#0"},
				"east": {"uv": [0, 0, 6, 1.5], "texture": "#0"},
				"south": {"uv": [0, 0, 1, 1.5], "texture": "#0"},
				"west": {"uv": [0, 0, 6, 1.5], "texture": "#0"},
				"up": {"uv": [0, 0, 1, 6], "texture": "#0"},
				"down": {"uv": [0, 0, 1, 6], "texture": "#0"}
			}
		},
		{
			"from": [15, 4, 7],
			"to": [16, 4.5, 13],
			"faces": {
				"north": {"uv": [0, 0, 1, 0.5], "texture": "#0"},
				"east": {"uv": [0, 0, 6, 0.5], "texture": "#0"},
				"south": {"uv": [0, 0, 1, 0.5], "texture": "#0"},
				"west": {"uv": [0, 0, 6, 0.5], "texture": "#0"},
				"up": {"uv": [0, 0, 1, 6], "texture": "#0"},
				"down": {"uv": [0, 0, 1, 6], "texture": "#0"}
			}
		},
		{
			"from": [13, 4.5, 7],
			"to": [15, 5, 13],
			"faces": {
				"north": {"uv": [0, 0, 2, 0.5], "texture": "#0"},
				"east": {"uv": [0, 0, 6, 0.5], "texture": "#0"},
				"south": {"uv": [0, 0, 2, 0.5], "texture": "#0"},
				"west": {"uv": [0, 0, 6, 0.5], "texture": "#0"},
				"up": {"uv": [0, 0, 2, 6], "texture": "#0"},
				"down": {"uv": [0, 0, 2, 6], "texture": "#0"}
			}
		},
		{
			"from": [12.5, 5, 7],
			"to": [13, 5.5, 13],
			"faces": {
				"north": {"uv": [0, 0, 0.5, 0.5], "texture": "#0"},
				"east": {"uv": [0, 0, 6, 0.5], "texture": "#0"},
				"south": {"uv": [0, 0, 0.5, 0.5], "texture": "#0"},
				"west": {"uv": [0, 0, 6, 0.5], "texture": "#0"},
				"up": {"uv": [0, 0, 0.5, 6], "texture": "#0"},
				"down": {"uv": [0, 0, 0.5, 6], "texture": "#0"}
			}
		},
		{
			"from": [12, 5.5, 7],
			"to": [12.5, 6, 13],
			"faces": {
				"north": {"uv": [0, 0, 0.5, 0.5], "texture": "#0"},
				"east": {"uv": [0, 0, 6, 0.5], "texture": "#0"},
				"south": {"uv": [0, 0, 0.5, 0.5], "texture": "#0"},
				"west": {"uv": [0, 0, 6, 0.5], "texture": "#0"},
				"up": {"uv": [0, 0, 0.5, 6], "texture": "#0"},
				"down": {"uv": [0, 0, 0.5, 6], "texture": "#0"}
			}
		},
		{
			"from": [11, 6, 7],
			"to": [12, 6.5, 13],
			"faces": {
				"north": {"uv": [0, 0, 1, 0.5], "texture": "#0"},
				"east": {"uv": [0, 0, 6, 0.5], "texture": "#0"},
				"south": {"uv": [0, 0, 1, 0.5], "texture": "#0"},
				"west": {"uv": [0, 0, 6, 0.5], "texture": "#0"},
				"up": {"uv": [0, 0, 1, 6], "texture": "#0"},
				"down": {"uv": [0, 0, 1, 6], "texture": "#0"}
			}
		},
		{
			"from": [11, 3, 7],
			"to": [12, 4, 13],
			"faces": {
				"north": {"uv": [0, 0, 1, 1], "texture": "#0"},
				"east": {"uv": [0, 0, 6, 1], "texture": "#0"},
				"south": {"uv": [0, 0, 1, 1], "texture": "#0"},
				"west": {"uv": [0, 0, 6, 1], "texture": "#0"},
				"up": {"uv": [0, 0, 1, 6], "texture": "#0"},
				"down": {"uv": [0, 0, 1, 6], "texture": "#0"}
			}
		},
		{
			"from": [12, 2, 7],
			"to": [14, 3, 13],
			"faces": {
				"north": {"uv": [0, 0, 2, 1], "texture": "#0"},
				"east": {"uv": [0, 0, 6, 1], "texture": "#0"},
				"south": {"uv": [0, 0, 2, 1], "texture": "#0"},
				"west": {"uv": [0, 0, 6, 1], "texture": "#0"},
				"up": {"uv": [0, 0, 2, 6], "texture": "#0"},
				"down": {"uv": [0, 0, 2, 6], "texture": "#0"}
			}
		},
		{
			"from": [14, 1, 7],
			"to": [17, 2, 13],
			"faces": {
				"north": {"uv": [0, 0, 3, 1], "texture": "#0"},
				"east": {"uv": [0, 0, 6, 1], "texture": "#0"},
				"south": {"uv": [0, 0, 3, 1], "texture": "#0"},
				"west": {"uv": [0, 0, 6, 1], "texture": "#0"},
				"up": {"uv": [0, 0, 3, 6], "texture": "#0"},
				"down": {"uv": [0, 0, 3, 6], "texture": "#0"}
			}
		},
		{
			"from": [17, 2, 7],
			"to": [19, 3, 13],
			"faces": {
				"north": {"uv": [0, 0, 2, 1], "texture": "#0"},
				"east": {"uv": [0, 0, 6, 1], "texture": "#0"},
				"south": {"uv": [0, 0, 2, 1], "texture": "#0"},
				"west": {"uv": [0, 0, 6, 1], "texture": "#0"},
				"up": {"uv": [0, 0, 2, 6], "texture": "#0"},
				"down": {"uv": [0, 0, 2, 6], "texture": "#0"}
			}
		},
		{
			"from": [19, 3, 7],
			"to": [20, 4, 13],
			"faces": {
				"north": {"uv": [0, 0, 1, 1], "texture": "#0"},
				"east": {"uv": [0, 0, 6, 1], "texture": "#0"},
				"south": {"uv": [0, 0, 1, 1], "texture": "#0"},
				"west": {"uv": [0, 0, 6, 1], "texture": "#0"},
				"up": {"uv": [0, 0, 1, 6], "texture": "#0"},
				"down": {"uv": [0, 0, 1, 6], "texture": "#0"}
			}
		},
		{
			"from": [14.5, 9, 7],
			"to": [15.5, 10, 13],
			"faces": {
				"north": {"uv": [0, 0, 1, 1], "texture": "#0"},
				"east": {"uv": [0, 0, 6, 1], "texture": "#0"},
				"south": {"uv": [0, 0, 1, 1], "texture": "#0"},
				"west": {"uv": [0, 0, 6, 1], "texture": "#0"},
				"up": {"uv": [0, 0, 1, 6], "texture": "#0"},
				"down": {"uv": [0, 0, 1, 6], "texture": "#0"}
			}
		},
		{
			"from": [12, 7, 7],
			"to": [14, 8, 13],
			"faces": {
				"north": {"uv": [0, 0, 2, 1], "texture": "#0"},
				"east": {"uv": [0, 0, 6, 1], "texture": "#0"},
				"south": {"uv": [0, 0, 2, 1], "texture": "#0"},
				"west": {"uv": [0, 0, 6, 1], "texture": "#0"},
				"up": {"uv": [0, 0, 2, 6], "texture": "#0"},
				"down": {"uv": [0, 0, 2, 6], "texture": "#0"}
			}
		},
		{
			"from": [11, 8, 7],
			"to": [12, 9, 13],
			"faces": {
				"north": {"uv": [0, 0, 1, 1], "texture": "#0"},
				"east": {"uv": [0, 0, 6, 1], "texture": "#0"},
				"south": {"uv": [0, 0, 1, 1], "texture": "#0"},
				"west": {"uv": [0, 0, 6, 1], "texture": "#0"},
				"up": {"uv": [0, 0, 1, 6], "texture": "#0"},
				"down": {"uv": [0, 0, 1, 6], "texture": "#0"}
			}
		},
		{
			"from": [10, 9, 7],
			"to": [11, 12, 13],
			"faces": {
				"north": {"uv": [0, 0, 1, 3], "texture": "#0"},
				"east": {"uv": [0, 0, 6, 3], "texture": "#0"},
				"south": {"uv": [0, 0, 1, 3], "texture": "#0"},
				"west": {"uv": [0, 0, 6, 3], "texture": "#0"},
				"up": {"uv": [0, 0, 1, 6], "texture": "#0"},
				"down": {"uv": [0, 0, 1, 6], "texture": "#0"}
			}
		},
		{
			"from": [13.5, 10, 7],
			"to": [14.5, 13, 13],
			"faces": {
				"north": {"uv": [0, 0, 1, 3], "texture": "#0"},
				"east": {"uv": [0, 0, 6, 3], "texture": "#0"},
				"south": {"uv": [0, 0, 1, 3], "texture": "#0"},
				"west": {"uv": [0, 0, 6, 3], "texture": "#0"},
				"up": {"uv": [0, 0, 1, 6], "texture": "#0"},
				"down": {"uv": [0, 0, 1, 6], "texture": "#0"}
			}
		},
		{
			"from": [11, 12, 7],
			"to": [12, 14, 13],
			"faces": {
				"north": {"uv": [0, 0, 1, 2], "texture": "#0"},
				"east": {"uv": [0, 0, 6, 2], "texture": "#0"},
				"south": {"uv": [0, 0, 1, 2], "texture": "#0"},
				"west": {"uv": [0, 0, 6, 2], "texture": "#0"},
				"up": {"uv": [0, 0, 1, 6], "texture": "#0"},
				"down": {"uv": [0, 0, 1, 6], "texture": "#0"}
			}
		},
		{
			"from": [14.5, 13, 7],
			"to": [15.5, 14, 13],
			"faces": {
				"north": {"uv": [0, 0, 1, 1], "texture": "#0"},
				"east": {"uv": [0, 0, 6, 1], "texture": "#0"},
				"south": {"uv": [0, 0, 1, 1], "texture": "#0"},
				"west": {"uv": [0, 0, 6, 1], "texture": "#0"},
				"up": {"uv": [0, 0, 1, 6], "texture": "#0"},
				"down": {"uv": [0, 0, 1, 6], "texture": "#0"}
			}
		},
		{
			"from": [12, 14, 7],
			"to": [13, 15, 13],
			"faces": {
				"north": {"uv": [0, 0, 1, 1], "texture": "#0"},
				"east": {"uv": [0, 0, 6, 1], "texture": "#0"},
				"south": {"uv": [0, 0, 1, 1], "texture": "#0"},
				"west": {"uv": [0, 0, 6, 1], "texture": "#0"},
				"up": {"uv": [0, 0, 1, 6], "texture": "#0"},
				"down": {"uv": [0, 0, 1, 6], "texture": "#0"}
			}
		},
		{
			"from": [13, 15, 7],
			"to": [15, 16, 13],
			"faces": {
				"north": {"uv": [0, 0, 2, 1], "texture": "#0"},
				"east": {"uv": [0, 0, 6, 1], "texture": "#0"},
				"south": {"uv": [0, 0, 2, 1], "texture": "#0"},
				"west": {"uv": [0, 0, 6, 1], "texture": "#0"},
				"up": {"uv": [0, 0, 2, 6], "texture": "#0"},
				"down": {"uv": [0, 0, 2, 6], "texture": "#0"}
			}
		},
		{
			"from": [15.5, 14, 7],
			"to": [17.5, 15, 13],
			"faces": {
				"north": {"uv": [0, 0, 2, 1], "texture": "#0"},
				"east": {"uv": [0, 0, 6, 1], "texture": "#0"},
				"south": {"uv": [0, 0, 2, 1], "texture": "#0"},
				"west": {"uv": [0, 0, 6, 1], "texture": "#0"},
				"up": {"uv": [0, 0, 2, 6], "texture": "#0"},
				"down": {"uv": [0, 0, 2, 6], "texture": "#0"}
			}
		},
		{
			"from": [15, 16, 7],
			"to": [18, 17, 13],
			"faces": {
				"north": {"uv": [0, 0, 3, 1], "texture": "#0"},
				"east": {"uv": [0, 0, 6, 1], "texture": "#0"},
				"south": {"uv": [0, 0, 3, 1], "texture": "#0"},
				"west": {"uv": [0, 0, 6, 1], "texture": "#0"},
				"up": {"uv": [0, 0, 3, 6], "texture": "#0"},
				"down": {"uv": [0, 0, 3, 6], "texture": "#0"}
			}
		},
		{
			"from": [18, 15, 7],
			"to": [20, 16, 13],
			"faces": {
				"north": {"uv": [0, 0, 2, 1], "texture": "#0"},
				"east": {"uv": [0, 0, 6, 1], "texture": "#0"},
				"south": {"uv": [0, 0, 2, 1], "texture": "#0"},
				"west": {"uv": [0, 0, 6, 1], "texture": "#0"},
				"up": {"uv": [0, 0, 2, 6], "texture": "#0"},
				"down": {"uv": [0, 0, 2, 6], "texture": "#0"}
			}
		},
		{
			"from": [17.5, 13, 7],
			"to": [18.5, 14, 13],
			"faces": {
				"north": {"uv": [0, 0, 1, 1], "texture": "#0"},
				"east": {"uv": [0, 0, 6, 1], "texture": "#0"},
				"south": {"uv": [0, 0, 1, 1], "texture": "#0"},
				"west": {"uv": [0, 0, 6, 1], "texture": "#0"},
				"up": {"uv": [0, 0, 1, 6], "texture": "#0"},
				"down": {"uv": [0, 0, 1, 6], "texture": "#0"}
			}
		},
		{
			"from": [20, 14, 7],
			"to": [21, 15, 13],
			"faces": {
				"north": {"uv": [0, 0, 1, 1], "texture": "#0"},
				"east": {"uv": [0, 0, 6, 1], "texture": "#0"},
				"south": {"uv": [0, 0, 1, 1], "texture": "#0"},
				"west": {"uv": [0, 0, 6, 1], "texture": "#0"},
				"up": {"uv": [0, 0, 1, 6], "texture": "#0"},
				"down": {"uv": [0, 0, 1, 6], "texture": "#0"}
			}
		},
		{
			"from": [21, 12, 7],
			"to": [22, 14, 13],
			"faces": {
				"north": {"uv": [0, 0, 1, 2], "texture": "#0"},
				"east": {"uv": [0, 0, 6, 2], "texture": "#0"},
				"south": {"uv": [0, 0, 1, 2], "texture": "#0"},
				"west": {"uv": [0, 0, 6, 2], "texture": "#0"},
				"up": {"uv": [0, 0, 1, 6], "texture": "#0"},
				"down": {"uv": [0, 0, 1, 6], "texture": "#0"}
			}
		},
		{
			"from": [18.5, 10, 7],
			"to": [19.5, 13, 13],
			"faces": {
				"north": {"uv": [0, 0, 1, 3], "texture": "#0"},
				"east": {"uv": [0, 0, 6, 3], "texture": "#0"},
				"south": {"uv": [0, 0, 1, 3], "texture": "#0"},
				"west": {"uv": [0, 0, 6, 3], "texture": "#0"},
				"up": {"uv": [0, 0, 1, 6], "texture": "#0"},
				"down": {"uv": [0, 0, 1, 6], "texture": "#0"}
			}
		},
		{
			"from": [29, 1, 7],
			"to": [30, 2, 13],
			"faces": {
				"north": {"uv": [0, 0, 1, 2], "texture": "#0"},
				"east": {"uv": [0, 0, 6, 2], "texture": "#0"},
				"south": {"uv": [0, 0, 1, 2], "texture": "#0"},
				"west": {"uv": [0, 0, 6, 2], "texture": "#0"},
				"up": {"uv": [0, 0, 1, 6], "texture": "#0"},
				"down": {"uv": [0, 0, 1, 6], "texture": "#0"}
			}
		},
		{
			"from": [25, 0, 7],
			"to": [29, 1, 13],
			"faces": {
				"north": {"uv": [0, 0, 1, 2], "texture": "#0"},
				"east": {"uv": [0, 0, 6, 2], "texture": "#0"},
				"south": {"uv": [0, 0, 1, 2], "texture": "#0"},
				"west": {"uv": [0, 0, 6, 2], "texture": "#0"},
				"up": {"uv": [0, 0, 1, 6], "texture": "#0"},
				"down": {"uv": [0, 0, 1, 6], "texture": "#0"}
			}
		},
		{
			"from": [25, 4, 7],
			"to": [26, 5, 13],
			"faces": {
				"north": {"uv": [0, 0, 1, 2], "texture": "#0"},
				"east": {"uv": [0, 0, 6, 2], "texture": "#0"},
				"south": {"uv": [0, 0, 1, 2], "texture": "#0"},
				"west": {"uv": [0, 0, 6, 2], "texture": "#0"},
				"up": {"uv": [0, 0, 1, 6], "texture": "#0"},
				"down": {"uv": [0, 0, 1, 6], "texture": "#0"}
			}
		},
		{
			"from": [10, 6.5, 7],
			"to": [11, 7, 13],
			"faces": {
				"north": {"uv": [0, 0, 1, 0.5], "texture": "#0"},
				"east": {"uv": [0, 0, 6, 0.5], "texture": "#0"},
				"south": {"uv": [0, 0, 1, 0.5], "texture": "#0"},
				"west": {"uv": [0, 0, 6, 0.5], "texture": "#0"},
				"up": {"uv": [0, 0, 1, 6], "texture": "#0"},
				"down": {"uv": [0, 0, 1, 6], "texture": "#0"}
			}
		},
		{
			"from": [10, 4, 7],
			"to": [11, 5, 13],
			"faces": {
				"north": {"uv": [0, 0, 1, 1], "texture": "#0"},
				"east": {"uv": [0, 0, 6, 1], "texture": "#0"},
				"south": {"uv": [0, 0, 1, 1], "texture": "#0"},
				"west": {"uv": [0, 0, 6, 1], "texture": "#0"},
				"up": {"uv": [0, 0, 1, 6], "texture": "#0"},
				"down": {"uv": [0, 0, 1, 6], "texture": "#0"}
			}
		},
		{
			"from": [9, 5, 7],
			"to": [10, 6, 13],
			"faces": {
				"north": {"uv": [0, 0, 1, 1], "texture": "#0"},
				"east": {"uv": [0, 0, 6, 1], "texture": "#0"},
				"south": {"uv": [0, 0, 1, 1], "texture": "#0"},
				"west": {"uv": [0, 0, 6, 1], "texture": "#0"},
				"up": {"uv": [0, 0, 1, 6], "texture": "#0"},
				"down": {"uv": [0, 0, 1, 6], "texture": "#0"}
			}
		},
		{
			"from": [9.5, 7, 7],
			"to": [10, 8, 13],
			"faces": {
				"north": {"uv": [0, 0, 1, 0.5], "texture": "#0"},
				"east": {"uv": [0, 0, 6, 0.5], "texture": "#0"},
				"south": {"uv": [0, 0, 1, 0.5], "texture": "#0"},
				"west": {"uv": [0, 0, 6, 0.5], "texture": "#0"},
				"up": {"uv": [0, 0, 1, 6], "texture": "#0"},
				"down": {"uv": [0, 0, 1, 6], "texture": "#0"}
			}
		},
		{
			"from": [9, 8, 7],
			"to": [9.5, 8.5, 13],
			"faces": {
				"north": {"uv": [0, 0, 1, 0.5], "texture": "#0"},
				"east": {"uv": [0, 0, 6, 0.5], "texture": "#0"},
				"south": {"uv": [0, 0, 1, 0.5], "texture": "#0"},
				"west": {"uv": [0, 0, 6, 0.5], "texture": "#0"},
				"up": {"uv": [0, 0, 1, 6], "texture": "#0"},
				"down": {"uv": [0, 0, 1, 6], "texture": "#0"}
			}
		},
		{
			"from": [8, 8.5, 7],
			"to": [9, 11.5, 13],
			"faces": {
				"north": {"uv": [0, 0, 1, 1], "texture": "#0"},
				"east": {"uv": [0, 0, 6, 1], "texture": "#0"},
				"south": {"uv": [0, 0, 1, 1], "texture": "#0"},
				"west": {"uv": [0, 0, 6, 1], "texture": "#0"},
				"up": {"uv": [0, 0, 1, 6], "texture": "#0"},
				"down": {"uv": [0, 0, 1, 6], "texture": "#0"}
			}
		},
		{
			"from": [5, 8.5, 7],
			"to": [6, 11.5, 13],
			"faces": {
				"north": {"uv": [0, 0, 1, 1], "texture": "#0"},
				"east": {"uv": [0, 0, 6, 1], "texture": "#0"},
				"south": {"uv": [0, 0, 1, 1], "texture": "#0"},
				"west": {"uv": [0, 0, 6, 1], "texture": "#0"},
				"up": {"uv": [0, 0, 1, 6], "texture": "#0"},
				"down": {"uv": [0, 0, 1, 6], "texture": "#0"}
			}
		},
		{
			"from": [3, 15.5, 7],
			"to": [4, 19.5, 13],
			"faces": {
				"north": {"uv": [0, 0, 1, 1], "texture": "#0"},
				"east": {"uv": [0, 0, 6, 1], "texture": "#0"},
				"south": {"uv": [0, 0, 1, 1], "texture": "#0"},
				"west": {"uv": [0, 0, 6, 1], "texture": "#0"},
				"up": {"uv": [0, 0, 1, 6], "texture": "#0"},
				"down": {"uv": [0, 0, 1, 6], "texture": "#0"}
			}
		},
		{
			"from": [4, 11.5, 7],
			"to": [5, 15.5, 13],
			"faces": {
				"north": {"uv": [0, 0, 1, 1], "texture": "#0"},
				"east": {"uv": [0, 0, 6, 1], "texture": "#0"},
				"south": {"uv": [0, 0, 1, 1], "texture": "#0"},
				"west": {"uv": [0, 0, 6, 1], "texture": "#0"},
				"up": {"uv": [0, 0, 1, 6], "texture": "#0"},
				"down": {"uv": [0, 0, 1, 6], "texture": "#0"}
			}
		},
		{
			"from": [7, 11.5, 7],
			"to": [8, 15.5, 13],
			"faces": {
				"north": {"uv": [0, 0, 1, 1], "texture": "#0"},
				"east": {"uv": [0, 0, 6, 1], "texture": "#0"},
				"south": {"uv": [0, 0, 1, 1], "texture": "#0"},
				"west": {"uv": [0, 0, 6, 1], "texture": "#0"},
				"up": {"uv": [0, 0, 1, 6], "texture": "#0"},
				"down": {"uv": [0, 0, 1, 6], "texture": "#0"}
			}
		},
		{
			"from": [6, 15.5, 7],
			"to": [7, 19.5, 13],
			"faces": {
				"north": {"uv": [0, 0, 1, 1], "texture": "#0"},
				"east": {"uv": [0, 0, 6, 1], "texture": "#0"},
				"south": {"uv": [0, 0, 1, 1], "texture": "#0"},
				"west": {"uv": [0, 0, 6, 1], "texture": "#0"},
				"up": {"uv": [0, 0, 1, 6], "texture": "#0"},
				"down": {"uv": [0, 0, 1, 6], "texture": "#0"}
			}
		},
		{
			"from": [2, 19.5, 7],
			"to": [3, 24.5, 13],
			"faces": {
				"north": {"uv": [0, 0, 1, 1], "texture": "#0"},
				"east": {"uv": [0, 0, 6, 1], "texture": "#0"},
				"south": {"uv": [0, 0, 1, 1], "texture": "#0"},
				"west": {"uv": [0, 0, 6, 1], "texture": "#0"},
				"up": {"uv": [0, 0, 1, 6], "texture": "#0"},
				"down": {"uv": [0, 0, 1, 6], "texture": "#0"}
			}
		},
		{
			"from": [5, 19.5, 7],
			"to": [6, 24.5, 13],
			"faces": {
				"north": {"uv": [0, 0, 1, 1], "texture": "#0"},
				"east": {"uv": [0, 0, 6, 1], "texture": "#0"},
				"south": {"uv": [0, 0, 1, 1], "texture": "#0"},
				"west": {"uv": [0, 0, 6, 1], "texture": "#0"},
				"up": {"uv": [0, 0, 1, 6], "texture": "#0"},
				"down": {"uv": [0, 0, 1, 6], "texture": "#0"}
			}
		},
		{
			"from": [3, 24.5, 7],
			"to": [5, 25.5, 13],
			"faces": {
				"north": {"uv": [0, 0, 1, 1], "texture": "#0"},
				"east": {"uv": [0, 0, 6, 1], "texture": "#0"},
				"south": {"uv": [0, 0, 1, 1], "texture": "#0"},
				"west": {"uv": [0, 0, 6, 1], "texture": "#0"},
				"up": {"uv": [0, 0, 1, 6], "texture": "#0"},
				"down": {"uv": [0, 0, 1, 6], "texture": "#0"}
			}
		},
		{
			"from": [4, 7.5, 7],
			"to": [5, 8.5, 13],
			"faces": {
				"north": {"uv": [0, 0, 1, 1], "texture": "#0"},
				"east": {"uv": [0, 0, 6, 1], "texture": "#0"},
				"south": {"uv": [0, 0, 1, 1], "texture": "#0"},
				"west": {"uv": [0, 0, 6, 1], "texture": "#0"},
				"up": {"uv": [0, 0, 1, 6], "texture": "#0"},
				"down": {"uv": [0, 0, 1, 6], "texture": "#0"}
			}
		},
		{
			"from": [2, 6.5, 7],
			"to": [4, 7.5, 13],
			"faces": {
				"north": {"uv": [0, 0, 1, 1], "texture": "#0"},
				"east": {"uv": [0, 0, 6, 1], "texture": "#0"},
				"south": {"uv": [0, 0, 1, 1], "texture": "#0"},
				"west": {"uv": [0, 0, 6, 1], "texture": "#0"},
				"up": {"uv": [0, 0, 1, 6], "texture": "#0"},
				"down": {"uv": [0, 0, 1, 6], "texture": "#0"}
			}
		},
		{
			"from": [1, 7.5, 7],
			"to": [2, 8.5, 13],
			"faces": {
				"north": {"uv": [0, 0, 1, 1], "texture": "#0"},
				"east": {"uv": [0, 0, 6, 1], "texture": "#0"},
				"south": {"uv": [0, 0, 1, 1], "texture": "#0"},
				"west": {"uv": [0, 0, 6, 1], "texture": "#0"},
				"up": {"uv": [0, 0, 1, 6], "texture": "#0"},
				"down": {"uv": [0, 0, 1, 6], "texture": "#0"}
			}
		},
		{
			"from": [0, 8.5, 7],
			"to": [1, 11.5, 13],
			"faces": {
				"north": {"uv": [0, 0, 1, 1], "texture": "#0"},
				"east": {"uv": [0, 0, 6, 1], "texture": "#0"},
				"south": {"uv": [0, 0, 1, 1], "texture": "#0"},
				"west": {"uv": [0, 0, 6, 1], "texture": "#0"},
				"up": {"uv": [0, 0, 1, 6], "texture": "#0"},
				"down": {"uv": [0, 0, 1, 6], "texture": "#0"}
			}
		},
		{
			"from": [7, 6, 7],
			"to": [9, 7, 13],
			"faces": {
				"north": {"uv": [0, 0, 1, 1], "texture": "#0"},
				"east": {"uv": [0, 0, 6, 1], "texture": "#0"},
				"south": {"uv": [0, 0, 1, 1], "texture": "#0"},
				"west": {"uv": [0, 0, 6, 1], "texture": "#0"},
				"up": {"uv": [0, 0, 1, 6], "texture": "#0"},
				"down": {"uv": [0, 0, 1, 6], "texture": "#0"}
			}
		},
		{
			"from": [6, 5, 7],
			"to": [7, 6, 13],
			"faces": {
				"north": {"uv": [0, 0, 1, 1], "texture": "#0"},
				"east": {"uv": [0, 0, 6, 1], "texture": "#0"},
				"south": {"uv": [0, 0, 1, 1], "texture": "#0"},
				"west": {"uv": [0, 0, 6, 1], "texture": "#0"},
				"up": {"uv": [0, 0, 1, 6], "texture": "#0"},
				"down": {"uv": [0, 0, 1, 6], "texture": "#0"}
			}
		},
		{
			"from": [2, 4, 7],
			"to": [6, 5, 13],
			"faces": {
				"north": {"uv": [0, 0, 1, 1], "texture": "#0"},
				"east": {"uv": [0, 0, 6, 1], "texture": "#0"},
				"south": {"uv": [0, 0, 1, 1], "texture": "#0"},
				"west": {"uv": [0, 0, 6, 1], "texture": "#0"},
				"up": {"uv": [0, 0, 1, 6], "texture": "#0"},
				"down": {"uv": [0, 0, 1, 6], "texture": "#0"}
			}
		},
		{
			"from": [1, 4.9, 7],
			"to": [2, 5.9, 13],
			"faces": {
				"north": {"uv": [0, 0, 1, 1], "texture": "#0"},
				"east": {"uv": [0, 0, 6, 1], "texture": "#0"},
				"south": {"uv": [0, 0, 1, 1], "texture": "#0"},
				"west": {"uv": [0, 0, 6, 1], "texture": "#0"},
				"up": {"uv": [0, 0, 1, 6], "texture": "#0"},
				"down": {"uv": [0, 0, 1, 6], "texture": "#0"}
			}
		},
		{
			"from": [0, 5.9, 7],
			"to": [1, 6.9, 13],
			"faces": {
				"north": {"uv": [0, 0, 1, 1], "texture": "#0"},
				"east": {"uv": [0, 0, 6, 1], "texture": "#0"},
				"south": {"uv": [0, 0, 1, 1], "texture": "#0"},
				"west": {"uv": [0, 0, 6, 1], "texture": "#0"},
				"up": {"uv": [0, 0, 1, 6], "texture": "#0"},
				"down": {"uv": [0, 0, 1, 6], "texture": "#0"}
			}
		},
		{
			"from": [-1, 6.9, 7],
			"to": [0, 7.9, 13],
			"faces": {
				"north": {"uv": [0, 0, 1, 1], "texture": "#0"},
				"east": {"uv": [0, 0, 6, 1], "texture": "#0"},
				"south": {"uv": [0, 0, 1, 1], "texture": "#0"},
				"west": {"uv": [0, 0, 6, 1], "texture": "#0"},
				"up": {"uv": [0, 0, 1, 6], "texture": "#0"},
				"down": {"uv": [0, 0, 1, 6], "texture": "#0"}
			}
		},
		{
			"from": [-2, 7.9, 7],
			"to": [-1, 10.5, 13],
			"faces": {
				"north": {"uv": [0, 0, 1, 1], "texture": "#0"},
				"east": {"uv": [0, 0, 6, 1], "texture": "#0"},
				"south": {"uv": [0, 0, 1, 1], "texture": "#0"},
				"west": {"uv": [0, 0, 6, 1], "texture": "#0"},
				"up": {"uv": [0, 0, 1, 6], "texture": "#0"},
				"down": {"uv": [0, 0, 1, 6], "texture": "#0"}
			}
		},
		{
			"from": [0, 8.5, 7],
			"to": [1, 11.5, 13],
			"faces": {
				"north": {"uv": [0, 0, 1, 1], "texture": "#0"},
				"east": {"uv": [0, 0, 6, 1], "texture": "#0"},
				"south": {"uv": [0, 0, 1, 1], "texture": "#0"},
				"west": {"uv": [0, 0, 6, 1], "texture": "#0"},
				"up": {"uv": [0, 0, 1, 6], "texture": "#0"},
				"down": {"uv": [0, 0, 1, 6], "texture": "#0"}
			}
		},
		{
			"from": [-1, 11.5, 7],
			"to": [0, 14, 13],
			"faces": {
				"north": {"uv": [0, 0, 1, 1], "texture": "#0"},
				"east": {"uv": [0, 0, 6, 1], "texture": "#0"},
				"south": {"uv": [0, 0, 1, 1], "texture": "#0"},
				"west": {"uv": [0, 0, 6, 1], "texture": "#0"},
				"up": {"uv": [0, 0, 1, 6], "texture": "#0"},
				"down": {"uv": [0, 0, 1, 6], "texture": "#0"}
			}
		},
		{
			"from": [-3, 10.5, 7],
			"to": [-2, 13.1, 13],
			"faces": {
				"north": {"uv": [0, 0, 1, 1], "texture": "#0"},
				"east": {"uv": [0, 0, 6, 1], "texture": "#0"},
				"south": {"uv": [0, 0, 1, 1], "texture": "#0"},
				"west": {"uv": [0, 0, 6, 1], "texture": "#0"},
				"up": {"uv": [0, 0, 1, 6], "texture": "#0"},
				"down": {"uv": [0, 0, 1, 6], "texture": "#0"}
			}
		},
		{
			"from": [-2, 13.1, 7],
			"to": [-1.5, 14, 13],
			"faces": {
				"north": {"uv": [0, 0, 1, 1], "texture": "#0"},
				"east": {"uv": [0, 0, 6, 1], "texture": "#0"},
				"south": {"uv": [0, 0, 1, 1], "texture": "#0"},
				"west": {"uv": [0, 0, 6, 1], "texture": "#0"},
				"up": {"uv": [0, 0, 1, 6], "texture": "#0"},
				"down": {"uv": [0, 0, 1, 6], "texture": "#0"}
			}
		},
		{
			"from": [-1.5, 14, 7],
			"to": [-1, 14.5, 13],
			"faces": {
				"north": {"uv": [0, 0, 1, 1], "texture": "#0"},
				"east": {"uv": [0, 0, 6, 1], "texture": "#0"},
				"south": {"uv": [0, 0, 1, 1], "texture": "#0"},
				"west": {"uv": [0, 0, 6, 1], "texture": "#0"},
				"up": {"uv": [0, 0, 1, 6], "texture": "#0"},
				"down": {"uv": [0, 0, 1, 6], "texture": "#0"}
			}
		},
		{
			"from": [23, 20, 8],
			"to": [26, 22, 13],
			"faces": {
				"north": {"uv": [10.33846, 11.81538, 13.32308, 13.56923], "texture": "#1"},
				"east": {"uv": [0, 0, 2, 2], "texture": "#1"},
				"south": {"uv": [0, 0, 2, 2], "texture": "#0"},
				"west": {"uv": [0, 0, 2, 2], "texture": "#1"},
				"up": {"uv": [0, 0, 2, 2], "texture": "#1"},
				"down": {"uv": [0, 0, 2, 2], "texture": "#1"}
			}
		},
		{
			"from": [24, 19, 8],
			"to": [27, 20, 13],
			"faces": {
				"north": {"uv": [9.84615, 11.32308, 13.32308, 13.56923], "texture": "#1"},
				"east": {"uv": [0, 0, 2, 2], "texture": "#1"},
				"south": {"uv": [0, 0, 2, 2], "texture": "#0"},
				"west": {"uv": [0, 0, 2, 2], "texture": "#1"},
				"up": {"uv": [0, 0, 2, 2], "texture": "#1"},
				"down": {"uv": [0, 0, 2, 2], "texture": "#1"}
			}
		},
		{
			"from": [23, 18.5, 8],
			"to": [28, 19, 13],
			"faces": {
				"north": {"uv": [10.58462, 11.32308, 13.32308, 13.56923], "texture": "#1"},
				"east": {"uv": [0, 0, 2, 2], "texture": "#1"},
				"south": {"uv": [0, 0, 2, 2], "texture": "#0"},
				"west": {"uv": [0, 0, 2, 2], "texture": "#1"},
				"up": {"uv": [0, 0, 2, 2], "texture": "#1"},
				"down": {"uv": [0, 0, 2, 2], "texture": "#1"}
			}
		},
		{
			"from": [20, 18, 8],
			"to": [31, 18.5, 13],
			"faces": {
				"north": {"uv": [10.58462, 11.81538, 13.32308, 13.56923], "texture": "#1"},
				"east": {"uv": [0, 0, 2, 2], "texture": "#1"},
				"south": {"uv": [0, 0, 2, 2], "texture": "#0"},
				"west": {"uv": [0, 0, 2, 2], "texture": "#1"},
				"up": {"uv": [0, 0, 2, 2], "texture": "#1"},
				"down": {"uv": [0, 0, 2, 2], "texture": "#1"}
			}
		},
		{
			"from": [23, 17.5, 8],
			"to": [28, 18, 13],
			"faces": {
				"north": {"uv": [11.07692, 11.07692, 13.32308, 13.56923], "texture": "#1"},
				"east": {"uv": [0, 0, 2, 2], "texture": "#1"},
				"south": {"uv": [0, 0, 2, 2], "texture": "#0"},
				"west": {"uv": [0, 0, 2, 2], "texture": "#1"},
				"up": {"uv": [0, 0, 2, 2], "texture": "#1"},
				"down": {"uv": [0, 0, 2, 2], "texture": "#1"}
			}
		},
		{
			"from": [24, 16, 8],
			"to": [27, 17.5, 13],
			"faces": {
				"north": {"uv": [9.84615, 11.32308, 13.32308, 13.56923], "texture": "#1"},
				"east": {"uv": [0, 0, 2, 2], "texture": "#1"},
				"south": {"uv": [0, 0, 2, 2], "texture": "#0"},
				"west": {"uv": [0, 0, 2, 2], "texture": "#1"},
				"up": {"uv": [0, 0, 2, 2], "texture": "#1"},
				"down": {"uv": [0, 0, 2, 2], "texture": "#1"}
			}
		},
		{
			"from": [25, 12, 8],
			"to": [28, 16, 13],
			"faces": {
				"north": {"uv": [9.84615, 11.32308, 13.32308, 13.56923], "texture": "#1"},
				"east": {"uv": [0, 0, 2, 2], "texture": "#1"},
				"south": {"uv": [0, 0, 2, 2], "texture": "#0"},
				"west": {"uv": [0, 0, 2, 2], "texture": "#1"},
				"up": {"uv": [0, 0, 2, 2], "texture": "#1"},
				"down": {"uv": [0, 0, 2, 2], "texture": "#1"}
			}
		},
		{
			"from": [26, 11, 8],
			"to": [29, 12, 13],
			"faces": {
				"north": {"uv": [9.84615, 11.32308, 13.32308, 13.56923], "texture": "#1"},
				"east": {"uv": [0, 0, 2, 2], "texture": "#1"},
				"south": {"uv": [0, 0, 2, 2], "texture": "#0"},
				"west": {"uv": [0, 0, 2, 2], "texture": "#1"},
				"up": {"uv": [0, 0, 2, 2], "texture": "#1"},
				"down": {"uv": [0, 0, 2, 2], "texture": "#1"}
			}
		},
		{
			"from": [26, 9, 8],
			"to": [32, 10, 13],
			"faces": {
				"north": {"uv": [9.84615, 11.32308, 13.32308, 13.56923], "texture": "#1"},
				"east": {"uv": [0, 0, 2, 2], "texture": "#1"},
				"south": {"uv": [0, 0, 2, 2], "texture": "#0"},
				"west": {"uv": [0, 0, 2, 2], "texture": "#1"},
				"up": {"uv": [0, 0, 2, 2], "texture": "#1"},
				"down": {"uv": [0, 0, 2, 2], "texture": "#1"}
			}
		},
		{
			"from": [26, 10, 8],
			"to": [30, 11, 13],
			"faces": {
				"north": {"uv": [9.84615, 11.32308, 13.32308, 13.56923], "texture": "#1"},
				"east": {"uv": [0, 0, 2, 2], "texture": "#1"},
				"south": {"uv": [0, 0, 2, 2], "texture": "#0"},
				"west": {"uv": [0, 0, 2, 2], "texture": "#1"},
				"up": {"uv": [0, 0, 2, 2], "texture": "#1"},
				"down": {"uv": [0, 0, 2, 2], "texture": "#1"}
			}
		},
		{
			"from": [26, 8, 8],
			"to": [30, 9, 13],
			"faces": {
				"north": {"uv": [9.84615, 11.32308, 13.32308, 13.56923], "texture": "#1"},
				"east": {"uv": [0, 0, 2, 2], "texture": "#1"},
				"south": {"uv": [0, 0, 2, 2], "texture": "#0"},
				"west": {"uv": [0, 0, 2, 2], "texture": "#1"},
				"up": {"uv": [0, 0, 2, 2], "texture": "#1"},
				"down": {"uv": [0, 0, 2, 2], "texture": "#1"}
			}
		},
		{
			"from": [27, 5, 8],
			"to": [29, 8, 13],
			"faces": {
				"north": {"uv": [9.84615, 11.32308, 13.32308, 13.56923], "texture": "#1"},
				"east": {"uv": [0, 0, 2, 2], "texture": "#1"},
				"south": {"uv": [0, 0, 2, 2], "texture": "#0"},
				"west": {"uv": [0, 0, 2, 2], "texture": "#1"},
				"up": {"uv": [0, 0, 2, 2], "texture": "#1"},
				"down": {"uv": [0, 0, 2, 2], "texture": "#1"}
			}
		},
		{
			"from": [26, 2, 8],
			"to": [30, 5, 13],
			"faces": {
				"north": {"uv": [9.84615, 11.32308, 13.32308, 13.56923], "texture": "#1"},
				"east": {"uv": [0, 0, 2, 2], "texture": "#1"},
				"south": {"uv": [0, 0, 2, 2], "texture": "#0"},
				"west": {"uv": [0, 0, 2, 2], "texture": "#1"},
				"up": {"uv": [0, 0, 2, 2], "texture": "#1"},
				"down": {"uv": [0, 0, 2, 2], "texture": "#1"}
			}
		},
		{
			"from": [25, 1, 8],
			"to": [29, 2, 13],
			"faces": {
				"north": {"uv": [9.84615, 11.32308, 13.32308, 13.56923], "texture": "#1"},
				"east": {"uv": [0, 0, 2, 2], "texture": "#1"},
				"south": {"uv": [0, 0, 2, 2], "texture": "#0"},
				"west": {"uv": [0, 0, 2, 2], "texture": "#1"},
				"up": {"uv": [0, 0, 2, 2], "texture": "#1"},
				"down": {"uv": [0, 0, 2, 2], "texture": "#1"}
			}
		},
		{
			"from": [24, 2, 8],
			"to": [26, 4, 13],
			"faces": {
				"north": {"uv": [9.84615, 11.32308, 13.32308, 13.56923], "texture": "#1"},
				"east": {"uv": [0, 0, 2, 2], "texture": "#1"},
				"south": {"uv": [0, 0, 2, 2], "texture": "#0"},
				"west": {"uv": [0, 0, 2, 2], "texture": "#1"},
				"up": {"uv": [0, 0, 2, 2], "texture": "#1"},
				"down": {"uv": [0, 0, 2, 2], "texture": "#1"}
			}
		},
		{
			"from": [23, 3, 8],
			"to": [24, 5, 13],
			"faces": {
				"north": {"uv": [9.84615, 11.32308, 13.32308, 13.56923], "texture": "#1"},
				"east": {"uv": [0, 0, 2, 2], "texture": "#1"},
				"south": {"uv": [0, 0, 2, 2], "texture": "#0"},
				"west": {"uv": [0, 0, 2, 2], "texture": "#1"},
				"up": {"uv": [0, 0, 2, 2], "texture": "#1"},
				"down": {"uv": [0, 0, 2, 2], "texture": "#1"}
			}
		},
		{
			"from": [22, 4, 8],
			"to": [23, 6, 13],
			"faces": {
				"north": {"uv": [9.84615, 11.32308, 13.32308, 13.56923], "texture": "#1"},
				"east": {"uv": [0, 0, 2, 2], "texture": "#1"},
				"south": {"uv": [0, 0, 2, 2], "texture": "#0"},
				"west": {"uv": [0, 0, 2, 2], "texture": "#1"},
				"up": {"uv": [0, 0, 2, 2], "texture": "#1"},
				"down": {"uv": [0, 0, 2, 2], "texture": "#1"}
			}
		},
		{
			"from": [21.5, 4.5, 8],
			"to": [22, 6, 13],
			"faces": {
				"north": {"uv": [9.84615, 11.32308, 13.32308, 13.56923], "texture": "#1"},
				"east": {"uv": [0, 0, 2, 2], "texture": "#1"},
				"south": {"uv": [0, 0, 2, 2], "texture": "#0"},
				"west": {"uv": [0, 0, 2, 2], "texture": "#1"},
				"up": {"uv": [0, 0, 2, 2], "texture": "#1"},
				"down": {"uv": [0, 0, 2, 2], "texture": "#1"}
			}
		},
		{
			"from": [21, 5, 8],
			"to": [21.5, 6, 13],
			"faces": {
				"north": {"uv": [9.84615, 11.32308, 13.32308, 13.56923], "texture": "#1"},
				"east": {"uv": [0, 0, 2, 2], "texture": "#1"},
				"south": {"uv": [0, 0, 2, 2], "texture": "#0"},
				"west": {"uv": [0, 0, 2, 2], "texture": "#1"},
				"up": {"uv": [0, 0, 2, 2], "texture": "#1"},
				"down": {"uv": [0, 0, 2, 2], "texture": "#1"}
			}
		},
		{
			"from": [14.5, 7, 8],
			"to": [15.5, 9, 13],
			"faces": {
				"north": {"uv": [5.90769, 9.84615, 11.07692, 14.76923], "texture": "#1"},
				"east": {"uv": [5.90769, 9.84615, 10.83077, 14.03077], "texture": "#1"},
				"south": {"uv": [5.90769, 9.84615, 11.07692, 14.03077], "texture": "#0"},
				"west": {"uv": [5.90769, 9.84615, 11.07692, 14.27692], "texture": "#1"},
				"up": {"uv": [5.90769, 9.84615, 11.07692, 14.76923], "texture": "#1"},
				"down": {"uv": [5.90769, 9.84615, 11.07692, 14.76923], "texture": "#1"}
			}
		},
		{
			"from": [15.5, 7, 8],
			"to": [17, 8, 13],
			"faces": {
				"north": {"uv": [5.90769, 9.84615, 11.07692, 14.76923], "texture": "#1"},
				"east": {"uv": [5.90769, 9.84615, 10.83077, 14.03077], "texture": "#1"},
				"south": {"uv": [5.90769, 9.84615, 11.07692, 14.03077], "texture": "#0"},
				"west": {"uv": [5.90769, 9.84615, 11.07692, 14.27692], "texture": "#1"},
				"up": {"uv": [5.90769, 9.84615, 11.07692, 14.76923], "texture": "#1"},
				"down": {"uv": [5.90769, 9.84615, 11.07692, 14.76923], "texture": "#1"}
			}
		},
		{
			"from": [13.5, 8, 8],
			"to": [14.5, 10, 13],
			"faces": {
				"north": {"uv": [5.90769, 9.84615, 11.07692, 14.76923], "texture": "#1"},
				"east": {"uv": [5.90769, 9.84615, 10.83077, 14.03077], "texture": "#1"},
				"south": {"uv": [5.90769, 9.84615, 11.07692, 14.03077], "texture": "#0"},
				"west": {"uv": [5.90769, 9.84615, 11.07692, 14.27692], "texture": "#1"},
				"up": {"uv": [5.90769, 9.84615, 11.07692, 14.76923], "texture": "#1"},
				"down": {"uv": [5.90769, 9.84615, 11.07692, 14.76923], "texture": "#1"}
			}
		},
		{
			"from": [12, 8, 8],
			"to": [13.5, 13, 13],
			"faces": {
				"north": {"uv": [5.90769, 9.84615, 11.07692, 14.76923], "texture": "#1"},
				"east": {"uv": [5.90769, 9.84615, 10.83077, 14.03077], "texture": "#1"},
				"south": {"uv": [5.90769, 9.84615, 11.07692, 14.03077], "texture": "#0"},
				"west": {"uv": [5.90769, 9.84615, 11.07692, 14.27692], "texture": "#1"},
				"up": {"uv": [5.90769, 9.84615, 11.07692, 14.76923], "texture": "#1"},
				"down": {"uv": [5.90769, 9.84615, 11.07692, 14.76923], "texture": "#1"}
			}
		},
		{
			"from": [14, 7, 8],
			"to": [14.5, 8, 13],
			"faces": {
				"north": {"uv": [5.90769, 9.84615, 11.07692, 14.76923], "texture": "#1"},
				"east": {"uv": [5.90769, 9.84615, 10.83077, 14.03077], "texture": "#1"},
				"south": {"uv": [5.90769, 9.84615, 11.07692, 14.03077], "texture": "#0"},
				"west": {"uv": [5.90769, 9.84615, 11.07692, 14.27692], "texture": "#1"},
				"up": {"uv": [5.90769, 9.84615, 11.07692, 14.76923], "texture": "#1"},
				"down": {"uv": [5.90769, 9.84615, 11.07692, 14.76923], "texture": "#1"}
			}
		},
		{
			"from": [11, 9, 8],
			"to": [12, 11.8, 13],
			"faces": {
				"north": {"uv": [5.90769, 9.84615, 11.07692, 14.76923], "texture": "#1"},
				"east": {"uv": [5.90769, 9.84615, 10.83077, 14.03077], "texture": "#1"},
				"south": {"uv": [5.90769, 9.84615, 11.07692, 14.03077], "texture": "#0"},
				"west": {"uv": [5.90769, 9.84615, 11.07692, 14.27692], "texture": "#1"},
				"up": {"uv": [5.90769, 9.84615, 11.07692, 14.76923], "texture": "#1"},
				"down": {"uv": [5.90769, 9.84615, 11.07692, 14.76923], "texture": "#1"}
			}
		},
		{
			"from": [12, 13, 8],
			"to": [14.5, 14, 13],
			"faces": {
				"north": {"uv": [5.90769, 9.84615, 11.07692, 14.76923], "texture": "#1"},
				"east": {"uv": [5.90769, 9.84615, 10.83077, 14.03077], "texture": "#1"},
				"south": {"uv": [5.90769, 9.84615, 11.07692, 14.03077], "texture": "#0"},
				"west": {"uv": [5.90769, 9.84615, 11.07692, 14.27692], "texture": "#1"},
				"up": {"uv": [5.90769, 9.84615, 11.07692, 14.76923], "texture": "#1"},
				"down": {"uv": [5.90769, 9.84615, 11.07692, 14.76923], "texture": "#1"}
			}
		},
		{
			"from": [13, 14, 8],
			"to": [15.5, 15, 13],
			"faces": {
				"north": {"uv": [5.90769, 9.84615, 11.07692, 14.76923], "texture": "#1"},
				"east": {"uv": [5.90769, 9.84615, 10.83077, 14.03077], "texture": "#1"},
				"south": {"uv": [5.90769, 9.84615, 11.07692, 14.03077], "texture": "#0"},
				"west": {"uv": [5.90769, 9.84615, 11.07692, 14.27692], "texture": "#1"},
				"up": {"uv": [5.90769, 9.84615, 11.07692, 14.76923], "texture": "#1"},
				"down": {"uv": [5.90769, 9.84615, 11.07692, 14.76923], "texture": "#1"}
			}
		},
		{
			"from": [15, 15, 8],
			"to": [18, 16, 13],
			"faces": {
				"north": {"uv": [5.90769, 9.84615, 11.07692, 14.76923], "texture": "#1"},
				"east": {"uv": [5.90769, 9.84615, 10.83077, 14.03077], "texture": "#1"},
				"south": {"uv": [5.90769, 9.84615, 11.07692, 14.03077], "texture": "#0"},
				"west": {"uv": [5.90769, 9.84615, 11.07692, 14.27692], "texture": "#1"},
				"up": {"uv": [5.90769, 9.84615, 11.07692, 14.76923], "texture": "#1"},
				"down": {"uv": [5.90769, 9.84615, 11.07692, 14.76923], "texture": "#1"}
			}
		},
		{
			"from": [17.5, 14, 8],
			"to": [20, 15, 13],
			"faces": {
				"north": {"uv": [5.90769, 9.84615, 11.07692, 14.76923], "texture": "#1"},
				"east": {"uv": [5.90769, 9.84615, 10.83077, 14.03077], "texture": "#1"},
				"south": {"uv": [5.90769, 9.84615, 11.07692, 14.03077], "texture": "#0"},
				"west": {"uv": [5.90769, 9.84615, 11.07692, 14.27692], "texture": "#1"},
				"up": {"uv": [5.90769, 9.84615, 11.07692, 14.76923], "texture": "#1"},
				"down": {"uv": [5.90769, 9.84615, 11.07692, 14.76923], "texture": "#1"}
			}
		},
		{
			"from": [18.5, 13, 8],
			"to": [19.5, 14, 13],
			"faces": {
				"north": {"uv": [5.90769, 9.84615, 11.07692, 14.76923], "texture": "#1"},
				"east": {"uv": [5.90769, 9.84615, 10.83077, 14.03077], "texture": "#1"},
				"south": {"uv": [5.90769, 9.84615, 11.07692, 14.03077], "texture": "#0"},
				"west": {"uv": [5.90769, 9.84615, 11.07692, 14.27692], "texture": "#1"},
				"up": {"uv": [5.90769, 9.84615, 11.07692, 14.76923], "texture": "#1"},
				"down": {"uv": [5.90769, 9.84615, 11.07692, 14.76923], "texture": "#1"}
			}
		},
		{
			"from": [19.5, 12, 8],
			"to": [21, 14, 13],
			"faces": {
				"north": {"uv": [5.90769, 9.84615, 11.07692, 14.76923], "texture": "#1"},
				"east": {"uv": [5.90769, 9.84615, 10.83077, 14.03077], "texture": "#1"},
				"south": {"uv": [5.90769, 9.84615, 11.07692, 14.03077], "texture": "#0"},
				"west": {"uv": [5.90769, 9.84615, 11.07692, 14.27692], "texture": "#1"},
				"up": {"uv": [5.90769, 9.84615, 11.07692, 14.76923], "texture": "#1"},
				"down": {"uv": [5.90769, 9.84615, 11.07692, 14.76923], "texture": "#1"}
			}
		},
		{
			"from": [19.4, 9.9, 8],
			"to": [22, 12, 13],
			"faces": {
				"north": {"uv": [5.90769, 9.84615, 11.07692, 14.76923], "texture": "#1"},
				"east": {"uv": [5.90769, 9.84615, 10.83077, 14.03077], "texture": "#1"},
				"south": {"uv": [5.90769, 9.84615, 11.07692, 14.03077], "texture": "#0"},
				"west": {"uv": [5.90769, 9.84615, 11.07692, 14.27692], "texture": "#1"},
				"up": {"uv": [5.90769, 9.84615, 11.07692, 14.76923], "texture": "#1"},
				"down": {"uv": [5.90769, 9.84615, 11.07692, 14.76923], "texture": "#1"}
			}
		},
		{
			"from": [18.5, 9, 8],
			"to": [22, 9.9, 13],
			"faces": {
				"north": {"uv": [5.90769, 9.84615, 11.07692, 14.76923], "texture": "#1"},
				"east": {"uv": [5.90769, 9.84615, 10.83077, 14.03077], "texture": "#1"},
				"south": {"uv": [5.90769, 9.84615, 11.07692, 14.03077], "texture": "#0"},
				"west": {"uv": [5.90769, 9.84615, 11.07692, 14.27692], "texture": "#1"},
				"up": {"uv": [5.90769, 9.84615, 11.07692, 14.76923], "texture": "#1"},
				"down": {"uv": [5.90769, 9.84615, 11.07692, 14.76923], "texture": "#1"}
			}
		},
		{
			"from": [18, 6, 8],
			"to": [21, 9, 13],
			"faces": {
				"north": {"uv": [5.90769, 9.84615, 11.07692, 14.76923], "texture": "#1"},
				"east": {"uv": [5.90769, 9.84615, 10.83077, 14.03077], "texture": "#1"},
				"south": {"uv": [5.90769, 9.84615, 11.07692, 14.03077], "texture": "#0"},
				"west": {"uv": [5.90769, 9.84615, 11.07692, 14.27692], "texture": "#1"},
				"up": {"uv": [5.90769, 9.84615, 11.07692, 14.76923], "texture": "#1"},
				"down": {"uv": [5.90769, 9.84615, 11.07692, 14.76923], "texture": "#1"}
			}
		},
		{
			"from": [17.5, 8, 8],
			"to": [18, 9, 13],
			"faces": {
				"north": {"uv": [5.90769, 9.84615, 11.07692, 14.76923], "texture": "#1"},
				"east": {"uv": [5.90769, 9.84615, 10.83077, 14.03077], "texture": "#1"},
				"south": {"uv": [5.90769, 9.84615, 11.07692, 14.03077], "texture": "#0"},
				"west": {"uv": [5.90769, 9.84615, 11.07692, 14.27692], "texture": "#1"},
				"up": {"uv": [5.90769, 9.84615, 11.07692, 14.76923], "texture": "#1"},
				"down": {"uv": [5.90769, 9.84615, 11.07692, 14.76923], "texture": "#1"}
			}
		},
		{
			"from": [17, 4.5, 8],
			"to": [20, 6, 13],
			"faces": {
				"north": {"uv": [5.90769, 9.84615, 11.07692, 14.76923], "texture": "#1"},
				"east": {"uv": [5.90769, 9.84615, 10.83077, 14.03077], "texture": "#1"},
				"south": {"uv": [5.90769, 9.84615, 11.07692, 14.03077], "texture": "#0"},
				"west": {"uv": [5.90769, 9.84615, 11.07692, 14.27692], "texture": "#1"},
				"up": {"uv": [5.90769, 9.84615, 11.07692, 14.76923], "texture": "#1"},
				"down": {"uv": [5.90769, 9.84615, 11.07692, 14.76923], "texture": "#1"}
			}
		},
		{
			"from": [16, 4, 8],
			"to": [20, 4.5, 13],
			"faces": {
				"north": {"uv": [5.90769, 9.84615, 11.07692, 14.76923], "texture": "#1"},
				"east": {"uv": [5.90769, 9.84615, 10.83077, 14.03077], "texture": "#1"},
				"south": {"uv": [5.90769, 9.84615, 11.07692, 14.03077], "texture": "#0"},
				"west": {"uv": [5.90769, 9.84615, 11.07692, 14.27692], "texture": "#1"},
				"up": {"uv": [5.90769, 9.84615, 11.07692, 14.76923], "texture": "#1"},
				"down": {"uv": [5.90769, 9.84615, 11.07692, 14.76923], "texture": "#1"}
			}
		},
		{
			"from": [12, 3, 8],
			"to": [19, 4, 13],
			"faces": {
				"north": {"uv": [5.90769, 9.84615, 11.07692, 14.76923], "texture": "#1"},
				"east": {"uv": [5.90769, 9.84615, 10.83077, 14.03077], "texture": "#1"},
				"south": {"uv": [5.90769, 9.84615, 11.07692, 14.03077], "texture": "#0"},
				"west": {"uv": [5.90769, 9.84615, 11.07692, 14.27692], "texture": "#1"},
				"up": {"uv": [5.90769, 9.84615, 11.07692, 14.76923], "texture": "#1"},
				"down": {"uv": [5.90769, 9.84615, 11.07692, 14.76923], "texture": "#1"}
			}
		},
		{
			"from": [14, 2, 8],
			"to": [17, 3, 13],
			"faces": {
				"north": {"uv": [5.90769, 9.84615, 11.07692, 14.76923], "texture": "#1"},
				"east": {"uv": [5.90769, 9.84615, 10.83077, 14.03077], "texture": "#1"},
				"south": {"uv": [5.90769, 9.84615, 11.07692, 14.03077], "texture": "#0"},
				"west": {"uv": [5.90769, 9.84615, 11.07692, 14.27692], "texture": "#1"},
				"up": {"uv": [5.90769, 9.84615, 11.07692, 14.76923], "texture": "#1"},
				"down": {"uv": [5.90769, 9.84615, 11.07692, 14.76923], "texture": "#1"}
			}
		},
		{
			"from": [12, 4, 8],
			"to": [15, 4.5, 13],
			"faces": {
				"north": {"uv": [5.90769, 9.84615, 11.07692, 14.76923], "texture": "#1"},
				"east": {"uv": [5.90769, 9.84615, 10.83077, 14.03077], "texture": "#1"},
				"south": {"uv": [5.90769, 9.84615, 11.07692, 14.03077], "texture": "#0"},
				"west": {"uv": [5.90769, 9.84615, 11.07692, 14.27692], "texture": "#1"},
				"up": {"uv": [5.90769, 9.84615, 11.07692, 14.76923], "texture": "#1"},
				"down": {"uv": [5.90769, 9.84615, 11.07692, 14.76923], "texture": "#1"}
			}
		},
		{
			"from": [11, 4.5, 8],
			"to": [13, 5, 13],
			"faces": {
				"north": {"uv": [5.90769, 9.84615, 11.07692, 14.76923], "texture": "#1"},
				"east": {"uv": [5.90769, 9.84615, 10.83077, 14.03077], "texture": "#1"},
				"south": {"uv": [5.90769, 9.84615, 11.07692, 14.03077], "texture": "#0"},
				"west": {"uv": [5.90769, 9.84615, 11.07692, 14.27692], "texture": "#1"},
				"up": {"uv": [5.90769, 9.84615, 11.07692, 14.76923], "texture": "#1"},
				"down": {"uv": [5.90769, 9.84615, 11.07692, 14.76923], "texture": "#1"}
			}
		},
		{
			"from": [11, 4, 8],
			"to": [12, 4.5, 13],
			"faces": {
				"north": {"uv": [5.90769, 9.84615, 11.07692, 14.76923], "texture": "#1"},
				"east": {"uv": [5.90769, 9.84615, 10.83077, 14.03077], "texture": "#1"},
				"south": {"uv": [5.90769, 9.84615, 11.07692, 14.03077], "texture": "#0"},
				"west": {"uv": [5.90769, 9.84615, 11.07692, 14.27692], "texture": "#1"},
				"up": {"uv": [5.90769, 9.84615, 11.07692, 14.76923], "texture": "#1"},
				"down": {"uv": [5.90769, 9.84615, 11.07692, 14.76923], "texture": "#1"}
			}
		},
		{
			"from": [10, 5, 8],
			"to": [12.5, 5.5, 13],
			"faces": {
				"north": {"uv": [5.90769, 9.84615, 11.07692, 14.76923], "texture": "#1"},
				"east": {"uv": [5.90769, 9.84615, 10.83077, 14.03077], "texture": "#1"},
				"south": {"uv": [5.90769, 9.84615, 11.07692, 14.03077], "texture": "#0"},
				"west": {"uv": [5.90769, 9.84615, 11.07692, 14.27692], "texture": "#1"},
				"up": {"uv": [5.90769, 9.84615, 11.07692, 14.76923], "texture": "#1"},
				"down": {"uv": [5.90769, 9.84615, 11.07692, 14.76923], "texture": "#1"}
			}
		},
		{
			"from": [10, 5.5, 8],
			"to": [12, 6, 13],
			"faces": {
				"north": {"uv": [5.90769, 9.84615, 11.07692, 14.76923], "texture": "#1"},
				"east": {"uv": [5.90769, 9.84615, 10.83077, 14.03077], "texture": "#1"},
				"south": {"uv": [5.90769, 9.84615, 11.07692, 14.03077], "texture": "#0"},
				"west": {"uv": [5.90769, 9.84615, 11.07692, 14.27692], "texture": "#1"},
				"up": {"uv": [5.90769, 9.84615, 11.07692, 14.76923], "texture": "#1"},
				"down": {"uv": [5.90769, 9.84615, 11.07692, 14.76923], "texture": "#1"}
			}
		},
		{
			"from": [9, 6, 8],
			"to": [11, 6.5, 13],
			"faces": {
				"north": {"uv": [5.90769, 9.84615, 11.07692, 14.76923], "texture": "#1"},
				"east": {"uv": [5.90769, 9.84615, 10.83077, 14.03077], "texture": "#1"},
				"south": {"uv": [5.90769, 9.84615, 11.07692, 14.03077], "texture": "#0"},
				"west": {"uv": [5.90769, 9.84615, 11.07692, 14.27692], "texture": "#1"},
				"up": {"uv": [5.90769, 9.84615, 11.07692, 14.76923], "texture": "#1"},
				"down": {"uv": [5.90769, 9.84615, 11.07692, 14.76923], "texture": "#1"}
			}
		},
		{
			"from": [9, 7, 8],
			"to": [9.5, 8, 13],
			"faces": {
				"north": {"uv": [5.90769, 9.84615, 11.07692, 14.76923], "texture": "#1"},
				"east": {"uv": [5.90769, 9.84615, 10.83077, 14.03077], "texture": "#1"},
				"south": {"uv": [5.90769, 9.84615, 11.07692, 14.03077], "texture": "#0"},
				"west": {"uv": [5.90769, 9.84615, 11.07692, 14.27692], "texture": "#1"},
				"up": {"uv": [5.90769, 9.84615, 11.07692, 14.76923], "texture": "#1"},
				"down": {"uv": [5.90769, 9.84615, 11.07692, 14.76923], "texture": "#1"}
			}
		},
		{
			"from": [9, 6.5, 8],
			"to": [10, 7, 13],
			"faces": {
				"north": {"uv": [5.90769, 9.84615, 11.07692, 14.76923], "texture": "#1"},
				"east": {"uv": [5.90769, 9.84615, 10.83077, 14.03077], "texture": "#1"},
				"south": {"uv": [5.90769, 9.84615, 11.07692, 14.03077], "texture": "#0"},
				"west": {"uv": [5.90769, 9.84615, 11.07692, 14.27692], "texture": "#1"},
				"up": {"uv": [5.90769, 9.84615, 11.07692, 14.76923], "texture": "#1"},
				"down": {"uv": [5.90769, 9.84615, 11.07692, 14.76923], "texture": "#1"}
			}
		},
		{
			"from": [5, 7, 8],
			"to": [9, 8.5, 13],
			"faces": {
				"north": {"uv": [5.90769, 9.84615, 11.07692, 14.76923], "texture": "#1"},
				"east": {"uv": [5.90769, 9.84615, 10.83077, 14.03077], "texture": "#1"},
				"south": {"uv": [5.90769, 9.84615, 11.07692, 14.03077], "texture": "#0"},
				"west": {"uv": [5.90769, 9.84615, 11.07692, 14.27692], "texture": "#1"},
				"up": {"uv": [5.90769, 9.84615, 11.07692, 14.76923], "texture": "#1"},
				"down": {"uv": [5.90769, 9.84615, 11.07692, 14.76923], "texture": "#1"}
			}
		},
		{
			"from": [5, 6, 8],
			"to": [7, 7, 13],
			"faces": {
				"north": {"uv": [5.90769, 9.84615, 11.07692, 14.76923], "texture": "#1"},
				"east": {"uv": [5.90769, 9.84615, 10.83077, 14.03077], "texture": "#1"},
				"south": {"uv": [5.90769, 9.84615, 11.07692, 14.03077], "texture": "#0"},
				"west": {"uv": [5.90769, 9.84615, 11.07692, 14.27692], "texture": "#1"},
				"up": {"uv": [5.90769, 9.84615, 11.07692, 14.76923], "texture": "#1"},
				"down": {"uv": [5.90769, 9.84615, 11.07692, 14.76923], "texture": "#1"}
			}
		},
		{
			"from": [2, 5, 8],
			"to": [6, 6, 13],
			"faces": {
				"north": {"uv": [5.90769, 9.84615, 11.07692, 14.76923], "texture": "#1"},
				"east": {"uv": [5.90769, 9.84615, 10.83077, 14.03077], "texture": "#1"},
				"south": {"uv": [5.90769, 9.84615, 11.07692, 14.03077], "texture": "#0"},
				"west": {"uv": [5.90769, 9.84615, 11.07692, 14.27692], "texture": "#1"},
				"up": {"uv": [5.90769, 9.84615, 11.07692, 14.76923], "texture": "#1"},
				"down": {"uv": [5.90769, 9.84615, 11.07692, 14.76923], "texture": "#1"}
			}
		},
		{
			"from": [2, 6, 8],
			"to": [5, 6.5, 13],
			"faces": {
				"north": {"uv": [5.90769, 9.84615, 11.07692, 14.76923], "texture": "#1"},
				"east": {"uv": [5.90769, 9.84615, 10.83077, 14.03077], "texture": "#1"},
				"south": {"uv": [5.90769, 9.84615, 11.07692, 14.03077], "texture": "#0"},
				"west": {"uv": [5.90769, 9.84615, 11.07692, 14.27692], "texture": "#1"},
				"up": {"uv": [5.90769, 9.84615, 11.07692, 14.76923], "texture": "#1"},
				"down": {"uv": [5.90769, 9.84615, 11.07692, 14.76923], "texture": "#1"}
			}
		},
		{
			"from": [1, 5.9, 8],
			"to": [2, 7.5, 13],
			"faces": {
				"north": {"uv": [5.90769, 9.84615, 11.07692, 14.76923], "texture": "#1"},
				"east": {"uv": [5.90769, 9.84615, 10.83077, 14.03077], "texture": "#1"},
				"south": {"uv": [5.90769, 9.84615, 11.07692, 14.03077], "texture": "#0"},
				"west": {"uv": [5.90769, 9.84615, 11.07692, 14.27692], "texture": "#1"},
				"up": {"uv": [5.90769, 9.84615, 11.07692, 14.76923], "texture": "#1"},
				"down": {"uv": [5.90769, 9.84615, 11.07692, 14.76923], "texture": "#1"}
			}
		},
		{
			"from": [0, 6.9, 8],
			"to": [1, 8.5, 13],
			"faces": {
				"north": {"uv": [5.90769, 9.84615, 11.07692, 14.76923], "texture": "#1"},
				"east": {"uv": [5.90769, 9.84615, 10.83077, 14.03077], "texture": "#1"},
				"south": {"uv": [5.90769, 9.84615, 11.07692, 14.03077], "texture": "#0"},
				"west": {"uv": [5.90769, 9.84615, 11.07692, 14.27692], "texture": "#1"},
				"up": {"uv": [5.90769, 9.84615, 11.07692, 14.76923], "texture": "#1"},
				"down": {"uv": [5.90769, 9.84615, 11.07692, 14.76923], "texture": "#1"}
			}
		},
		{
			"from": [-1, 7.9, 8],
			"to": [0, 11.5, 13],
			"faces": {
				"north": {"uv": [5.90769, 9.84615, 11.07692, 14.76923], "texture": "#1"},
				"east": {"uv": [5.90769, 9.84615, 10.83077, 14.03077], "texture": "#1"},
				"south": {"uv": [5.90769, 9.84615, 11.07692, 14.03077], "texture": "#0"},
				"west": {"uv": [5.90769, 9.84615, 11.07692, 14.27692], "texture": "#1"},
				"up": {"uv": [5.90769, 9.84615, 11.07692, 14.76923], "texture": "#1"},
				"down": {"uv": [5.90769, 9.84615, 11.07692, 14.76923], "texture": "#1"}
			}
		},
		{
			"from": [-2, 10.5, 8],
			"to": [-1, 13.1, 13],
			"faces": {
				"north": {"uv": [5.90769, 9.84615, 11.07692, 14.76923], "texture": "#1"},
				"east": {"uv": [5.90769, 9.84615, 10.83077, 14.03077], "texture": "#1"},
				"south": {"uv": [5.90769, 9.84615, 11.07692, 14.03077], "texture": "#0"},
				"west": {"uv": [5.90769, 9.84615, 11.07692, 14.27692], "texture": "#1"},
				"up": {"uv": [5.90769, 9.84615, 11.07692, 14.76923], "texture": "#1"},
				"down": {"uv": [5.90769, 9.84615, 11.07692, 14.76923], "texture": "#1"}
			}
		},
		{
			"from": [-1.5, 13.1, 8],
			"to": [-1, 14, 13],
			"faces": {
				"north": {"uv": [5.90769, 9.84615, 11.07692, 14.76923], "texture": "#1"},
				"east": {"uv": [5.90769, 9.84615, 10.83077, 14.03077], "texture": "#1"},
				"south": {"uv": [5.90769, 9.84615, 11.07692, 14.03077], "texture": "#0"},
				"west": {"uv": [5.90769, 9.84615, 11.07692, 14.27692], "texture": "#1"},
				"up": {"uv": [5.90769, 9.84615, 11.07692, 14.76923], "texture": "#1"},
				"down": {"uv": [5.90769, 9.84615, 11.07692, 14.76923], "texture": "#1"}
			}
		},
		{
			"from": [4, 6.5, 8],
			"to": [5, 7.5, 13],
			"faces": {
				"north": {"uv": [5.90769, 9.84615, 11.07692, 14.76923], "texture": "#1"},
				"east": {"uv": [5.90769, 9.84615, 10.83077, 14.03077], "texture": "#1"},
				"south": {"uv": [5.90769, 9.84615, 11.07692, 14.03077], "texture": "#0"},
				"west": {"uv": [5.90769, 9.84615, 11.07692, 14.27692], "texture": "#1"},
				"up": {"uv": [5.90769, 9.84615, 11.07692, 14.76923], "texture": "#1"},
				"down": {"uv": [5.90769, 9.84615, 11.07692, 14.76923], "texture": "#1"}
			}
		},
		{
			"from": [6, 8.5, 8],
			"to": [8, 11.5, 13],
			"faces": {
				"north": {"uv": [5.90769, 9.84615, 11.07692, 14.76923], "texture": "#1"},
				"east": {"uv": [5.90769, 9.84615, 10.83077, 14.03077], "texture": "#1"},
				"south": {"uv": [5.90769, 9.84615, 11.07692, 14.03077], "texture": "#0"},
				"west": {"uv": [5.90769, 9.84615, 11.07692, 14.27692], "texture": "#1"},
				"up": {"uv": [5.90769, 9.84615, 11.07692, 14.76923], "texture": "#1"},
				"down": {"uv": [5.90769, 9.84615, 11.07692, 14.76923], "texture": "#1"}
			}
		},
		{
			"from": [5, 11.5, 8],
			"to": [7, 15.5, 13],
			"faces": {
				"north": {"uv": [5.90769, 9.84615, 11.07692, 14.76923], "texture": "#1"},
				"east": {"uv": [5.90769, 9.84615, 10.83077, 14.03077], "texture": "#1"},
				"south": {"uv": [5.90769, 9.84615, 11.07692, 14.03077], "texture": "#0"},
				"west": {"uv": [5.90769, 9.84615, 11.07692, 14.27692], "texture": "#1"},
				"up": {"uv": [5.90769, 9.84615, 11.07692, 14.76923], "texture": "#1"},
				"down": {"uv": [5.90769, 9.84615, 11.07692, 14.76923], "texture": "#1"}
			}
		},
		{
			"from": [4, 15.5, 8],
			"to": [6, 19.5, 13],
			"faces": {
				"north": {"uv": [5.90769, 9.84615, 11.07692, 14.76923], "texture": "#1"},
				"east": {"uv": [5.90769, 9.84615, 10.83077, 14.03077], "texture": "#1"},
				"south": {"uv": [5.90769, 9.84615, 11.07692, 14.03077], "texture": "#0"},
				"west": {"uv": [5.90769, 9.84615, 11.07692, 14.27692], "texture": "#1"},
				"up": {"uv": [5.90769, 9.84615, 11.07692, 14.76923], "texture": "#1"},
				"down": {"uv": [5.90769, 9.84615, 11.07692, 14.76923], "texture": "#1"}
			}
		},
		{
			"from": [3, 19.5, 8],
			"to": [5, 24.5, 13],
			"faces": {
				"north": {"uv": [5.90769, 9.84615, 11.07692, 14.76923], "texture": "#1"},
				"east": {"uv": [5.90769, 9.84615, 10.83077, 14.03077], "texture": "#1"},
				"south": {"uv": [5.90769, 9.84615, 11.07692, 14.03077], "texture": "#0"},
				"west": {"uv": [5.90769, 9.84615, 11.07692, 14.27692], "texture": "#1"},
				"up": {"uv": [5.90769, 9.84615, 11.07692, 14.76923], "texture": "#1"},
				"down": {"uv": [5.90769, 9.84615, 11.07692, 14.76923], "texture": "#1"}
			}
		}
	],
	"display": {
		"head": {
			"scale": [3, 3, 3]
		}
	},
	"groups": [
		{
			"name": "group",
			"origin": [0, 0, 0],
			"color": 0,
			"children": [
				0,
				1,
				2,
				3,
				4,
				5,
				6,
				7,
				8,
				9,
				10,
				11,
				12,
				13,
				14,
				15,
				16,
				17,
				18,
				19,
				20,
				21,
				22,
				23,
				24,
				25,
				26,
				27,
				28,
				29,
				30,
				31,
				32,
				33,
				34,
				35,
				36,
				37,
				38,
				39,
				40,
				41,
				42,
				43,
				44,
				45,
				46,
				47,
				48,
				49,
				50,
				51,
				52,
				53,
				54,
				55,
				56,
				57,
				58,
				59,
				60,
				61,
				62,
				63,
				64,
				65,
				66,
				67,
				68,
				69,
				70,
				71,
				72,
				73,
				74,
				75,
				76,
				77,
				78,
				79,
				80,
				81,
				82,
				83,
				84,
				85,
				86,
				87,
				88,
				89,
				90,
				91,
				92,
				93,
				94,
				95,
				96,
				97
			]
		},
		98,
		99,
		100,
		101,
		102,
		103,
		104,
		105,
		106,
		107,
		108,
		109,
		110,
		111,
		112,
		113,
		114,
		115,
		116,
		117,
		118,
		119,
		120,
		121,
		122,
		123,
		124,
		125,
		126,
		127,
		128,
		129,
		130,
		131,
		132,
		133,
		134,
		135,
		136,
		137,
		138,
		139,
		140,
		141,
		142,
		143,
		144,
		145,
		146,
		147,
		148,
		149,
		150,
		151,
		152,
		153,
		154,
		155,
		156,
		157,
		158
	]
}