{
	"credit": "Made with Blockbench",
	"textures": {
		"0": "item/gold_block",
		"1": "item/skin_essaie_par_default",
		"particle": "item/gold_block"
	},
	"elements": [
		{
			"from": [19, 2, 1],
			"to": [20, 6.4, 2],
			"rotation": {"angle": 0, "axis": "y", "origin": [19, 5, 0]},
			"faces": {
				"north": {"uv": [0, 0, 1, 4.4], "texture": "#0"},
				"east": {"uv": [0, 0, 1, 4.4], "texture": "#0"},
				"south": {"uv": [0, 0, 1, 4.4], "texture": "#0"},
				"west": {"uv": [0, 0, 1, 4.4], "texture": "#0"},
				"up": {"uv": [0, 0, 1, 1], "texture": "#0"},
				"down": {"uv": [0, 0, 1, 1], "texture": "#0"}
			}
		},
		{
			"from": [20.3, 2, 1],
			"to": [21.3, 6.4, 2],
			"rotation": {"angle": 0, "axis": "y", "origin": [20.3, 5, 0]},
			"faces": {
				"north": {"uv": [0, 0, 1, 4.4], "texture": "#0"},
				"east": {"uv": [0, 0, 1, 4.4], "texture": "#0"},
				"south": {"uv": [0, 0, 1, 4.4], "texture": "#0"},
				"west": {"uv": [0, 0, 1, 4.4], "texture": "#0"},
				"up": {"uv": [0, 0, 1, 1], "texture": "#0"},
				"down": {"uv": [0, 0, 1, 1], "texture": "#0"}
			}
		},
		{
			"from": [21.6, 2, 1],
			"to": [22.6, 6.4, 2],
			"rotation": {"angle": 0, "axis": "y", "origin": [21.6, 5, 0]},
			"faces": {
				"north": {"uv": [0, 0, 1, 4.4], "texture": "#0"},
				"east": {"uv": [0, 0, 1, 4.4], "texture": "#0"},
				"south": {"uv": [0, 0, 1, 4.4], "texture": "#0"},
				"west": {"uv": [0, 0, 1, 4.4], "texture": "#0"},
				"up": {"uv": [0, 0, 1, 1], "texture": "#0"},
				"down": {"uv": [0, 0, 1, 1], "texture": "#0"}
			}
		},
		{
			"from": [11.3, 5, 0.4],
			"to": [27, 6, 1.4],
			"rotation": {"angle": 0, "axis": "y", "origin": [19, 4, -0.6]},
			"faces": {
				"north": {"uv": [0, 0, 15.7, 1], "texture": "#0"},
				"east": {"uv": [0, 0, 1, 1], "texture": "#0"},
				"south": {"uv": [0, 0, 15.7, 1], "texture": "#0"},
				"west": {"uv": [0, 0, 1, 1], "texture": "#0"},
				"up": {"uv": [0, 0, 15.7, 1], "texture": "#0"},
				"down": {"uv": [0, 0, 15.7, 1], "texture": "#0"}
			}
		},
		{
			"from": [27, 3, 0.4],
			"to": [28, 5, 1.4],
			"rotation": {"angle": 0, "axis": "y", "origin": [19, 4, -0.6]},
			"faces": {
				"north": {"uv": [0, 0, 1, 2], "texture": "#0"},
				"east": {"uv": [0, 0, 1, 2], "texture": "#0"},
				"south": {"uv": [0, 0, 1, 2], "texture": "#0"},
				"west": {"uv": [0, 0, 1, 2], "texture": "#0"},
				"up": {"uv": [0, 0, 1, 1], "texture": "#0"},
				"down": {"uv": [0, 0, 1, 1], "texture": "#0"}
			}
		},
		{
			"from": [22, 2, 0.4],
			"to": [27, 3, 1.4],
			"rotation": {"angle": 0, "axis": "y", "origin": [19, 1, -0.6]},
			"faces": {
				"north": {"uv": [0, 0, 5, 1], "texture": "#0"},
				"east": {"uv": [0, 0, 1, 1], "texture": "#0"},
				"south": {"uv": [0, 0, 5, 1], "texture": "#0"},
				"west": {"uv": [0, 0, 1, 1], "texture": "#0"},
				"up": {"uv": [0, 0, 5, 1], "texture": "#0"},
				"down": {"uv": [0, 0, 5, 1], "texture": "#0"}
			}
		},
		{
			"from": [15.5, 2.9, 0.4],
			"to": [19.5, 3.5, 1.4],
			"rotation": {"angle": 0, "axis": "y", "origin": [10.5, 1, -0.6]},
			"faces": {
				"north": {"uv": [0, 0, 4, 0.6], "texture": "#0"},
				"east": {"uv": [0, 0, 1, 0.6], "texture": "#0"},
				"south": {"uv": [0, 0, 4, 0.6], "texture": "#0"},
				"west": {"uv": [0, 0, 1, 0.6], "texture": "#0"},
				"up": {"uv": [0, 0, 4, 1], "texture": "#0"},
				"down": {"uv": [0, 0, 4, 1], "texture": "#0"}
			}
		},
		{
			"from": [15, 2.3, 0.4],
			"to": [15.5, 3.2, 1.4],
			"rotation": {"angle": 0, "axis": "y", "origin": [10, 0.2, -0.6]},
			"faces": {
				"north": {"uv": [0, 0, 0.5, 0.9], "texture": "#0"},
				"east": {"uv": [0, 0, 1, 0.9], "texture": "#0"},
				"south": {"uv": [0, 0, 0.5, 0.9], "texture": "#0"},
				"west": {"uv": [0, 0, 1, 0.9], "texture": "#0"},
				"up": {"uv": [0, 0, 0.5, 1], "texture": "#0"},
				"down": {"uv": [0, 0, 0.5, 1], "texture": "#0"}
			}
		},
		{
			"from": [15.5, 2, 0.4],
			"to": [19.5, 2.6, 1.4],
			"rotation": {"angle": 0, "axis": "y", "origin": [10.5, 0.2, -0.6]},
			"faces": {
				"north": {"uv": [0, 0, 4, 0.6], "texture": "#0"},
				"east": {"uv": [0, 0, 1, 0.6], "texture": "#0"},
				"south": {"uv": [0, 0, 4, 0.6], "texture": "#0"},
				"west": {"uv": [0, 0, 1, 0.6], "texture": "#0"},
				"up": {"uv": [0, 0, 4, 1], "texture": "#0"},
				"down": {"uv": [0, 0, 4, 1], "texture": "#0"}
			}
		},
		{
			"from": [20.4, 2, 3.6],
			"to": [20.9, 3.1, 4.6],
			"rotation": {"angle": 22.5, "axis": "y", "origin": [11.9, 0.2, 3.1]},
			"faces": {
				"north": {"uv": [0, 0, 0.5, 1.1], "texture": "#0"},
				"east": {"uv": [0, 0, 1, 1.1], "texture": "#0"},
				"south": {"uv": [0, 0, 0.5, 1.1], "texture": "#0"},
				"west": {"uv": [0, 0, 1, 1.1], "texture": "#0"},
				"up": {"uv": [0, 0, 0.5, 1], "texture": "#0"},
				"down": {"uv": [0, 0, 0.5, 1], "texture": "#0"}
			}
		},
		{
			"from": [22.1, 3.2, 1.5],
			"to": [26.1, 3.8, 2.5],
			"rotation": {"angle": 0, "axis": "y", "origin": [17.1, 1.3, 0.5]},
			"faces": {
				"north": {"uv": [0, 0, 4, 0.6], "texture": "#0"},
				"east": {"uv": [0, 0, 1, 0.6], "texture": "#0"},
				"south": {"uv": [0, 0, 4, 0.6], "texture": "#0"},
				"west": {"uv": [0, 0, 1, 0.6], "texture": "#0"},
				"up": {"uv": [0, 0, 4, 1], "texture": "#0"},
				"down": {"uv": [0, 0, 4, 1], "texture": "#0"}
			}
		},
		{
			"from": [22.1, 2.3, 1.5],
			"to": [26.1, 2.9, 2.5],
			"rotation": {"angle": 0, "axis": "y", "origin": [17.1, 0.5, 0.5]},
			"faces": {
				"north": {"uv": [0, 0, 4, 0.6], "texture": "#0"},
				"east": {"uv": [0, 0, 1, 0.6], "texture": "#0"},
				"south": {"uv": [0, 0, 4, 0.6], "texture": "#0"},
				"west": {"uv": [0, 0, 1, 0.6], "texture": "#0"},
				"up": {"uv": [0, 0, 4, 1], "texture": "#0"},
				"down": {"uv": [0, 0, 4, 1], "texture": "#0"}
			}
		},
		{
			"from": [26, 2.6, 1.5],
			"to": [26.5, 3.5, 2.5],
			"rotation": {"angle": 0, "axis": "y", "origin": [21, 0.5, 0.5]},
			"faces": {
				"north": {"uv": [0, 0, 0.5, 0.9], "texture": "#0"},
				"east": {"uv": [0, 0, 1, 0.9], "texture": "#0"},
				"south": {"uv": [0, 0, 0.5, 0.9], "texture": "#0"},
				"west": {"uv": [0, 0, 1, 0.9], "texture": "#0"},
				"up": {"uv": [0, 0, 0.5, 1], "texture": "#0"},
				"down": {"uv": [0, 0, 0.5, 1], "texture": "#0"}
			}
		},
		{
			"from": [13, 2, 1.6],
			"to": [19, 3, 2.6],
			"rotation": {"angle": 0, "axis": "y", "origin": [10, 1, 0.6]},
			"faces": {
				"north": {"uv": [0, 0, 6, 1], "texture": "#0"},
				"east": {"uv": [0, 0, 1, 1], "texture": "#0"},
				"south": {"uv": [0, 0, 6, 1], "texture": "#0"},
				"west": {"uv": [0, 0, 1, 1], "texture": "#0"},
				"up": {"uv": [0, 0, 6, 1], "texture": "#0"},
				"down": {"uv": [0, 0, 6, 1], "texture": "#0"}
			}
		},
		{
			"from": [13, 5, 1.6],
			"to": [28, 6, 2.6],
			"rotation": {"angle": 0, "axis": "y", "origin": [10, 4, 0.6]},
			"faces": {
				"north": {"uv": [0, 0, 15, 1], "texture": "#0"},
				"east": {"uv": [0, 0, 1, 1], "texture": "#0"},
				"south": {"uv": [0, 0, 15, 1], "texture": "#0"},
				"west": {"uv": [0, 0, 1, 1], "texture": "#0"},
				"up": {"uv": [0, 0, 15, 1], "texture": "#0"},
				"down": {"uv": [0, 0, 15, 1], "texture": "#0"}
			}
		},
		{
			"from": [12, 3, 1.4],
			"to": [13, 5, 2.4],
			"rotation": {"angle": 0, "axis": "y", "origin": [4, 4, 0.4]},
			"faces": {
				"north": {"uv": [0, 0, 1, 2], "texture": "#0"},
				"east": {"uv": [0, 0, 1, 2], "texture": "#0"},
				"south": {"uv": [0, 0, 1, 2], "texture": "#0"},
				"west": {"uv": [0, 0, 1, 2], "texture": "#0"},
				"up": {"uv": [0, 0, 1, 1], "texture": "#0"},
				"down": {"uv": [0, 0, 1, 1], "texture": "#0"}
			}
		},
		{
			"from": [25.5, 4.8, 1.4],
			"to": [27.5, 6.2, 2.8],
			"rotation": {"angle": 0, "axis": "y", "origin": [9.5, 4, 0.6]},
			"faces": {
				"north": {"uv": [0, 0, 2, 1.4], "texture": "#0"},
				"east": {"uv": [0, 0, 1.4, 1.4], "texture": "#0"},
				"south": {"uv": [0, 0, 2, 1.4], "texture": "#0"},
				"west": {"uv": [0, 0, 1.4, 1.4], "texture": "#0"},
				"up": {"uv": [0, 0, 2, 1.4], "texture": "#0"},
				"down": {"uv": [0, 0, 2, 1.4], "texture": "#0"}
			}
		},
		{
			"from": [27.5, 4.5, 1.1],
			"to": [29, 6.5, 3.1],
			"rotation": {"angle": 0, "axis": "y", "origin": [11, 4, 0.6]},
			"faces": {
				"north": {"uv": [0, 0, 1.5, 2], "texture": "#0"},
				"east": {"uv": [0, 0, 2, 2], "texture": "#0"},
				"south": {"uv": [0, 0, 1.5, 2], "texture": "#0"},
				"west": {"uv": [0, 0, 2, 2], "texture": "#0"},
				"up": {"uv": [0, 0, 1.5, 2], "texture": "#0"},
				"down": {"uv": [0, 0, 1.5, 2], "texture": "#0"}
			}
		},
		{
			"from": [29, 4.1, 0.7],
			"to": [30.2, 6.9, 3.5],
			"rotation": {"angle": 0, "axis": "y", "origin": [12, 4, 0.6]},
			"faces": {
				"north": {"uv": [0, 0, 1.2, 2.8], "texture": "#0"},
				"east": {"uv": [0, 0, 2.8, 2.8], "texture": "#0"},
				"south": {"uv": [0, 0, 1.2, 2.8], "texture": "#0"},
				"west": {"uv": [0, 0, 2.8, 2.8], "texture": "#0"},
				"up": {"uv": [0, 0, 1.2, 2.8], "texture": "#0"},
				"down": {"uv": [0, 0, 1.2, 2.8], "texture": "#0"}
			}
		},
		{
			"from": [10.1, 4.7, 0.1],
			"to": [11.3, 6.3, 1.7],
			"rotation": {"angle": 0, "axis": "y", "origin": [19, 4, -0.6]},
			"faces": {
				"north": {"uv": [0, 0, 1.2, 1.6], "texture": "#0"},
				"east": {"uv": [0, 0, 1.6, 1.6], "texture": "#0"},
				"south": {"uv": [0, 0, 1.2, 1.6], "texture": "#0"},
				"west": {"uv": [0, 0, 1.6, 1.6], "texture": "#0"},
				"up": {"uv": [0, 0, 1.2, 1.6], "texture": "#0"},
				"down": {"uv": [0, 0, 1.2, 1.6], "texture": "#0"}
			}
		},
		{
			"from": [19.2, 6.4, 1.2],
			"to": [19.7, 7.4, 1.8],
			"rotation": {"angle": 0, "axis": "y", "origin": [19, 6, 0]},
			"faces": {
				"north": {"uv": [0, 0, 0.5, 1], "texture": "#0"},
				"east": {"uv": [0, 0, 0.6, 1], "texture": "#0"},
				"south": {"uv": [0, 0, 0.5, 1], "texture": "#0"},
				"west": {"uv": [0, 0, 0.6, 1], "texture": "#0"},
				"up": {"uv": [0, 0, 0.5, 0.6], "texture": "#0"},
				"down": {"uv": [0, 0, 0.5, 0.6], "texture": "#0"}
			}
		},
		{
			"from": [20.5, 6.4, 1.2],
			"to": [21, 7.4, 1.8],
			"rotation": {"angle": 0, "axis": "y", "origin": [20.3, 6, 0]},
			"faces": {
				"north": {"uv": [0, 0, 0.5, 1], "texture": "#0"},
				"east": {"uv": [0, 0, 0.6, 1], "texture": "#0"},
				"south": {"uv": [0, 0, 0.5, 1], "texture": "#0"},
				"west": {"uv": [0, 0, 0.6, 1], "texture": "#0"},
				"up": {"uv": [0, 0, 0.5, 0.6], "texture": "#0"},
				"down": {"uv": [0, 0, 0.5, 0.6], "texture": "#0"}
			}
		},
		{
			"from": [21.8, 6.4, 1.2],
			"to": [22.3, 7.4, 1.8],
			"rotation": {"angle": 0, "axis": "y", "origin": [21.6, 6, 0]},
			"faces": {
				"north": {"uv": [0, 0, 0.5, 1], "texture": "#0"},
				"east": {"uv": [0, 0, 0.6, 1], "texture": "#0"},
				"south": {"uv": [0, 0, 0.5, 1], "texture": "#0"},
				"west": {"uv": [0, 0, 0.6, 1], "texture": "#0"},
				"up": {"uv": [0, 0, 0.5, 0.6], "texture": "#0"},
				"down": {"uv": [0, 0, 0.5, 0.6], "texture": "#0"}
			}
		},
		{
			"from": [21.6, 7.4, 1],
			"to": [22.5, 7.8, 2],
			"rotation": {"angle": 0, "axis": "y", "origin": [21.5, 10.4, 0]},
			"faces": {
				"north": {"uv": [0, 0, 0.9, 0.4], "texture": "#0"},
				"east": {"uv": [0, 0, 1, 0.4], "texture": "#0"},
				"south": {"uv": [0, 0, 0.9, 0.4], "texture": "#0"},
				"west": {"uv": [0, 0, 1, 0.4], "texture": "#0"},
				"up": {"uv": [0, 0, 0.9, 1], "texture": "#0"},
				"down": {"uv": [0, 0, 0.9, 1], "texture": "#0"}
			}
		},
		{
			"from": [20.3, 7.4, 1],
			"to": [21.2, 7.8, 2],
			"rotation": {"angle": 0, "axis": "y", "origin": [20.2, 10.4, 0]},
			"faces": {
				"north": {"uv": [0, 0, 0.9, 0.4], "texture": "#0"},
				"east": {"uv": [0, 0, 1, 0.4], "texture": "#0"},
				"south": {"uv": [0, 0, 0.9, 0.4], "texture": "#0"},
				"west": {"uv": [0, 0, 1, 0.4], "texture": "#0"},
				"up": {"uv": [0, 0, 0.9, 1], "texture": "#0"},
				"down": {"uv": [0, 0, 0.9, 1], "texture": "#0"}
			}
		},
		{
			"from": [19, 7.4, 1],
			"to": [19.9, 7.8, 2],
			"rotation": {"angle": 0, "axis": "y", "origin": [18.9, 10.4, 0]},
			"faces": {
				"north": {"uv": [0, 0, 0.9, 0.4], "texture": "#0"},
				"east": {"uv": [0, 0, 1, 0.4], "texture": "#0"},
				"south": {"uv": [0, 0, 0.9, 0.4], "texture": "#0"},
				"west": {"uv": [0, 0, 1, 0.4], "texture": "#0"},
				"up": {"uv": [0, 0, 0.9, 1], "texture": "#0"},
				"down": {"uv": [0, 0, 0.9, 1], "texture": "#0"}
			}
		},
		{
			"from": [5, 0, -1],
			"to": [22, 4, 3],
			"rotation": {"angle": -22.5, "axis": "y", "origin": [22, 1, 0]},
			"faces": {
				"north": {"uv": [13, 5, 14, 8], "rotation": 90, "texture": "#1"},
				"east": {"uv": [12, 4, 13, 5], "rotation": 270, "texture": "#1"},
				"south": {"uv": [13, 5, 14, 8], "rotation": 270, "texture": "#1"},
				"west": {"uv": [11, 4, 12, 5], "rotation": 270, "texture": "#1"},
				"up": {"uv": [13, 5, 14, 8], "rotation": 270, "texture": "#1"},
				"down": {"uv": [13, 5, 14, 8], "rotation": 270, "texture": "#1"}
			}
		},
		{
			"from": [3, 1, -1],
			"to": [20, 5, 3],
			"rotation": {"angle": 22.5, "axis": "y", "origin": [20, 2, 0]},
			"faces": {
				"north": {"uv": [13, 5, 14, 8], "rotation": 90, "texture": "#1"},
				"east": {"uv": [12, 4, 13, 5], "rotation": 270, "texture": "#1"},
				"south": {"uv": [13, 5, 14, 8], "rotation": 270, "texture": "#1"},
				"west": {"uv": [11, 4, 12, 5], "rotation": 270, "texture": "#1"},
				"up": {"uv": [13, 5, 14, 8], "rotation": 270, "texture": "#1"},
				"down": {"uv": [13, 5, 14, 8], "rotation": 270, "texture": "#1"}
			}
		}
	],
	"display": {
		"thirdperson_righthand": {
			"rotation": [-25, 0, 90],
			"translation": [-6, 0, 3]
		},
		"head": {
			"rotation": [0, 90, 0],
			"translation": [11.5, -0.5, -3],
			"scale": [1.6, 1.6, 1.6]
		}
	}
}