{
	"credit": "Made with Blockbench",
	"textures": {
		"0": "item/tss",
		"particle": "item/tss"
	},
	"elements": [
		{
			"from": [0, 0, -16],
			"to": [0, 20, 32],
			"faces": {
				"north": {"uv": [0, 0, 0, 16], "texture": "#0"},
				"east": {"uv": [1.15385, 2.51282, 15.66667, 13.66667], "texture": "#0"},
				"south": {"uv": [0, 0, 0, 16], "texture": "#0"},
				"west": {"uv": [1.15385, 2.58974, 15.64103, 13.74359], "texture": "#0"},
				"up": {"uv": [0, 0, 0, 16], "texture": "#0"},
				"down": {"uv": [0, 0, 0, 16], "texture": "#0"}
			}
		}
	],
	"display": {
		"gui": {
			"rotation": [0, 90, 0],
			"scale": [0.35, 0.35, 0.35]
		},
		"head": {
			"rotation": [0, -90, 0],
			"translation": [0, 0, 25.25],
			"scale": [1.7, 1.7, 1.7]
		},
		"fixed": {
			"rotation": [0, -90, 0]
		}
	},
	"groups": [
		{
			"name": "group",
			"origin": [8, 8, 8],
			"color": 0,
			"children": [0]
		}
	]
}