{
	"credit": "Made with Blockbench",
	"textures": {
		"0": "item/tss2",
		"particle": "item/tss2"
	},
	"elements": [
		{
			"from": [0, 0, -16],
			"to": [0, 21, 32],
			"faces": {
				"north": {"uv": [0, 0, 0, 16], "texture": "#missing"},
				"east": {"uv": [0, 0, 16, 16], "texture": "#0"},
				"south": {"uv": [0, 0, 0, 16], "texture": "#missing"},
				"west": {"uv": [0, 0, 16, 16], "texture": "#0"},
				"up": {"uv": [0, 0, 0, 16], "texture": "#missing"},
				"down": {"uv": [0, 0, 0, 16], "texture": "#missing"}
			}
		}
	],
	"display": {
		"head": {
			"rotation": [0, -90, 0],
			"translation": [0, 0, 25],
			"scale": [1.6, 1.6, 1.6]
		}
	}
}