{
	"credit": "Made with Blockbench",
	"textures": {
		"0": "item/tuggandsons",
		"particle": "item/tuggandsons"
	},
	"elements": [
		{
			"from": [-15, 0, 0],
			"to": [31, 16, 0],
			"faces": {
				"north": {"uv": [0.40886, 0, 15.70017, 16], "texture": "#0"},
				"east": {"uv": [0, 0, 0, 16], "texture": "#missing"},
				"south": {"uv": [0.35434, 0, 15.64566, 16], "texture": "#0"},
				"west": {"uv": [0, 0, 0, 16], "texture": "#missing"},
				"up": {"uv": [0, 0, 16, 0], "texture": "#missing"},
				"down": {"uv": [0, 0, 16, 0], "texture": "#missing"}
			}
		}
	],
	"display": {
		"thirdperson_righthand": {
			"translation": [0, 0, 2.75],
			"scale": [0.4, 0.4, 0.4]
		},
		"head": {
			"translation": [0, -30.5, 16.5],
			"scale": [1.4, 1.4, 1.4]
		}
	}
}