{
	"credit": "Made with Blockbench",
	"textures": {
		"0": "item/cut_sandstonemodif",
		"1": "item/texture",
		"2": "item/vitregrise",
		"particle": "item/cut_sandstonemodif"
	},
	"elements": [
		{
			"from": [11.5, 4.3, 7.5],
			"to": [12.5, 7.3, 8.5],
			"rotation": {"angle": 0, "axis": "y", "origin": [12.5, 4.3, 7.5]},
			"faces": {
				"north": {"uv": [0, 0, 1, 3], "texture": "#1"},
				"east": {"uv": [0, 0, 1, 3], "texture": "#1"},
				"south": {"uv": [0, 0, 1, 3], "texture": "#1"},
				"west": {"uv": [0, 0, 1, 3], "texture": "#1"},
				"up": {"uv": [0, 0, 1, 1], "texture": "#1"},
				"down": {"uv": [0, 0, 1, 1], "texture": "#1"}
			}
		},
		{
			"from": [7, 10, 7.5],
			"to": [9, 11, 8.5],
			"rotation": {"angle": 0, "axis": "y", "origin": [8, 10, 7.5]},
			"faces": {
				"north": {"uv": [0, 0, 2, 1], "texture": "#1"},
				"east": {"uv": [0, 0, 1, 1], "texture": "#1"},
				"south": {"uv": [0, 0, 2, 1], "texture": "#1"},
				"west": {"uv": [0, 0, 1, 1], "texture": "#1"},
				"up": {"uv": [0, 0, 2, 1], "texture": "#1"},
				"down": {"uv": [0, 0, 2, 1], "texture": "#1"}
			}
		},
		{
			"from": [3.5, 4.3, 7.5],
			"to": [4.5, 7.3, 8.5],
			"rotation": {"angle": 0, "axis": "y", "origin": [4.5, 4.3, 7.5]},
			"faces": {
				"north": {"uv": [0, 0, 1, 3], "texture": "#1"},
				"east": {"uv": [0, 0, 1, 3], "texture": "#1"},
				"south": {"uv": [0, 0, 1, 3], "texture": "#1"},
				"west": {"uv": [0, 0, 1, 3], "texture": "#1"},
				"up": {"uv": [0, 0, 1, 1], "texture": "#1"},
				"down": {"uv": [0, 0, 1, 1], "texture": "#1"}
			}
		},
		{
			"from": [9, 9, 7.5],
			"to": [10.75, 10, 8.5],
			"rotation": {"angle": 0, "axis": "y", "origin": [10, 9, 7.5]},
			"faces": {
				"north": {"uv": [0, 0, 1.75, 1], "texture": "#1"},
				"east": {"uv": [0, 0, 1, 1], "texture": "#1"},
				"south": {"uv": [0, 0, 1.75, 1], "texture": "#1"},
				"west": {"uv": [0, 0, 1, 1], "texture": "#1"},
				"up": {"uv": [0, 0, 1.75, 1], "texture": "#1"},
				"down": {"uv": [0, 0, 1.75, 1], "texture": "#1"}
			}
		},
		{
			"from": [4.3, 7.3, 7.5],
			"to": [5.3, 9.05, 8.5],
			"rotation": {"angle": 0, "axis": "y", "origin": [5.3, 7.4, 7.5]},
			"faces": {
				"north": {"uv": [0, 0, 1, 1.75], "texture": "#1"},
				"east": {"uv": [0, 0, 1, 1.75], "texture": "#1"},
				"south": {"uv": [0, 0, 1, 1.75], "texture": "#1"},
				"west": {"uv": [0, 0, 1, 1.75], "texture": "#1"},
				"up": {"uv": [0, 0, 1, 1], "texture": "#1"},
				"down": {"uv": [0, 0, 1, 1], "texture": "#1"}
			}
		},
		{
			"from": [5.3, 9, 7.5],
			"to": [7.05, 10, 8.5],
			"rotation": {"angle": 0, "axis": "y", "origin": [6.3, 9, 7.5]},
			"faces": {
				"north": {"uv": [0, 0, 1.75, 1], "texture": "#1"},
				"east": {"uv": [0, 0, 1, 1], "texture": "#1"},
				"south": {"uv": [0, 0, 1.75, 1], "texture": "#1"},
				"west": {"uv": [0, 0, 1, 1], "texture": "#1"},
				"up": {"uv": [0, 0, 1.75, 1], "texture": "#1"},
				"down": {"uv": [0, 0, 1.75, 1], "texture": "#1"}
			}
		},
		{
			"from": [10.7, 7.3, 7.5],
			"to": [11.7, 9.05, 8.5],
			"rotation": {"angle": 0, "axis": "y", "origin": [11.7, 7.4, 7.5]},
			"faces": {
				"north": {"uv": [0, 0, 1, 1.75], "texture": "#1"},
				"east": {"uv": [0, 0, 1, 1.75], "texture": "#1"},
				"south": {"uv": [0, 0, 1, 1.75], "texture": "#1"},
				"west": {"uv": [0, 0, 1, 1.75], "texture": "#1"},
				"up": {"uv": [0, 0, 1, 1], "texture": "#1"},
				"down": {"uv": [0, 0, 1, 1], "texture": "#1"}
			}
		},
		{
			"from": [10.7, 2.6, 7.5],
			"to": [11.7, 4.35, 8.5],
			"rotation": {"angle": 0, "axis": "y", "origin": [11.7, 2.7, 7.5]},
			"faces": {
				"north": {"uv": [0, 0, 1, 1.75], "texture": "#1"},
				"east": {"uv": [0, 0, 1, 1.75], "texture": "#1"},
				"south": {"uv": [0, 0, 1, 1.75], "texture": "#1"},
				"west": {"uv": [0, 0, 1, 1.75], "texture": "#1"},
				"up": {"uv": [0, 0, 1, 1], "texture": "#1"},
				"down": {"uv": [0, 0, 1, 1], "texture": "#1"}
			}
		},
		{
			"from": [4.3, 2.6, 7.5],
			"to": [5.3, 4.35, 8.5],
			"rotation": {"angle": 0, "axis": "y", "origin": [5.3, 2.7, 7.5]},
			"faces": {
				"north": {"uv": [0, 0, 1, 1.75], "texture": "#1"},
				"east": {"uv": [0, 0, 1, 1.75], "texture": "#1"},
				"south": {"uv": [0, 0, 1, 1.75], "texture": "#1"},
				"west": {"uv": [0, 0, 1, 1.75], "texture": "#1"},
				"up": {"uv": [0, 0, 1, 1], "texture": "#1"},
				"down": {"uv": [0, 0, 1, 1], "texture": "#1"}
			}
		},
		{
			"from": [9, 1.6, 7.5],
			"to": [10.75, 2.6, 8.5],
			"rotation": {"angle": 0, "axis": "y", "origin": [10, 1.6, 7.5]},
			"faces": {
				"north": {"uv": [0, 0, 1.75, 1], "texture": "#1"},
				"east": {"uv": [0, 0, 1, 1], "texture": "#1"},
				"south": {"uv": [0, 0, 1.75, 1], "texture": "#1"},
				"west": {"uv": [0, 0, 1, 1], "texture": "#1"},
				"up": {"uv": [0, 0, 1.75, 1], "texture": "#1"},
				"down": {"uv": [0, 0, 1.75, 1], "texture": "#1"}
			}
		},
		{
			"from": [5.3, 1.6, 7.5],
			"to": [7.05, 2.6, 8.5],
			"rotation": {"angle": 0, "axis": "y", "origin": [6.3, 1.6, 7.5]},
			"faces": {
				"north": {"uv": [0, 0, 1.75, 1], "texture": "#1"},
				"east": {"uv": [0, 0, 1, 1], "texture": "#1"},
				"south": {"uv": [0, 0, 1.75, 1], "texture": "#1"},
				"west": {"uv": [0, 0, 1, 1], "texture": "#1"},
				"up": {"uv": [0, 0, 1.75, 1], "texture": "#1"},
				"down": {"uv": [0, 0, 1.75, 1], "texture": "#1"}
			}
		},
		{
			"from": [7, 0.6, 7.5],
			"to": [9, 1.6, 8.5],
			"rotation": {"angle": 0, "axis": "y", "origin": [8, 0.6, 7.5]},
			"faces": {
				"north": {"uv": [0, 0, 2, 1], "texture": "#1"},
				"east": {"uv": [0, 0, 1, 1], "texture": "#1"},
				"south": {"uv": [0, 0, 2, 1], "texture": "#1"},
				"west": {"uv": [0, 0, 1, 1], "texture": "#1"},
				"up": {"uv": [0, 0, 2, 1], "texture": "#1"},
				"down": {"uv": [0, 0, 2, 1], "texture": "#1"}
			}
		},
		{
			"from": [7.8, 1.6, 7.6],
			"to": [8.2, 10, 7.8],
			"rotation": {"angle": 0, "axis": "y", "origin": [7, 0, 6.8]},
			"faces": {
				"north": {"uv": [11, 3, 11.4, 11.4], "texture": "#0"},
				"east": {"uv": [0, 0, 0.2, 8.4], "texture": "#0"},
				"south": {"uv": [11, 3, 11.4, 11.4], "texture": "#0"},
				"west": {"uv": [0, 0, 0.2, 8.4], "texture": "#0"},
				"up": {"uv": [0, 0, 0.4, 0.2], "texture": "#0"},
				"down": {"uv": [0, 0, 0.4, 0.2], "texture": "#0"}
			}
		},
		{
			"from": [4.5, 5.6, 7.8],
			"to": [11.5, 6, 8],
			"rotation": {"angle": 0, "axis": "y", "origin": [7, 0, 7]},
			"faces": {
				"north": {"uv": [4, 6, 11, 6.4], "texture": "#0"},
				"east": {"uv": [0, 0, 0.2, 0.4], "texture": "#0"},
				"south": {"uv": [4, 6, 11, 6.4], "texture": "#0"},
				"west": {"uv": [0, 0, 0.2, 0.4], "texture": "#0"},
				"up": {"uv": [0, 0, 7, 0.2], "texture": "#0"},
				"down": {"uv": [0, 0, 7, 0.2], "texture": "#0"}
			}
		},
		{
			"from": [4.3, 9, 7],
			"to": [5.3, 10, 8.5],
			"rotation": {"angle": 0, "axis": "y", "origin": [3.3, 8, 7]},
			"faces": {
				"north": {"uv": [4, 4, 5, 5], "texture": "#0"},
				"east": {"uv": [0, 0, 1.5, 1], "texture": "#0"},
				"south": {"uv": [0, 0, 1, 1], "texture": "#0"},
				"west": {"uv": [0, 0, 1.5, 1], "texture": "#0"},
				"up": {"uv": [6, 3, 7, 4.5], "texture": "#0"},
				"down": {"uv": [0, 0, 1, 1.5], "texture": "#0"}
			}
		},
		{
			"from": [5.3, 10, 7],
			"to": [7, 11, 8.5],
			"rotation": {"angle": 0, "axis": "y", "origin": [5, 9, 7]},
			"faces": {
				"north": {"uv": [5, 3, 6.7, 4], "texture": "#0"},
				"east": {"uv": [0, 0, 1.5, 1], "texture": "#0"},
				"south": {"uv": [0, 0, 1.7, 1], "texture": "#0"},
				"west": {"uv": [0, 0, 1.5, 1], "texture": "#0"},
				"up": {"uv": [4, 7, 5.7, 8.5], "texture": "#0"},
				"down": {"uv": [0, 0, 1.7, 1.5], "texture": "#0"}
			}
		},
		{
			"from": [9, 10, 7],
			"to": [10.7, 11, 8.5],
			"rotation": {"angle": 0, "axis": "y", "origin": [8.7, 9, 7]},
			"faces": {
				"north": {"uv": [6, 3, 7.7, 4], "texture": "#0"},
				"east": {"uv": [0, 0, 1.5, 1], "texture": "#0"},
				"south": {"uv": [0, 0, 1.7, 1], "texture": "#0"},
				"west": {"uv": [0, 0, 1.5, 1], "texture": "#0"},
				"up": {"uv": [3, 1, 4.7, 2.5], "texture": "#0"},
				"down": {"uv": [0, 0, 1.7, 1.5], "texture": "#0"}
			}
		},
		{
			"from": [7.1, 11, 7],
			"to": [9, 12, 8.5],
			"rotation": {"angle": 0, "axis": "y", "origin": [6.9, 10, 7]},
			"faces": {
				"north": {"uv": [5, 2, 6.9, 3], "texture": "#0"},
				"east": {"uv": [0, 0, 1.5, 1], "texture": "#0"},
				"south": {"uv": [0, 0, 1.9, 1], "texture": "#0"},
				"west": {"uv": [0, 0, 1.5, 1], "texture": "#0"},
				"up": {"uv": [8, 1, 9.9, 2.5], "texture": "#0"},
				"down": {"uv": [0, 0, 1.9, 1.5], "texture": "#0"}
			}
		},
		{
			"from": [10.7, 9, 7],
			"to": [11.7, 10, 8.5],
			"rotation": {"angle": 0, "axis": "y", "origin": [9.7, 8, 7]},
			"faces": {
				"north": {"uv": [7, 4, 8, 5], "texture": "#0"},
				"east": {"uv": [0, 0, 1.5, 1], "texture": "#0"},
				"south": {"uv": [0, 0, 1, 1], "texture": "#0"},
				"west": {"uv": [0, 0, 1.5, 1], "texture": "#0"},
				"up": {"uv": [2, 1, 3, 2.5], "texture": "#0"},
				"down": {"uv": [0, 0, 1, 1.5], "texture": "#0"}
			}
		},
		{
			"from": [11.7, 7.3, 7],
			"to": [12.5, 9.1, 8.5],
			"rotation": {"angle": 0, "axis": "y", "origin": [10.7, 7.1, 7]},
			"faces": {
				"north": {"uv": [2, 1, 2.8, 2.8], "texture": "#0"},
				"east": {"uv": [0, 0, 1.5, 1.8], "texture": "#0"},
				"south": {"uv": [0, 0, 0.8, 1.8], "texture": "#0"},
				"west": {"uv": [0, 0, 1.5, 1.8], "texture": "#0"},
				"up": {"uv": [3, 4, 3.8, 5.5], "texture": "#0"},
				"down": {"uv": [0, 0, 0.8, 1.5], "texture": "#0"}
			}
		},
		{
			"from": [3.5, 7.3, 7],
			"to": [4.3, 9.1, 8.5],
			"rotation": {"angle": 0, "axis": "y", "origin": [2.5, 7.1, 7]},
			"faces": {
				"north": {"uv": [6, 3, 6.8, 4.8], "texture": "#0"},
				"east": {"uv": [0, 0, 1.5, 1.8], "texture": "#0"},
				"south": {"uv": [0, 0, 0.8, 1.8], "texture": "#0"},
				"west": {"uv": [0, 0, 1.5, 1.8], "texture": "#0"},
				"up": {"uv": [5, 2, 5.8, 3.5], "texture": "#0"},
				"down": {"uv": [0, 0, 0.8, 1.5], "texture": "#0"}
			}
		},
		{
			"from": [0, 7.3, 7],
			"to": [3.5, 8.3, 8.5],
			"rotation": {"angle": 0, "axis": "y", "origin": [2.5, 7.1, 7]},
			"faces": {
				"north": {"uv": [2, 2, 5.5, 3], "texture": "#0"},
				"east": {"uv": [0, 0, 1.5, 1], "texture": "#0"},
				"south": {"uv": [6, 6, 9.5, 7], "texture": "#0"},
				"west": {"uv": [0, 0, 1.5, 1], "texture": "#0"},
				"up": {"uv": [10, 2, 13.5, 3.5], "texture": "#0"},
				"down": {"uv": [0, 0, 3.5, 1.5], "texture": "#0"}
			}
		},
		{
			"from": [12.5, 7.3, 7],
			"to": [16, 8.3, 8.5],
			"rotation": {"angle": 0, "axis": "y", "origin": [15, 7.1, 7]},
			"faces": {
				"north": {"uv": [6, 6, 9.5, 7], "texture": "#0"},
				"east": {"uv": [0, 0, 1.5, 1], "texture": "#0"},
				"south": {"uv": [6, 6, 9.5, 7], "texture": "#0"},
				"west": {"uv": [0, 0, 1.5, 1], "texture": "#0"},
				"up": {"uv": [6, 2, 9.5, 3.5], "texture": "#0"},
				"down": {"uv": [0, 0, 3.5, 1.5], "texture": "#0"}
			}
		},
		{
			"from": [7, 1.6, 8],
			"to": [9.1, 10, 8.1],
			"rotation": {"angle": 0, "axis": "y", "origin": [8, 0, 7]},
			"faces": {
				"north": {"uv": [0, 0, 2.1, 8.4], "texture": "#2"},
				"east": {"uv": [0, 0, 0.1, 8.4], "texture": "#2"},
				"south": {"uv": [0, 0, 2.1, 8.4], "texture": "#2"},
				"west": {"uv": [0, 0, 0.1, 8.4], "texture": "#2"},
				"up": {"uv": [0, 0, 2.1, 0.1], "texture": "#2"},
				"down": {"uv": [0, 0, 2.1, 0.1], "texture": "#2"}
			}
		},
		{
			"from": [4.5, 4.3, 8],
			"to": [7, 7.3, 8.1],
			"rotation": {"angle": 0, "axis": "y", "origin": [8, 0, 7]},
			"faces": {
				"north": {"uv": [0, 0, 2.5, 3], "texture": "#2"},
				"east": {"uv": [0, 0, 0.1, 3], "texture": "#2"},
				"south": {"uv": [0, 0, 2.5, 3], "texture": "#2"},
				"west": {"uv": [0, 0, 0.1, 3], "texture": "#2"},
				"up": {"uv": [0, 0, 2.5, 0.1], "texture": "#2"},
				"down": {"uv": [0, 0, 2.5, 0.1], "texture": "#2"}
			}
		},
		{
			"from": [9.1, 4.3, 8.1],
			"to": [11.6, 7.3, 8.2],
			"rotation": {"angle": 0, "axis": "y", "origin": [12.6, 0, 7.1]},
			"faces": {
				"north": {"uv": [0, 0, 2.5, 3], "texture": "#2"},
				"east": {"uv": [0, 0, 0.1, 3], "texture": "#2"},
				"south": {"uv": [0, 0, 2.5, 3], "texture": "#2"},
				"west": {"uv": [0, 0, 0.1, 3], "texture": "#2"},
				"up": {"uv": [0, 0, 2.5, 0.1], "texture": "#2"},
				"down": {"uv": [0, 0, 2.5, 0.1], "texture": "#2"}
			}
		},
		{
			"from": [9.1, 7.3, 8.1],
			"to": [10.7, 9, 8.2],
			"rotation": {"angle": 0, "axis": "y", "origin": [12.6, 0, 7.1]},
			"faces": {
				"north": {"uv": [0, 0, 1.6, 1.7], "texture": "#2"},
				"east": {"uv": [0, 0, 0.1, 1.7], "texture": "#2"},
				"south": {"uv": [0, 0, 1.6, 1.7], "texture": "#2"},
				"west": {"uv": [0, 0, 0.1, 1.7], "texture": "#2"},
				"up": {"uv": [0, 0, 1.6, 0.1], "texture": "#2"},
				"down": {"uv": [0, 0, 1.6, 0.1], "texture": "#2"}
			}
		},
		{
			"from": [9.1, 2.6, 8.1],
			"to": [10.7, 4.3, 8.2],
			"rotation": {"angle": 0, "axis": "y", "origin": [12.6, -4.7, 7.1]},
			"faces": {
				"north": {"uv": [0, 0, 1.6, 1.7], "texture": "#2"},
				"east": {"uv": [0, 0, 0.1, 1.7], "texture": "#2"},
				"south": {"uv": [0, 0, 1.6, 1.7], "texture": "#2"},
				"west": {"uv": [0, 0, 0.1, 1.7], "texture": "#2"},
				"up": {"uv": [0, 0, 1.6, 0.1], "texture": "#2"},
				"down": {"uv": [0, 0, 1.6, 0.1], "texture": "#2"}
			}
		},
		{
			"from": [5.3, 2.6, 8],
			"to": [7, 4.3, 8.1],
			"rotation": {"angle": 0, "axis": "y", "origin": [8.9, -4.7, 7]},
			"faces": {
				"north": {"uv": [0, 0, 1.7, 1.7], "texture": "#2"},
				"east": {"uv": [0, 0, 0.1, 1.7], "texture": "#2"},
				"south": {"uv": [0, 0, 1.7, 1.7], "texture": "#2"},
				"west": {"uv": [0, 0, 0.1, 1.7], "texture": "#2"},
				"up": {"uv": [0, 0, 1.7, 0.1], "texture": "#2"},
				"down": {"uv": [0, 0, 1.7, 0.1], "texture": "#2"}
			}
		},
		{
			"from": [5.3, 7.3, 8],
			"to": [7, 9, 8.1],
			"rotation": {"angle": 0, "axis": "y", "origin": [8.9, 0, 7]},
			"faces": {
				"north": {"uv": [0, 0, 1.7, 1.7], "texture": "#2"},
				"east": {"uv": [0, 0, 0.1, 1.7], "texture": "#2"},
				"south": {"uv": [0, 0, 1.7, 1.7], "texture": "#2"},
				"west": {"uv": [0, 0, 0.1, 1.7], "texture": "#2"},
				"up": {"uv": [0, 0, 1.7, 0.1], "texture": "#2"},
				"down": {"uv": [0, 0, 1.7, 0.1], "texture": "#2"}
			}
		}
	],
	"display": {
		"head": {
			"translation": [0, 9, 21.75],
			"scale": [1.6, 1.6, 1.6]
		}
	}
}