{
	"format_version": "1.9.0",
	"credit": "Made with Blockbench",
	"textures": {
		"0": "item/cerclerouge",
		"1": "item/rougeprfenetre",
		"2": "item/vitregrise",
		"3": "item/vitrauxdelagareadventureland",
		"particle": "item/cerclerouge"
	},
	"elements": [
		{
			"from": [-15, -16, 0],
			"to": [17, -15, 1],
			"rotation": {"angle": 0, "axis": "y", "origin": [1, -16, 0]},
			"faces": {
				"north": {"uv": [0, 0, 16, 1], "texture": "#1"},
				"east": {"uv": [0, 0, 1, 1], "texture": "#1"},
				"south": {"uv": [0, 0, 16, 1], "texture": "#1"},
				"west": {"uv": [0, 0, 1, 1], "texture": "#1"},
				"up": {"uv": [0, 0, 16, 1], "texture": "#1"},
				"down": {"uv": [0, 0, 16, 1], "texture": "#1"}
			}
		},
		{
			"from": [-15, -15, 0],
			"to": [-14, 14, 1],
			"rotation": {"angle": 0, "axis": "y", "origin": [-15, -15, 0]},
			"faces": {
				"north": {"uv": [0, 0, 1, 16], "texture": "#1"},
				"east": {"uv": [0, 0, 1, 16], "texture": "#1"},
				"south": {"uv": [0, 0, 1, 16], "texture": "#1"},
				"west": {"uv": [0, 0, 1, 16], "texture": "#1"},
				"up": {"uv": [0, 0, 1, 1], "texture": "#1"},
				"down": {"uv": [0, 0, 1, 1], "texture": "#1"}
			}
		},
		{
			"from": [16, -15, 0],
			"to": [17, 14, 1],
			"rotation": {"angle": 0, "axis": "y", "origin": [16, -15, 0]},
			"faces": {
				"north": {"uv": [0, 0, 1, 16], "texture": "#1"},
				"east": {"uv": [0, 0, 1, 16], "texture": "#1"},
				"south": {"uv": [0, 0, 1, 16], "texture": "#1"},
				"west": {"uv": [0, 0, 1, 16], "texture": "#1"},
				"up": {"uv": [0, 0, 1, 1], "texture": "#1"},
				"down": {"uv": [0, 0, 1, 1], "texture": "#1"}
			}
		},
		{
			"from": [-2.27922, 30.72078, 0],
			"to": [4.12078, 31.72078, 1],
			"rotation": {"angle": 0, "axis": "y", "origin": [0.72078, 30.72078, 0]},
			"faces": {
				"north": {"uv": [0, 0, 6.4, 1], "texture": "#1"},
				"east": {"uv": [0, 0, 1, 1], "texture": "#1"},
				"south": {"uv": [0, 0, 6.4, 1], "texture": "#1"},
				"west": {"uv": [0, 0, 1, 1], "texture": "#1"},
				"up": {"uv": [0, 0, 6.4, 1], "texture": "#1"},
				"down": {"uv": [0, 0, 6.4, 1], "texture": "#1"}
			}
		},
		{
			"from": [-7.66818, 29.64885, 0],
			"to": [-1.66818, 30.64885, 1],
			"rotation": {"angle": 22.5, "axis": "z", "origin": [-4.66818, 29.64885, 0]},
			"faces": {
				"north": {"uv": [0, 0, 6, 1], "texture": "#1"},
				"east": {"uv": [0, 0, 1, 1], "texture": "#1"},
				"south": {"uv": [0, 0, 6, 1], "texture": "#1"},
				"west": {"uv": [0, 0, 1, 1], "texture": "#1"},
				"up": {"uv": [0, 0, 6, 1], "texture": "#1"},
				"down": {"uv": [0, 0, 6, 1], "texture": "#1"}
			}
		},
		{
			"from": [-12.65093, 25.18204, 0],
			"to": [-5.65093, 26.18204, 1],
			"rotation": {"angle": 45, "axis": "z", "origin": [-10.65093, 25.18204, 0]},
			"faces": {
				"north": {"uv": [0, 0, 7, 1], "texture": "#1"},
				"east": {"uv": [0, 0, 1, 1], "texture": "#1"},
				"south": {"uv": [0, 0, 7, 1], "texture": "#1"},
				"west": {"uv": [0, 0, 1, 1], "texture": "#1"},
				"up": {"uv": [0, 0, 7, 1], "texture": "#1"},
				"down": {"uv": [0, 0, 7, 1], "texture": "#1"}
			}
		},
		{
			"from": [-14.3791, 18.39673, 0],
			"to": [-13.3791, 24.39673, 1],
			"rotation": {"angle": -22.5, "axis": "z", "origin": [-13.3791, 20.39673, 0]},
			"faces": {
				"north": {"uv": [0, 0, 6, 1], "rotation": 90, "texture": "#1"},
				"east": {"uv": [0, 0, 6, 1], "rotation": 270, "texture": "#1"},
				"south": {"uv": [0, 0, 6, 1], "rotation": 270, "texture": "#1"},
				"west": {"uv": [0, 0, 6, 1], "rotation": 270, "texture": "#1"},
				"up": {"uv": [0, 0, 1, 1], "rotation": 270, "texture": "#1"},
				"down": {"uv": [0, 0, 1, 1], "rotation": 270, "texture": "#1"}
			}
		},
		{
			"from": [-15.06835, 13.93165, 0],
			"to": [-14.06835, 18.93165, 1],
			"rotation": {"angle": 0, "axis": "y", "origin": [-14.06835, 15.93165, 0]},
			"faces": {
				"north": {"uv": [0, 0, 5, 1], "rotation": 90, "texture": "#1"},
				"east": {"uv": [0, 0, 5, 1], "rotation": 270, "texture": "#1"},
				"south": {"uv": [0, 0, 5, 1], "rotation": 270, "texture": "#1"},
				"west": {"uv": [0, 0, 5, 1], "rotation": 270, "texture": "#1"},
				"up": {"uv": [0, 0, 1, 1], "rotation": 270, "texture": "#1"},
				"down": {"uv": [0, 0, 1, 1], "rotation": 270, "texture": "#1"}
			}
		},
		{
			"from": [15.93165, 13.93165, 0],
			"to": [16.93165, 18.93165, 1],
			"rotation": {"angle": 0, "axis": "y", "origin": [16.93165, 15.93165, 0]},
			"faces": {
				"north": {"uv": [0, 0, 5, 1], "rotation": 90, "texture": "#1"},
				"east": {"uv": [0, 0, 5, 1], "rotation": 270, "texture": "#1"},
				"south": {"uv": [0, 0, 5, 1], "rotation": 270, "texture": "#1"},
				"west": {"uv": [0, 0, 5, 1], "rotation": 270, "texture": "#1"},
				"up": {"uv": [0, 0, 1, 1], "rotation": 270, "texture": "#1"},
				"down": {"uv": [0, 0, 1, 1], "rotation": 270, "texture": "#1"}
			}
		},
		{
			"from": [15.16628, 18.77941, 0],
			"to": [16.16628, 24.77941, 1],
			"rotation": {"angle": 22.5, "axis": "z", "origin": [16.16628, 20.77941, 0]},
			"faces": {
				"north": {"uv": [0, 0, 6, 1], "rotation": 90, "texture": "#1"},
				"east": {"uv": [0, 0, 6, 1], "rotation": 270, "texture": "#1"},
				"south": {"uv": [0, 0, 6, 1], "rotation": 270, "texture": "#1"},
				"west": {"uv": [0, 0, 6, 1], "rotation": 270, "texture": "#1"},
				"up": {"uv": [0, 0, 1, 1], "rotation": 270, "texture": "#1"},
				"down": {"uv": [0, 0, 1, 1], "rotation": 270, "texture": "#1"}
			}
		},
		{
			"from": [12.22134, 23.88914, 0],
			"to": [13.22134, 30.88914, 1],
			"rotation": {"angle": 45, "axis": "z", "origin": [13.22134, 25.88914, 0]},
			"faces": {
				"north": {"uv": [0, 0, 7, 1], "rotation": 90, "texture": "#1"},
				"east": {"uv": [0, 0, 7, 1], "rotation": 270, "texture": "#1"},
				"south": {"uv": [0, 0, 7, 1], "rotation": 270, "texture": "#1"},
				"west": {"uv": [0, 0, 7, 1], "rotation": 270, "texture": "#1"},
				"up": {"uv": [0, 0, 1, 1], "rotation": 270, "texture": "#1"},
				"down": {"uv": [0, 0, 1, 1], "rotation": 270, "texture": "#1"}
			}
		},
		{
			"from": [3.53148, 29.64885, 0],
			"to": [9.53148, 30.64885, 1],
			"rotation": {"angle": -22.5, "axis": "z", "origin": [6.53148, 29.64885, 0]},
			"faces": {
				"north": {"uv": [0, 0, 6, 1], "texture": "#1"},
				"east": {"uv": [0, 0, 1, 1], "texture": "#1"},
				"south": {"uv": [0, 0, 6, 1], "texture": "#1"},
				"west": {"uv": [0, 0, 1, 1], "texture": "#1"},
				"up": {"uv": [0, 0, 6, 1], "texture": "#1"},
				"down": {"uv": [0, 0, 6, 1], "texture": "#1"}
			}
		},
		{
			"from": [-11, -15, 0],
			"to": [-10, 14, 1],
			"rotation": {"angle": 0, "axis": "y", "origin": [-11, -15, 0]},
			"faces": {
				"north": {"uv": [0, 0, 1, 16], "texture": "#1"},
				"east": {"uv": [0, 0, 1, 16], "texture": "#1"},
				"south": {"uv": [0, 0, 1, 16], "texture": "#1"},
				"west": {"uv": [0, 0, 1, 16], "texture": "#1"},
				"up": {"uv": [0, 0, 1, 1], "texture": "#1"},
				"down": {"uv": [0, 0, 1, 1], "texture": "#1"}
			}
		},
		{
			"from": [12, -15, 0],
			"to": [13, 14, 1],
			"rotation": {"angle": 0, "axis": "y", "origin": [12, -15, 0]},
			"faces": {
				"north": {"uv": [0, 0, 1, 16], "texture": "#1"},
				"east": {"uv": [0, 0, 1, 16], "texture": "#1"},
				"south": {"uv": [0, 0, 1, 16], "texture": "#1"},
				"west": {"uv": [0, 0, 1, 16], "texture": "#1"},
				"up": {"uv": [0, 0, 1, 1], "texture": "#1"},
				"down": {"uv": [0, 0, 1, 1], "texture": "#1"}
			}
		},
		{
			"from": [8, -15, 0],
			"to": [9, 14, 1],
			"rotation": {"angle": 0, "axis": "y", "origin": [8, -15, 0]},
			"faces": {
				"north": {"uv": [0, 0, 1, 16], "texture": "#1"},
				"east": {"uv": [0, 0, 1, 16], "texture": "#1"},
				"south": {"uv": [0, 0, 1, 16], "texture": "#1"},
				"west": {"uv": [0, 0, 1, 16], "texture": "#1"},
				"up": {"uv": [0, 0, 1, 1], "texture": "#1"},
				"down": {"uv": [0, 0, 1, 1], "texture": "#1"}
			}
		},
		{
			"from": [-7, -15, 0],
			"to": [-6, 14, 1],
			"rotation": {"angle": 0, "axis": "y", "origin": [-7, -15, 0]},
			"faces": {
				"north": {"uv": [0, 0, 1, 16], "texture": "#1"},
				"east": {"uv": [0, 0, 1, 16], "texture": "#1"},
				"south": {"uv": [0, 0, 1, 16], "texture": "#1"},
				"west": {"uv": [0, 0, 1, 16], "texture": "#1"},
				"up": {"uv": [0, 0, 1, 1], "texture": "#1"},
				"down": {"uv": [0, 0, 1, 1], "texture": "#1"}
			}
		},
		{
			"from": [0.5, -15, 0],
			"to": [1.5, 8, 1],
			"rotation": {"angle": 0, "axis": "y", "origin": [0.5, -15, 0]},
			"faces": {
				"north": {"uv": [0, 0, 1, 16], "texture": "#1"},
				"east": {"uv": [0, 0, 1, 16], "texture": "#1"},
				"south": {"uv": [0, 0, 1, 16], "texture": "#1"},
				"west": {"uv": [0, 0, 1, 16], "texture": "#1"},
				"up": {"uv": [0, 0, 1, 1], "texture": "#1"},
				"down": {"uv": [0, 0, 1, 1], "texture": "#1"}
			}
		},
		{
			"from": [-14, 14, 0],
			"to": [-6, 15, 1],
			"rotation": {"angle": 0, "axis": "y", "origin": [1, 14, 0]},
			"faces": {
				"north": {"uv": [0, 0, 8, 1], "texture": "#1"},
				"east": {"uv": [0, 0, 1, 1], "texture": "#1"},
				"south": {"uv": [0, 0, 8, 1], "texture": "#1"},
				"west": {"uv": [0, 0, 1, 1], "texture": "#1"},
				"up": {"uv": [0, 0, 8, 1], "texture": "#1"},
				"down": {"uv": [0, 0, 8, 1], "texture": "#1"}
			}
		},
		{
			"from": [9, 14, 0],
			"to": [16, 15, 1],
			"rotation": {"angle": 0, "axis": "y", "origin": [23, 14, 0]},
			"faces": {
				"north": {"uv": [0, 0, 7, 1], "texture": "#1"},
				"east": {"uv": [0, 0, 1, 1], "texture": "#1"},
				"south": {"uv": [0, 0, 7, 1], "texture": "#1"},
				"west": {"uv": [0, 0, 1, 1], "texture": "#1"},
				"up": {"uv": [0, 0, 7, 1], "texture": "#1"},
				"down": {"uv": [0, 0, 7, 1], "texture": "#1"}
			}
		},
		{
			"from": [11.93165, 14.93165, 0],
			"to": [12.93165, 17.93165, 1],
			"rotation": {"angle": 0, "axis": "y", "origin": [12.93165, 15.93165, 0]},
			"faces": {
				"north": {"uv": [0, 0, 3, 1], "rotation": 90, "texture": "#1"},
				"east": {"uv": [0, 0, 3, 1], "rotation": 270, "texture": "#1"},
				"south": {"uv": [0, 0, 3, 1], "rotation": 270, "texture": "#1"},
				"west": {"uv": [0, 0, 3, 1], "rotation": 270, "texture": "#1"},
				"up": {"uv": [0, 0, 1, 1], "rotation": 270, "texture": "#1"},
				"down": {"uv": [0, 0, 1, 1], "rotation": 270, "texture": "#1"}
			}
		},
		{
			"from": [11.16628, 17.77941, 0],
			"to": [12.16628, 21.77941, 1],
			"rotation": {"angle": 22.5, "axis": "z", "origin": [12.16628, 19.77941, 0]},
			"faces": {
				"north": {"uv": [0, 0, 4, 1], "rotation": 90, "texture": "#1"},
				"east": {"uv": [0, 0, 4, 1], "rotation": 270, "texture": "#1"},
				"south": {"uv": [0, 0, 4, 1], "rotation": 270, "texture": "#1"},
				"west": {"uv": [0, 0, 4, 1], "rotation": 270, "texture": "#1"},
				"up": {"uv": [0, 0, 1, 1], "rotation": 270, "texture": "#1"},
				"down": {"uv": [0, 0, 1, 1], "rotation": 270, "texture": "#1"}
			}
		},
		{
			"from": [8.9867, 21.04138, 0],
			"to": [9.9867, 26.04138, 1],
			"rotation": {"angle": 45, "axis": "z", "origin": [9.9867, 23.04138, 0]},
			"faces": {
				"north": {"uv": [0, 0, 5, 1], "rotation": 90, "texture": "#1"},
				"east": {"uv": [0, 0, 5, 1], "rotation": 270, "texture": "#1"},
				"south": {"uv": [0, 0, 5, 1], "rotation": 270, "texture": "#1"},
				"west": {"uv": [0, 0, 5, 1], "rotation": 270, "texture": "#1"},
				"up": {"uv": [0, 0, 1, 1], "rotation": 270, "texture": "#1"},
				"down": {"uv": [0, 0, 1, 1], "rotation": 270, "texture": "#1"}
			}
		},
		{
			"from": [3.71106, 25.38687, 0],
			"to": [7.71106, 26.38687, 1],
			"rotation": {"angle": -22.5, "axis": "z", "origin": [4.71106, 25.38687, 0]},
			"faces": {
				"north": {"uv": [0, 0, 4, 1], "texture": "#1"},
				"east": {"uv": [0, 0, 1, 1], "texture": "#1"},
				"south": {"uv": [0, 0, 4, 1], "texture": "#1"},
				"west": {"uv": [0, 0, 1, 1], "texture": "#1"},
				"up": {"uv": [0, 0, 4, 1], "texture": "#1"},
				"down": {"uv": [0, 0, 4, 1], "texture": "#1"}
			}
		},
		{
			"from": [-11.06835, 14.93165, 0],
			"to": [-10.06835, 17.93165, 1],
			"rotation": {"angle": 0, "axis": "y", "origin": [-10.06835, 15.93165, 0]},
			"faces": {
				"north": {"uv": [0, 0, 3, 1], "rotation": 90, "texture": "#1"},
				"east": {"uv": [0, 0, 3, 1], "rotation": 270, "texture": "#1"},
				"south": {"uv": [0, 0, 3, 1], "rotation": 270, "texture": "#1"},
				"west": {"uv": [0, 0, 3, 1], "rotation": 270, "texture": "#1"},
				"up": {"uv": [0, 0, 1, 1], "rotation": 270, "texture": "#1"},
				"down": {"uv": [0, 0, 1, 1], "rotation": 270, "texture": "#1"}
			}
		},
		{
			"from": [-10.3791, 17.39673, 0],
			"to": [-9.3791, 21.39673, 1],
			"rotation": {"angle": -22.5, "axis": "z", "origin": [-9.3791, 19.39673, 0]},
			"faces": {
				"north": {"uv": [0, 0, 4, 1], "rotation": 90, "texture": "#1"},
				"east": {"uv": [0, 0, 4, 1], "rotation": 270, "texture": "#1"},
				"south": {"uv": [0, 0, 4, 1], "rotation": 270, "texture": "#1"},
				"west": {"uv": [0, 0, 4, 1], "rotation": 270, "texture": "#1"},
				"up": {"uv": [0, 0, 1, 1], "rotation": 270, "texture": "#1"},
				"down": {"uv": [0, 0, 1, 1], "rotation": 270, "texture": "#1"}
			}
		},
		{
			"from": [-8.41629, 20.33428, 0],
			"to": [-7.41629, 25.33428, 1],
			"rotation": {"angle": -45, "axis": "z", "origin": [-7.41629, 22.33428, 0]},
			"faces": {
				"north": {"uv": [0, 0, 5, 1], "rotation": 90, "texture": "#1"},
				"east": {"uv": [0, 0, 5, 1], "rotation": 270, "texture": "#1"},
				"south": {"uv": [0, 0, 5, 1], "rotation": 270, "texture": "#1"},
				"west": {"uv": [0, 0, 5, 1], "rotation": 270, "texture": "#1"},
				"up": {"uv": [0, 0, 1, 1], "rotation": 270, "texture": "#1"},
				"down": {"uv": [0, 0, 1, 1], "rotation": 270, "texture": "#1"}
			}
		},
		{
			"from": [-5.69552, 24.62151, 0],
			"to": [-1.69552, 25.62151, 1],
			"rotation": {"angle": 22.5, "axis": "z", "origin": [-4.69552, 24.62151, 0]},
			"faces": {
				"north": {"uv": [0, 0, 4, 1], "texture": "#1"},
				"east": {"uv": [0, 0, 1, 1], "texture": "#1"},
				"south": {"uv": [0, 0, 4, 1], "texture": "#1"},
				"west": {"uv": [0, 0, 1, 1], "texture": "#1"},
				"up": {"uv": [0, 0, 4, 1], "texture": "#1"},
				"down": {"uv": [0, 0, 4, 1], "texture": "#1"}
			}
		},
		{
			"from": [-2.27922, 25.72078, 0],
			"to": [4.12078, 26.72078, 1],
			"rotation": {"angle": 0, "axis": "y", "origin": [0.72078, 25.72078, 0]},
			"faces": {
				"north": {"uv": [0, 0, 6.4, 1], "texture": "#1"},
				"east": {"uv": [0, 0, 1, 1], "texture": "#1"},
				"south": {"uv": [0, 0, 6.4, 1], "texture": "#1"},
				"west": {"uv": [0, 0, 1, 1], "texture": "#1"},
				"up": {"uv": [0, 0, 6.4, 1], "texture": "#1"},
				"down": {"uv": [0, 0, 6.4, 1], "texture": "#1"}
			}
		},
		{
			"from": [7.93165, 13.93165, 0],
			"to": [8.93165, 17.93165, 1],
			"rotation": {"angle": 0, "axis": "y", "origin": [8.93165, 15.93165, 0]},
			"faces": {
				"north": {"uv": [0, 0, 4, 1], "rotation": 90, "texture": "#1"},
				"east": {"uv": [0, 0, 4, 1], "rotation": 270, "texture": "#1"},
				"south": {"uv": [0, 0, 4, 1], "rotation": 270, "texture": "#1"},
				"west": {"uv": [0, 0, 4, 1], "rotation": 270, "texture": "#1"},
				"up": {"uv": [0, 0, 1, 1], "rotation": 270, "texture": "#1"},
				"down": {"uv": [0, 0, 1, 1], "rotation": 270, "texture": "#1"}
			}
		},
		{
			"from": [5.36939, 20.1175, 0],
			"to": [6.36939, 23.1175, 1],
			"rotation": {"angle": 45, "axis": "z", "origin": [6.36939, 22.1175, 0]},
			"faces": {
				"north": {"uv": [0, 0, 3, 1], "rotation": 90, "texture": "#1"},
				"east": {"uv": [0, 0, 3, 1], "rotation": 270, "texture": "#1"},
				"south": {"uv": [0, 0, 3, 1], "rotation": 270, "texture": "#1"},
				"west": {"uv": [0, 0, 3, 1], "rotation": 270, "texture": "#1"},
				"up": {"uv": [0, 0, 1, 1], "rotation": 270, "texture": "#1"},
				"down": {"uv": [0, 0, 1, 1], "rotation": 270, "texture": "#1"}
			}
		},
		{
			"from": [2.71421, 23.37958, 0],
			"to": [5.71421, 24.37958, 1],
			"rotation": {"angle": -22.5, "axis": "z", "origin": [1.71421, 23.37958, 0]},
			"faces": {
				"north": {"uv": [0, 0, 3, 1], "texture": "#1"},
				"east": {"uv": [0, 0, 1, 1], "texture": "#1"},
				"south": {"uv": [0, 0, 3, 1], "texture": "#1"},
				"west": {"uv": [0, 0, 1, 1], "texture": "#1"},
				"up": {"uv": [0, 0, 3, 1], "texture": "#1"},
				"down": {"uv": [0, 0, 3, 1], "texture": "#1"}
			}
		},
		{
			"from": [-0.97922, 22.92078, 0],
			"to": [3.02078, 23.92078, 1],
			"rotation": {"angle": 0, "axis": "y", "origin": [0.82078, 22.92078, 0]},
			"faces": {
				"north": {"uv": [0, 0, 4, 1], "texture": "#1"},
				"east": {"uv": [0, 0, 1, 1], "texture": "#1"},
				"south": {"uv": [0, 0, 4, 1], "texture": "#1"},
				"west": {"uv": [0, 0, 1, 1], "texture": "#1"},
				"up": {"uv": [0, 0, 4, 1], "texture": "#1"},
				"down": {"uv": [0, 0, 4, 1], "texture": "#1"}
			}
		},
		{
			"from": [7.16628, 17.77941, 0],
			"to": [8.16628, 20.77941, 1],
			"rotation": {"angle": 22.5, "axis": "z", "origin": [8.16628, 19.77941, 0]},
			"faces": {
				"north": {"uv": [0, 0, 3, 1], "rotation": 90, "texture": "#1"},
				"east": {"uv": [0, 0, 3, 1], "rotation": 270, "texture": "#1"},
				"south": {"uv": [0, 0, 3, 1], "rotation": 270, "texture": "#1"},
				"west": {"uv": [0, 0, 3, 1], "rotation": 270, "texture": "#1"},
				"up": {"uv": [0, 0, 1, 1], "rotation": 270, "texture": "#1"},
				"down": {"uv": [0, 0, 1, 1], "rotation": 270, "texture": "#1"}
			}
		},
		{
			"from": [-3.29206, 21.46616, 0],
			"to": [-0.29206, 22.46616, 1],
			"rotation": {"angle": 22.5, "axis": "z", "origin": [-4.29206, 21.46616, 0]},
			"faces": {
				"north": {"uv": [0, 0, 3, 1], "texture": "#1"},
				"east": {"uv": [0, 0, 1, 1], "texture": "#1"},
				"south": {"uv": [0, 0, 3, 1], "texture": "#1"},
				"west": {"uv": [0, 0, 1, 1], "texture": "#1"},
				"up": {"uv": [0, 0, 3, 1], "texture": "#1"},
				"down": {"uv": [0, 0, 3, 1], "texture": "#1"}
			}
		},
		{
			"from": [-6.16508, 20.35851, 0],
			"to": [-3.16508, 21.35851, 1],
			"rotation": {"angle": 45, "axis": "z", "origin": [-5.16508, 21.35851, 0]},
			"faces": {
				"north": {"uv": [0, 0, 3, 1], "rotation": 180, "texture": "#1"},
				"east": {"uv": [0, 0, 1, 1], "rotation": 180, "texture": "#1"},
				"south": {"uv": [0, 0, 3, 1], "rotation": 180, "texture": "#1"},
				"west": {"uv": [0, 0, 1, 1], "rotation": 180, "texture": "#1"},
				"up": {"uv": [0, 0, 3, 1], "rotation": 180, "texture": "#1"},
				"down": {"uv": [0, 0, 3, 1], "rotation": 180, "texture": "#1"}
			}
		},
		{
			"from": [-6.33099, 17.34484, 0],
			"to": [-5.33099, 20.34484, 1],
			"rotation": {"angle": -22.5, "axis": "z", "origin": [-5.33099, 19.34484, 0]},
			"faces": {
				"north": {"uv": [0, 0, 3, 1], "rotation": 90, "texture": "#1"},
				"east": {"uv": [0, 0, 3, 1], "rotation": 270, "texture": "#1"},
				"south": {"uv": [0, 0, 3, 1], "rotation": 270, "texture": "#1"},
				"west": {"uv": [0, 0, 3, 1], "rotation": 270, "texture": "#1"},
				"up": {"uv": [0, 0, 1, 1], "rotation": 270, "texture": "#1"},
				"down": {"uv": [0, 0, 1, 1], "rotation": 270, "texture": "#1"}
			}
		},
		{
			"from": [-7, 15, 0],
			"to": [-6, 18, 1],
			"rotation": {"angle": 0, "axis": "y", "origin": [-6, 16, 0]},
			"faces": {
				"north": {"uv": [0, 0, 3, 1], "rotation": 90, "texture": "#1"},
				"east": {"uv": [0, 0, 3, 1], "rotation": 270, "texture": "#1"},
				"south": {"uv": [0, 0, 3, 1], "rotation": 270, "texture": "#1"},
				"west": {"uv": [0, 0, 3, 1], "rotation": 270, "texture": "#1"},
				"up": {"uv": [0, 0, 1, 1], "rotation": 270, "texture": "#1"},
				"down": {"uv": [0, 0, 1, 1], "rotation": 270, "texture": "#1"}
			}
		},
		{
			"from": [7.54897, 11.00777, 0],
			"to": [8.54897, 14.00777, 1],
			"rotation": {"angle": -22.5, "axis": "z", "origin": [8.54897, 13.00777, 0]},
			"faces": {
				"north": {"uv": [0, 0, 3, 1], "rotation": 90, "texture": "#1"},
				"east": {"uv": [0, 0, 3, 1], "rotation": 270, "texture": "#1"},
				"south": {"uv": [0, 0, 3, 1], "rotation": 270, "texture": "#1"},
				"west": {"uv": [0, 0, 3, 1], "rotation": 270, "texture": "#1"},
				"up": {"uv": [0, 0, 1, 1], "rotation": 270, "texture": "#1"},
				"down": {"uv": [0, 0, 1, 1], "rotation": 270, "texture": "#1"}
			}
		},
		{
			"from": [6.07649, 8.45291, 0],
			"to": [7.07649, 11.45291, 1],
			"rotation": {"angle": -45, "axis": "z", "origin": [7.07649, 10.45291, 0]},
			"faces": {
				"north": {"uv": [0, 0, 3, 1], "rotation": 90, "texture": "#1"},
				"east": {"uv": [0, 0, 3, 1], "rotation": 270, "texture": "#1"},
				"south": {"uv": [0, 0, 3, 1], "rotation": 270, "texture": "#1"},
				"west": {"uv": [0, 0, 3, 1], "rotation": 270, "texture": "#1"},
				"up": {"uv": [0, 0, 1, 1], "rotation": 270, "texture": "#1"},
				"down": {"uv": [0, 0, 1, 1], "rotation": 270, "texture": "#1"}
			}
		},
		{
			"from": [2.7384, 8.65601, 0],
			"to": [5.7384, 9.65601, 1],
			"rotation": {"angle": 22.5, "axis": "z", "origin": [4.7384, 8.65601, 0]},
			"faces": {
				"north": {"uv": [0, 0, 3, 1], "texture": "#1"},
				"east": {"uv": [0, 0, 1, 1], "texture": "#1"},
				"south": {"uv": [0, 0, 3, 1], "texture": "#1"},
				"west": {"uv": [0, 0, 1, 1], "texture": "#1"},
				"up": {"uv": [0, 0, 3, 1], "texture": "#1"},
				"down": {"uv": [0, 0, 3, 1], "texture": "#1"}
			}
		},
		{
			"from": [-0.97922, 7.92078, 0],
			"to": [3.02078, 8.92078, 1],
			"rotation": {"angle": 0, "axis": "y", "origin": [0.82078, 7.92078, 0]},
			"faces": {
				"north": {"uv": [0, 0, 4, 1], "texture": "#1"},
				"east": {"uv": [0, 0, 1, 1], "texture": "#1"},
				"south": {"uv": [0, 0, 4, 1], "texture": "#1"},
				"west": {"uv": [0, 0, 1, 1], "texture": "#1"},
				"up": {"uv": [0, 0, 4, 1], "texture": "#1"},
				"down": {"uv": [0, 0, 4, 1], "texture": "#1"}
			}
		},
		{
			"from": [-3.9031, 8.30346, 0],
			"to": [-0.9031, 9.30346, 1],
			"rotation": {"angle": -22.5, "axis": "z", "origin": [-1.9031, 8.30346, 0]},
			"faces": {
				"north": {"uv": [0, 0, 3, 1], "texture": "#1"},
				"east": {"uv": [0, 0, 1, 1], "texture": "#1"},
				"south": {"uv": [0, 0, 3, 1], "texture": "#1"},
				"west": {"uv": [0, 0, 1, 1], "texture": "#1"},
				"up": {"uv": [0, 0, 3, 1], "texture": "#1"},
				"down": {"uv": [0, 0, 3, 1], "texture": "#1"}
			}
		},
		{
			"from": [-5.45797, 9.19015, 0],
			"to": [-4.45797, 12.19015, 1],
			"rotation": {"angle": 45, "axis": "z", "origin": [-4.45797, 11.19015, 0]},
			"faces": {
				"north": {"uv": [0, 0, 3, 1], "rotation": 90, "texture": "#1"},
				"east": {"uv": [0, 0, 3, 1], "rotation": 270, "texture": "#1"},
				"south": {"uv": [0, 0, 3, 1], "rotation": 270, "texture": "#1"},
				"west": {"uv": [0, 0, 3, 1], "rotation": 270, "texture": "#1"},
				"up": {"uv": [0, 0, 1, 1], "rotation": 270, "texture": "#1"},
				"down": {"uv": [0, 0, 1, 1], "rotation": 270, "texture": "#1"}
			}
		},
		{
			"from": [-6.71367, 11.42059, 0],
			"to": [-5.71367, 14.42059, 1],
			"rotation": {"angle": 22.5, "axis": "z", "origin": [-5.71367, 13.42059, 0]},
			"faces": {
				"north": {"uv": [0, 0, 3, 1], "rotation": 90, "texture": "#1"},
				"east": {"uv": [0, 0, 3, 1], "rotation": 270, "texture": "#1"},
				"south": {"uv": [0, 0, 3, 1], "rotation": 270, "texture": "#1"},
				"west": {"uv": [0, 0, 3, 1], "rotation": 270, "texture": "#1"},
				"up": {"uv": [0, 0, 1, 1], "rotation": 270, "texture": "#1"},
				"down": {"uv": [0, 0, 1, 1], "rotation": 270, "texture": "#1"}
			}
		},
		{
			"from": [13, 15.1, 0.8],
			"to": [16, 16.6, 0.8],
			"rotation": {"angle": 0, "axis": "y", "origin": [14, 13.6, 0.2]},
			"faces": {
				"north": {"uv": [0, 0, 2.68627, 8], "texture": "#0"},
				"east": {"uv": [0, 0, 0, 3], "texture": "#0"},
				"south": {"uv": [0, 0, 2.68627, 8.01961], "texture": "#0"},
				"west": {"uv": [0, 0, 0, 3], "texture": "#0"},
				"up": {"uv": [0, 0, 3, 0], "texture": "#0"},
				"down": {"uv": [0, 0, 3, 0], "texture": "#0"}
			}
		},
		{
			"from": [13, 16.6, 0.8],
			"to": [16, 19.6, 0.8],
			"rotation": {"angle": 0, "axis": "y", "origin": [14, 16.6, 0.2]},
			"faces": {
				"north": {"uv": [0, 0, 2.68627, 16], "texture": "#0"},
				"east": {"uv": [0, 0, 0, 3], "texture": "#0"},
				"south": {"uv": [0, 0, 2.68627, 16], "texture": "#0"},
				"west": {"uv": [0, 0, 0, 3], "texture": "#0"},
				"up": {"uv": [0, 0, 3, 0], "texture": "#0"},
				"down": {"uv": [0, 0, 3, 0], "texture": "#0"}
			}
		},
		{
			"from": [11.9, 19.5, 0.8],
			"to": [14.9, 22.5, 0.8],
			"rotation": {"angle": 0, "axis": "y", "origin": [12.9, 19.5, 0.2]},
			"faces": {
				"north": {"uv": [0, 0, 2.68627, 16], "texture": "#0"},
				"east": {"uv": [0, 0, 0, 3], "texture": "#0"},
				"south": {"uv": [0, 0, 2.68627, 16], "texture": "#0"},
				"west": {"uv": [0, 0, 0, 3], "texture": "#0"},
				"up": {"uv": [0, 0, 3, 0], "texture": "#0"},
				"down": {"uv": [0, 0, 3, 0], "texture": "#0"}
			}
		},
		{
			"from": [10.2, 22.1, 0.8],
			"to": [13.2, 25.1, 0.8],
			"rotation": {"angle": 0, "axis": "y", "origin": [11.2, 22.1, 0.2]},
			"faces": {
				"north": {"uv": [0, 0, 2.68627, 16], "texture": "#0"},
				"east": {"uv": [0, 0, 0, 3], "texture": "#0"},
				"south": {"uv": [0, 0, 2.68627, 15.84314], "texture": "#0"},
				"west": {"uv": [0, 0, 0, 3], "texture": "#0"},
				"up": {"uv": [0, 0, 3, 0], "texture": "#0"},
				"down": {"uv": [0, 0, 3, 0], "texture": "#0"}
			}
		},
		{
			"from": [8, 24.4, 0.8],
			"to": [11, 27.4, 0.8],
			"rotation": {"angle": 0, "axis": "y", "origin": [9, 24.4, 0.2]},
			"faces": {
				"north": {"uv": [0, 0, 2.68627, 16], "texture": "#0"},
				"east": {"uv": [0, 0, 0, 3], "texture": "#0"},
				"south": {"uv": [0, 0, 2.68627, 16], "texture": "#0"},
				"west": {"uv": [0, 0, 0, 3], "texture": "#0"},
				"up": {"uv": [0, 0, 3, 0], "texture": "#0"},
				"down": {"uv": [0, 0, 3, 0], "texture": "#0"}
			}
		},
		{
			"from": [5.3, 26.2, 0.8],
			"to": [8.3, 29.2, 0.8],
			"rotation": {"angle": 0, "axis": "y", "origin": [6.3, 26.2, 0.2]},
			"faces": {
				"north": {"uv": [0, 0, 2.68627, 16], "texture": "#0"},
				"east": {"uv": [0, 0, 0, 3], "texture": "#0"},
				"south": {"uv": [0, 0, 2.68627, 15.84314], "texture": "#0"},
				"west": {"uv": [0, 0, 0, 3], "texture": "#0"},
				"up": {"uv": [0, 0, 3, 0], "texture": "#0"},
				"down": {"uv": [0, 0, 3, 0], "texture": "#0"}
			}
		},
		{
			"from": [2.3, 27.2, 0.8],
			"to": [5.3, 30.2, 0.8],
			"rotation": {"angle": 0, "axis": "y", "origin": [9.3, 27.2, 0.2]},
			"faces": {
				"north": {"uv": [0, 0, 2.68627, 16], "texture": "#0"},
				"east": {"uv": [0, 0, 0, 3], "texture": "#0"},
				"south": {"uv": [0, 0, 2.68627, 16], "texture": "#0"},
				"west": {"uv": [0, 0, 0, 3], "texture": "#0"},
				"up": {"uv": [0, 0, 3, 0], "texture": "#0"},
				"down": {"uv": [0, 0, 3, 0], "texture": "#0"}
			}
		},
		{
			"from": [-14, 15.1, 1],
			"to": [-11, 16.6, 1],
			"rotation": {"angle": 0, "axis": "y", "origin": [-13, 13.6, 0.4]},
			"faces": {
				"north": {"uv": [0, 0, 2.68627, 8], "texture": "#0"},
				"east": {"uv": [0, 0, 0, 3], "texture": "#0"},
				"south": {"uv": [0, 0, 2.68627, 8.01961], "texture": "#0"},
				"west": {"uv": [0, 0, 0, 3], "texture": "#0"},
				"up": {"uv": [0, 0, 3, 0], "texture": "#0"},
				"down": {"uv": [0, 0, 3, 0], "texture": "#0"}
			}
		},
		{
			"from": [-14, 16.6, 1],
			"to": [-11, 19.6, 1],
			"rotation": {"angle": 0, "axis": "y", "origin": [-13, 16.6, 0.4]},
			"faces": {
				"north": {"uv": [0, 0, 2.68627, 16], "texture": "#0"},
				"east": {"uv": [0, 0, 0, 3], "texture": "#0"},
				"south": {"uv": [0, 0, 2.68627, 16], "texture": "#0"},
				"west": {"uv": [0, 0, 0, 3], "texture": "#0"},
				"up": {"uv": [0, 0, 3, 0], "texture": "#0"},
				"down": {"uv": [0, 0, 3, 0], "texture": "#0"}
			}
		},
		{
			"from": [-13.1, 19.5, 0.8],
			"to": [-10.1, 22.5, 0.8],
			"rotation": {"angle": 0, "axis": "y", "origin": [0.9, 15.8, 1.4]},
			"faces": {
				"north": {"uv": [0, 0, 2.52941, 15.84314], "texture": "#0"},
				"east": {"uv": [0, 0, 0, 3], "texture": "#0"},
				"south": {"uv": [0, 0, 2.68627, 16], "texture": "#0"},
				"west": {"uv": [0, 0, 0, 3], "texture": "#0"},
				"up": {"uv": [0, 0, 3, 0], "rotation": 180, "texture": "#0"},
				"down": {"uv": [0, 0, 3, 0], "rotation": 180, "texture": "#0"}
			}
		},
		{
			"from": [-11.4, 22.1, 0.8],
			"to": [-8.4, 25.1, 0.8],
			"rotation": {"angle": 0, "axis": "y", "origin": [0.9, 15.8, 1.4]},
			"faces": {
				"north": {"uv": [0, 0, 2.68627, 16], "texture": "#0"},
				"east": {"uv": [0, 0, 0, 3], "texture": "#0"},
				"south": {"uv": [0, 0, 2.68627, 16], "texture": "#0"},
				"west": {"uv": [0, 0, 0, 3], "texture": "#0"},
				"up": {"uv": [0, 0, 3, 0], "rotation": 180, "texture": "#0"},
				"down": {"uv": [0, 0, 3, 0], "rotation": 180, "texture": "#0"}
			}
		},
		{
			"from": [-9.2, 24.4, 0.8],
			"to": [-6.2, 27.4, 0.8],
			"rotation": {"angle": 0, "axis": "y", "origin": [0.9, 15.8, 1.4]},
			"faces": {
				"north": {"uv": [0, 0, 2.68627, 16], "texture": "#0"},
				"east": {"uv": [0, 0, 0, 3], "texture": "#0"},
				"south": {"uv": [0, 0, 2.68627, 16], "texture": "#0"},
				"west": {"uv": [0, 0, 0, 3], "texture": "#0"},
				"up": {"uv": [0, 0, 3, 0], "rotation": 180, "texture": "#0"},
				"down": {"uv": [0, 0, 3, 0], "rotation": 180, "texture": "#0"}
			}
		},
		{
			"from": [-6.7, 26.2, 0.8],
			"to": [-3.7, 29.2, 0.8],
			"rotation": {"angle": 0, "axis": "y", "origin": [0.7, 16.2, 1.4]},
			"faces": {
				"north": {"uv": [0, 0, 2.68627, 16], "texture": "#0"},
				"east": {"uv": [0, 0, 0, 3], "texture": "#0"},
				"south": {"uv": [0, 0, 2.68627, 16], "texture": "#0"},
				"west": {"uv": [0, 0, 0, 3], "texture": "#0"},
				"up": {"uv": [0, 0, 3, 0], "rotation": 180, "texture": "#0"},
				"down": {"uv": [0, 0, 3, 0], "rotation": 180, "texture": "#0"}
			}
		},
		{
			"from": [-3.7, 27.2, 0.8],
			"to": [-0.7, 30.2, 0.8],
			"rotation": {"angle": 0, "axis": "y", "origin": [3.3, 27.2, 0.2]},
			"faces": {
				"north": {"uv": [0, 0, 2.68627, 16], "texture": "#0"},
				"east": {"uv": [0, 0, 0, 3], "texture": "#0"},
				"south": {"uv": [0, 0, 2.68627, 16], "texture": "#0"},
				"west": {"uv": [0, 0, 0, 3], "texture": "#0"},
				"up": {"uv": [0, 0, 3, 0], "texture": "#0"},
				"down": {"uv": [0, 0, 3, 0], "texture": "#0"}
			}
		},
		{
			"from": [-0.7, 27.6, 0.8],
			"to": [2.3, 30.6, 0.8],
			"rotation": {"angle": 0, "axis": "y", "origin": [6.3, 27.6, 0.2]},
			"faces": {
				"north": {"uv": [0, 0, 2.68627, 16], "texture": "#0"},
				"east": {"uv": [0, 0, 0, 3], "texture": "#0"},
				"south": {"uv": [0, 0, 2.68627, 16], "texture": "#0"},
				"west": {"uv": [0, 0, 0, 3], "texture": "#0"},
				"up": {"uv": [0, 0, 3, 0], "texture": "#0"},
				"down": {"uv": [0, 0, 3, 0], "texture": "#0"}
			}
		},
		{
			"from": [-14, -15, 0.4],
			"to": [16, 21, 0.4],
			"rotation": {"angle": 0, "axis": "y", "origin": [1, -15, 0.4]},
			"faces": {
				"north": {"uv": [0, 0, 16, 16], "texture": "#2"},
				"east": {"uv": [0, 0, 0, 16], "texture": "#2"},
				"south": {"uv": [0, 0, 16, 16], "texture": "#2"},
				"west": {"uv": [0, 0, 0, 16], "texture": "#2"},
				"up": {"uv": [0, 0, 16, 0], "texture": "#2"},
				"down": {"uv": [0, 0, 16, 0], "texture": "#2"}
			}
		},
		{
			"from": [-13, 21, 0.4],
			"to": [14.7, 24, 0.4],
			"rotation": {"angle": 0, "axis": "y", "origin": [1, -15, 0.4]},
			"faces": {
				"north": {"uv": [0, 0, 16, 3], "texture": "#2"},
				"east": {"uv": [0, 0, 0, 3], "texture": "#2"},
				"south": {"uv": [0, 0, 16, 3], "texture": "#2"},
				"west": {"uv": [0, 0, 0, 3], "texture": "#2"},
				"up": {"uv": [0, 0, 16, 0], "texture": "#2"},
				"down": {"uv": [0, 0, 16, 0], "texture": "#2"}
			}
		},
		{
			"from": [-12, 24, 0.4],
			"to": [13.7, 25.2, 0.4],
			"rotation": {"angle": 0, "axis": "y", "origin": [2, -12, 0.4]},
			"faces": {
				"north": {"uv": [0, 0, 16, 1.2], "texture": "#2"},
				"east": {"uv": [0, 0, 0, 1.2], "texture": "#2"},
				"south": {"uv": [0, 0, 16, 1.2], "texture": "#2"},
				"west": {"uv": [0, 0, 0, 1.2], "texture": "#2"},
				"up": {"uv": [0, 0, 16, 0], "texture": "#2"},
				"down": {"uv": [0, 0, 16, 0], "texture": "#2"}
			}
		},
		{
			"from": [-10.9, 25, 0.4],
			"to": [12.5, 26.2, 0.4],
			"rotation": {"angle": 0, "axis": "y", "origin": [3.1, -11, 0.4]},
			"faces": {
				"north": {"uv": [0, 0, 16, 1.2], "texture": "#2"},
				"east": {"uv": [0, 0, 0, 1.2], "texture": "#2"},
				"south": {"uv": [0, 0, 16, 1.2], "texture": "#2"},
				"west": {"uv": [0, 0, 0, 1.2], "texture": "#2"},
				"up": {"uv": [0, 0, 16, 0], "texture": "#2"},
				"down": {"uv": [0, 0, 16, 0], "texture": "#2"}
			}
		},
		{
			"from": [-9.6, 26.2, 0.4],
			"to": [11.4, 27.4, 0.4],
			"rotation": {"angle": 0, "axis": "y", "origin": [4.4, -9.8, 0.4]},
			"faces": {
				"north": {"uv": [0, 0, 16, 1.2], "texture": "#2"},
				"east": {"uv": [0, 0, 0, 1.2], "texture": "#2"},
				"south": {"uv": [0, 0, 16, 1.2], "texture": "#2"},
				"west": {"uv": [0, 0, 0, 1.2], "texture": "#2"},
				"up": {"uv": [0, 0, 16, 0], "texture": "#2"},
				"down": {"uv": [0, 0, 16, 0], "texture": "#2"}
			}
		},
		{
			"from": [-8.7, 27.2, 0.4],
			"to": [10.3, 28.4, 0.4],
			"rotation": {"angle": 0, "axis": "y", "origin": [5.3, -8.8, 0.4]},
			"faces": {
				"north": {"uv": [0, 0, 16, 1.2], "texture": "#2"},
				"east": {"uv": [0, 0, 0, 1.2], "texture": "#2"},
				"south": {"uv": [0, 0, 16, 1.2], "texture": "#2"},
				"west": {"uv": [0, 0, 0, 1.2], "texture": "#2"},
				"up": {"uv": [0, 0, 16, 0], "texture": "#2"},
				"down": {"uv": [0, 0, 16, 0], "texture": "#2"}
			}
		},
		{
			"from": [-7.4, 28.4, 0.4],
			"to": [9.3, 29.6, 0.4],
			"rotation": {"angle": 0, "axis": "y", "origin": [6.6, -7.6, 0.4]},
			"faces": {
				"north": {"uv": [0, 0, 16, 1.2], "texture": "#2"},
				"east": {"uv": [0, 0, 0, 1.2], "texture": "#2"},
				"south": {"uv": [0, 0, 16, 1.2], "texture": "#2"},
				"west": {"uv": [0, 0, 0, 1.2], "texture": "#2"},
				"up": {"uv": [0, 0, 16, 0], "texture": "#2"},
				"down": {"uv": [0, 0, 16, 0], "texture": "#2"}
			}
		},
		{
			"from": [-4.8, 29.6, 0.4],
			"to": [6.6, 30.7, 0.4],
			"rotation": {"angle": 0, "axis": "y", "origin": [9.2, -6.6, 0.4]},
			"faces": {
				"north": {"uv": [0, 0, 11.4, 1.1], "texture": "#2"},
				"east": {"uv": [0, 0, 0, 1.1], "texture": "#2"},
				"south": {"uv": [0, 0, 11.4, 1.1], "texture": "#2"},
				"west": {"uv": [0, 0, 0, 1.1], "texture": "#2"},
				"up": {"uv": [0, 0, 11.4, 0], "texture": "#2"},
				"down": {"uv": [0, 0, 11.4, 0], "texture": "#2"}
			}
		},
		{
			"from": [-7, 7.9, 0.6],
			"to": [9, 23.9, 0.6],
			"rotation": {"angle": 0, "axis": "y", "origin": [-7, 7.9, -1.4]},
			"faces": {
				"north": {"uv": [0.64396, 0.39628, 14.95975, 14.613], "texture": "#3"},
				"east": {"uv": [0, 0, 0, 16], "texture": "#3"},
				"south": {"uv": [0.59443, 0.34675, 14.95975, 14.71207], "texture": "#3"},
				"west": {"uv": [0, 0, 0, 16], "texture": "#3"},
				"up": {"uv": [0, 0, 16, 0], "texture": "#3"},
				"down": {"uv": [0, 0, 16, 0], "texture": "#3"}
			}
		},
		{
			"from": [-7, 7.9, 0.3],
			"to": [9, 23.9, 0.3],
			"rotation": {"angle": 0, "axis": "y", "origin": [-7, 7.9, -1.7]},
			"faces": {
				"north": {"uv": [0.64396, 0.39628, 14.95975, 14.613], "texture": "#3"},
				"east": {"uv": [0, 0, 0, 16], "texture": "#3"},
				"south": {"uv": [0.59443, 0.34675, 14.95975, 14.613], "texture": "#3"},
				"west": {"uv": [0, 0, 0, 16], "texture": "#3"},
				"up": {"uv": [0, 0, 16, 0], "texture": "#3"},
				"down": {"uv": [0, 0, 16, 0], "texture": "#3"}
			}
		},
		{
			"from": [-14, 15.1, 0.2],
			"to": [-11, 16.6, 0.2],
			"rotation": {"angle": 0, "axis": "y", "origin": [-13, 13.6, -0.4]},
			"faces": {
				"north": {"uv": [0, 0, 2.68627, 8], "texture": "#0"},
				"east": {"uv": [0, 0, 0, 3], "texture": "#0"},
				"south": {"uv": [0, 0, 2.68627, 8.01961], "texture": "#0"},
				"west": {"uv": [0, 0, 0, 3], "texture": "#0"},
				"up": {"uv": [0, 0, 3, 0], "texture": "#0"},
				"down": {"uv": [0, 0, 3, 0], "texture": "#0"}
			}
		},
		{
			"from": [-14, 16.6, 0.2],
			"to": [-11, 19.6, 0.2],
			"rotation": {"angle": 0, "axis": "y", "origin": [-13, 16.6, -0.4]},
			"faces": {
				"north": {"uv": [0, 0, 2.68627, 16], "texture": "#0"},
				"east": {"uv": [0, 0, 0, 3], "texture": "#0"},
				"south": {"uv": [0, 0, 2.68627, 16], "texture": "#0"},
				"west": {"uv": [0, 0, 0, 3], "texture": "#0"},
				"up": {"uv": [0, 0, 3, 0], "texture": "#0"},
				"down": {"uv": [0, 0, 3, 0], "texture": "#0"}
			}
		},
		{
			"from": [-13.1, 19.5, 0.2],
			"to": [-10.1, 22.5, 0.2],
			"rotation": {"angle": 0, "axis": "y", "origin": [0.9, 15.8, 0.8]},
			"faces": {
				"north": {"uv": [0, 0, 2.52941, 15.84314], "texture": "#0"},
				"east": {"uv": [0, 0, 0, 3], "texture": "#0"},
				"south": {"uv": [0, 0, 2.68627, 16], "texture": "#0"},
				"west": {"uv": [0, 0, 0, 3], "texture": "#0"},
				"up": {"uv": [0, 0, 3, 0], "rotation": 180, "texture": "#0"},
				"down": {"uv": [0, 0, 3, 0], "rotation": 180, "texture": "#0"}
			}
		},
		{
			"from": [-11.4, 22.1, 0.2],
			"to": [-8.4, 25.1, 0.2],
			"rotation": {"angle": 0, "axis": "y", "origin": [0.9, 15.8, 0.8]},
			"faces": {
				"north": {"uv": [0, 0, 2.68627, 16], "texture": "#0"},
				"east": {"uv": [0, 0, 0, 3], "texture": "#0"},
				"south": {"uv": [0, 0, 2.68627, 16], "texture": "#0"},
				"west": {"uv": [0, 0, 0, 3], "texture": "#0"},
				"up": {"uv": [0, 0, 3, 0], "rotation": 180, "texture": "#0"},
				"down": {"uv": [0, 0, 3, 0], "rotation": 180, "texture": "#0"}
			}
		},
		{
			"from": [-9.2, 24.4, 0.2],
			"to": [-6.2, 27.4, 0.2],
			"rotation": {"angle": 0, "axis": "y", "origin": [0.9, 15.8, 0.8]},
			"faces": {
				"north": {"uv": [0, 0, 2.68627, 16], "texture": "#0"},
				"east": {"uv": [0, 0, 0, 3], "texture": "#0"},
				"south": {"uv": [0, 0, 2.68627, 16], "texture": "#0"},
				"west": {"uv": [0, 0, 0, 3], "texture": "#0"},
				"up": {"uv": [0, 0, 3, 0], "rotation": 180, "texture": "#0"},
				"down": {"uv": [0, 0, 3, 0], "rotation": 180, "texture": "#0"}
			}
		},
		{
			"from": [-6.7, 26.2, 0.2],
			"to": [-3.7, 29.2, 0.2],
			"rotation": {"angle": 0, "axis": "y", "origin": [0.7, 16.2, 0.8]},
			"faces": {
				"north": {"uv": [0, 0, 2.68627, 16], "texture": "#0"},
				"east": {"uv": [0, 0, 0, 3], "texture": "#0"},
				"south": {"uv": [0, 0, 2.68627, 16], "texture": "#0"},
				"west": {"uv": [0, 0, 0, 3], "texture": "#0"},
				"up": {"uv": [0, 0, 3, 0], "rotation": 180, "texture": "#0"},
				"down": {"uv": [0, 0, 3, 0], "rotation": 180, "texture": "#0"}
			}
		},
		{
			"from": [-3.7, 27.2, 0.2],
			"to": [-0.7, 30.2, 0.2],
			"rotation": {"angle": 0, "axis": "y", "origin": [3.3, 27.2, -0.4]},
			"faces": {
				"north": {"uv": [0, 0, 2.68627, 16], "texture": "#0"},
				"east": {"uv": [0, 0, 0, 3], "texture": "#0"},
				"south": {"uv": [0, 0, 2.68627, 16], "texture": "#0"},
				"west": {"uv": [0, 0, 0, 3], "texture": "#0"},
				"up": {"uv": [0, 0, 3, 0], "texture": "#0"},
				"down": {"uv": [0, 0, 3, 0], "texture": "#0"}
			}
		},
		{
			"from": [2.3, 27.2, 0.2],
			"to": [5.3, 30.2, 0.2],
			"rotation": {"angle": 0, "axis": "y", "origin": [9.3, 27.2, -0.4]},
			"faces": {
				"north": {"uv": [0, 0, 2.68627, 16], "texture": "#0"},
				"east": {"uv": [0, 0, 0, 3], "texture": "#0"},
				"south": {"uv": [0, 0, 2.68627, 16], "texture": "#0"},
				"west": {"uv": [0, 0, 0, 3], "texture": "#0"},
				"up": {"uv": [0, 0, 3, 0], "texture": "#0"},
				"down": {"uv": [0, 0, 3, 0], "texture": "#0"}
			}
		},
		{
			"from": [-0.7, 27.6, 0.2],
			"to": [2.3, 30.6, 0.2],
			"rotation": {"angle": 0, "axis": "y", "origin": [6.3, 27.6, -0.4]},
			"faces": {
				"north": {"uv": [0, 0, 2.68627, 16], "texture": "#0"},
				"east": {"uv": [0, 0, 0, 3], "texture": "#0"},
				"south": {"uv": [0, 0, 2.68627, 16], "texture": "#0"},
				"west": {"uv": [0, 0, 0, 3], "texture": "#0"},
				"up": {"uv": [0, 0, 3, 0], "texture": "#0"},
				"down": {"uv": [0, 0, 3, 0], "texture": "#0"}
			}
		},
		{
			"from": [5.3, 26.2, 0.2],
			"to": [8.3, 29.2, 0.2],
			"rotation": {"angle": 0, "axis": "y", "origin": [6.3, 26.2, -0.4]},
			"faces": {
				"north": {"uv": [0, 0, 2.68627, 16], "texture": "#0"},
				"east": {"uv": [0, 0, 0, 3], "texture": "#0"},
				"south": {"uv": [0, 0, 2.68627, 15.84314], "texture": "#0"},
				"west": {"uv": [0, 0, 0, 3], "texture": "#0"},
				"up": {"uv": [0, 0, 3, 0], "texture": "#0"},
				"down": {"uv": [0, 0, 3, 0], "texture": "#0"}
			}
		},
		{
			"from": [8, 24.4, 0.2],
			"to": [11, 27.4, 0.2],
			"rotation": {"angle": 0, "axis": "y", "origin": [9, 24.4, -0.4]},
			"faces": {
				"north": {"uv": [0, 0, 2.68627, 16], "texture": "#0"},
				"east": {"uv": [0, 0, 0, 3], "texture": "#0"},
				"south": {"uv": [0, 0, 2.68627, 16], "texture": "#0"},
				"west": {"uv": [0, 0, 0, 3], "texture": "#0"},
				"up": {"uv": [0, 0, 3, 0], "texture": "#0"},
				"down": {"uv": [0, 0, 3, 0], "texture": "#0"}
			}
		},
		{
			"from": [10.2, 22.1, 0.2],
			"to": [13.2, 25.1, 0.2],
			"rotation": {"angle": 0, "axis": "y", "origin": [11.2, 22.1, -0.4]},
			"faces": {
				"north": {"uv": [0, 0, 2.68627, 16], "texture": "#0"},
				"east": {"uv": [0, 0, 0, 3], "texture": "#0"},
				"south": {"uv": [0, 0, 2.68627, 15.84314], "texture": "#0"},
				"west": {"uv": [0, 0, 0, 3], "texture": "#0"},
				"up": {"uv": [0, 0, 3, 0], "texture": "#0"},
				"down": {"uv": [0, 0, 3, 0], "texture": "#0"}
			}
		},
		{
			"from": [11.9, 19.5, 0.2],
			"to": [14.9, 22.5, 0.2],
			"rotation": {"angle": 0, "axis": "y", "origin": [12.9, 19.5, -0.4]},
			"faces": {
				"north": {"uv": [0, 0, 2.68627, 16], "texture": "#0"},
				"east": {"uv": [0, 0, 0, 3], "texture": "#0"},
				"south": {"uv": [0, 0, 2.68627, 16], "texture": "#0"},
				"west": {"uv": [0, 0, 0, 3], "texture": "#0"},
				"up": {"uv": [0, 0, 3, 0], "texture": "#0"},
				"down": {"uv": [0, 0, 3, 0], "texture": "#0"}
			}
		},
		{
			"from": [13, 16.6, 0.2],
			"to": [16, 19.6, 0.2],
			"rotation": {"angle": 0, "axis": "y", "origin": [14, 16.6, -0.4]},
			"faces": {
				"north": {"uv": [0, 0, 2.68627, 16], "texture": "#0"},
				"east": {"uv": [0, 0, 0, 3], "texture": "#0"},
				"south": {"uv": [0, 0, 2.68627, 16], "texture": "#0"},
				"west": {"uv": [0, 0, 0, 3], "texture": "#0"},
				"up": {"uv": [0, 0, 3, 0], "texture": "#0"},
				"down": {"uv": [0, 0, 3, 0], "texture": "#0"}
			}
		},
		{
			"from": [13, 15.1, 0.2],
			"to": [16, 16.6, 0.2],
			"rotation": {"angle": 0, "axis": "y", "origin": [14, 13.6, -0.4]},
			"faces": {
				"north": {"uv": [0, 0, 2.68627, 8], "texture": "#0"},
				"east": {"uv": [0, 0, 0, 3], "texture": "#0"},
				"south": {"uv": [0, 0, 2.68627, 8.01961], "texture": "#0"},
				"west": {"uv": [0, 0, 0, 3], "texture": "#0"},
				"up": {"uv": [0, 0, 3, 0], "texture": "#0"},
				"down": {"uv": [0, 0, 3, 0], "texture": "#0"}
			}
		},
		{
			"from": [0.5, 23.7, 0],
			"to": [1.5, 25.8, 1],
			"rotation": {"angle": 0, "axis": "y", "origin": [0.5, 3, 0]},
			"faces": {
				"north": {"uv": [0, 0, 1, 2.1], "texture": "#1"},
				"east": {"uv": [0, 0, 1, 2.1], "texture": "#1"},
				"south": {"uv": [0, 0, 1, 2.1], "texture": "#1"},
				"west": {"uv": [0, 0, 1, 2.1], "texture": "#1"},
				"up": {"uv": [0, 0, 1, 1], "texture": "#1"},
				"down": {"uv": [0, 0, 1, 1], "texture": "#1"}
			}
		},
		{
			"from": [-7.5, 27.5, 0],
			"to": [-6.5, 30.8, 1],
			"rotation": {"angle": -45, "axis": "z", "origin": [-7.5, 8, 0]},
			"faces": {
				"north": {"uv": [0, 0, 1, 3.3], "texture": "#1"},
				"east": {"uv": [0, 0, 1, 3.3], "texture": "#1"},
				"south": {"uv": [0, 0, 1, 3.3], "texture": "#1"},
				"west": {"uv": [0, 0, 1, 3.3], "texture": "#1"},
				"up": {"uv": [0, 0, 1, 1], "texture": "#1"},
				"down": {"uv": [0, 0, 1, 1], "texture": "#1"}
			}
		},
		{
			"from": [7.5, 25.9, 0],
			"to": [8.5, 28.8, 1],
			"rotation": {"angle": 45, "axis": "z", "origin": [7.5, 8, 0]},
			"faces": {
				"north": {"uv": [0, 0, 1, 2.9], "texture": "#1"},
				"east": {"uv": [0, 0, 1, 2.9], "texture": "#1"},
				"south": {"uv": [0, 0, 1, 2.9], "texture": "#1"},
				"west": {"uv": [0, 0, 1, 2.9], "texture": "#1"},
				"up": {"uv": [0, 0, 1, 1], "texture": "#1"},
				"down": {"uv": [0, 0, 1, 1], "texture": "#1"}
			}
		}
	],
	"display": {
		"head": {
			"translation": [4.25, -11, 19.75],
			"scale": [1.6, 1.6, 1.6]
		}
	}
}