{
	"format_version": "1.9.0",
	"credit": "Made with Blockbench",
	"textures": {
		"0": "item/vitrauxstudio",
		"1": "item/cut_sandstonemodif",
		"particle": "item/vitrauxstudio"
	},
	"elements": [
		{
			"from": [-16, 0, 2],
			"to": [32, 24, 2],
			"faces": {
				"north": {"uv": [0, 0, 16, 16], "texture": "#0"},
				"east": {"uv": [0, 0, 0, 16], "texture": "#0"},
				"south": {"uv": [0, 0, 16, 16], "texture": "#0"},
				"west": {"uv": [0, 0, 0, 16], "texture": "#0"},
				"up": {"uv": [0, 0, 16, 0], "texture": "#0"},
				"down": {"uv": [0, 0, 16, 0], "texture": "#0"}
			}
		},
		{
			"from": [-16, 0, 2.1],
			"to": [32, 24, 2.1],
			"rotation": {"angle": 0, "axis": "z", "origin": [0, 0, 0.1]},
			"faces": {
				"north": {"uv": [0, 0, 16, 16], "texture": "#0"},
				"east": {"uv": [0, 0, 0, 16], "texture": "#0"},
				"south": {"uv": [0, 0, 16, 16], "texture": "#0"},
				"west": {"uv": [0, 0, 0, 16], "texture": "#0"},
				"up": {"uv": [0, 0, 16, 0], "texture": "#0"},
				"down": {"uv": [0, 0, 16, 0], "texture": "#0"}
			}
		},
		{
			"from": [-16, 0, 2.3],
			"to": [32, 24, 2.3],
			"rotation": {"angle": 0, "axis": "z", "origin": [0, 0, 0.3]},
			"faces": {
				"north": {"uv": [0, 0, 16, 16], "texture": "#0"},
				"east": {"uv": [0, 0, 0, 16], "texture": "#0"},
				"south": {"uv": [0, 0, 16, 16], "texture": "#0"},
				"west": {"uv": [0, 0, 0, 16], "texture": "#0"},
				"up": {"uv": [0, 0, 16, 0], "texture": "#0"},
				"down": {"uv": [0, 0, 16, 0], "texture": "#0"}
			}
		},
		{
			"from": [-16, 0, 2.2],
			"to": [32, 24, 2.2],
			"rotation": {"angle": 0, "axis": "z", "origin": [0, 0, 0.2]},
			"faces": {
				"north": {"uv": [0, 0, 16, 16], "texture": "#0"},
				"east": {"uv": [0, 0, 0, 16], "texture": "#0"},
				"south": {"uv": [0, 0, 16, 16], "texture": "#0"},
				"west": {"uv": [0, 0, 0, 16], "texture": "#0"},
				"up": {"uv": [0, 0, 16, 0], "texture": "#0"},
				"down": {"uv": [0, 0, 16, 0], "texture": "#0"}
			}
		},
		{
			"from": [-16, 8.5, -5.3],
			"to": [-14, 10.5, 3.2],
			"rotation": {"angle": 0, "axis": "y", "origin": [-16, 8.5, 0.7]},
			"faces": {
				"north": {"uv": [0, 0, 2, 2], "texture": "#1"},
				"east": {"uv": [0, 0, 8.5, 2], "texture": "#1"},
				"south": {"uv": [0, 0, 2, 2], "texture": "#1"},
				"west": {"uv": [0, 0, 8.5, 2], "texture": "#1"},
				"up": {"uv": [0, 0, 2, 8.5], "texture": "#1"},
				"down": {"uv": [0, 0, 2, 8.5], "texture": "#1"}
			}
		},
		{
			"from": [-16, 0, -5.3],
			"to": [-15, 8.5, 3.2],
			"rotation": {"angle": 0, "axis": "y", "origin": [-16, 8.5, 0.7]},
			"faces": {
				"north": {"uv": [0, 0, 1, 8.5], "texture": "#1"},
				"east": {"uv": [0, 0, 8.5, 8.5], "texture": "#1"},
				"south": {"uv": [0, 0, 1, 8.5], "texture": "#1"},
				"west": {"uv": [0, 0, 8.5, 8.5], "texture": "#1"},
				"up": {"uv": [0, 0, 1, 8.5], "texture": "#1"},
				"down": {"uv": [0, 0, 1, 8.5], "texture": "#1"}
			}
		},
		{
			"from": [-16, 10.5, -5.3],
			"to": [-13.1, 13.5, 3.2],
			"rotation": {"angle": 0, "axis": "y", "origin": [-16, 8.5, 0.7]},
			"faces": {
				"north": {"uv": [0, 0, 2.9, 3], "texture": "#1"},
				"east": {"uv": [0, 0, 8.5, 3], "texture": "#1"},
				"south": {"uv": [0, 0, 2.9, 3], "texture": "#1"},
				"west": {"uv": [0, 0, 8.5, 3], "texture": "#1"},
				"up": {"uv": [0, 0, 2.9, 8.5], "texture": "#1"},
				"down": {"uv": [0, 0, 2.9, 8.5], "texture": "#1"}
			}
		},
		{
			"from": [-16, 13.5, -5.3],
			"to": [-11.2, 15.5, 3.2],
			"rotation": {"angle": 0, "axis": "y", "origin": [-16, 11.5, 0.7]},
			"faces": {
				"north": {"uv": [0, 0, 4.8, 2], "texture": "#1"},
				"east": {"uv": [0, 0, 8.5, 2], "texture": "#1"},
				"south": {"uv": [0, 0, 4.8, 2], "texture": "#1"},
				"west": {"uv": [0, 0, 8.5, 2], "texture": "#1"},
				"up": {"uv": [0, 0, 4.8, 8.5], "texture": "#1"},
				"down": {"uv": [0, 0, 4.8, 8.5], "texture": "#1"}
			}
		},
		{
			"from": [-16, 15.5, -5.3],
			"to": [-9.8, 16.5, 3.2],
			"rotation": {"angle": 0, "axis": "y", "origin": [-16, 12.5, 0.7]},
			"faces": {
				"north": {"uv": [0, 0, 6.2, 1], "texture": "#1"},
				"east": {"uv": [0, 0, 8.5, 1], "texture": "#1"},
				"south": {"uv": [0, 0, 6.2, 1], "texture": "#1"},
				"west": {"uv": [0, 0, 8.5, 1], "texture": "#1"},
				"up": {"uv": [0, 0, 6.2, 8.5], "texture": "#1"},
				"down": {"uv": [0, 0, 6.2, 8.5], "texture": "#1"}
			}
		},
		{
			"from": [-16, 16.5, -5.3],
			"to": [-8.8, 17.5, 3.2],
			"rotation": {"angle": 0, "axis": "y", "origin": [-16, 13.5, 0.7]},
			"faces": {
				"north": {"uv": [0, 0, 7.2, 1], "texture": "#1"},
				"east": {"uv": [0, 0, 8.5, 1], "texture": "#1"},
				"south": {"uv": [0, 0, 7.2, 1], "texture": "#1"},
				"west": {"uv": [0, 0, 8.5, 1], "texture": "#1"},
				"up": {"uv": [0, 0, 7.2, 8.5], "texture": "#1"},
				"down": {"uv": [0, 0, 7.2, 8.5], "texture": "#1"}
			}
		},
		{
			"from": [-16, 17.5, -5.3],
			"to": [-7.8, 18.5, 3.2],
			"rotation": {"angle": 0, "axis": "y", "origin": [-16, 14.5, 0.7]},
			"faces": {
				"north": {"uv": [0, 0, 8.2, 1], "texture": "#1"},
				"east": {"uv": [0, 0, 8.5, 1], "texture": "#1"},
				"south": {"uv": [0, 0, 8.2, 1], "texture": "#1"},
				"west": {"uv": [0, 0, 8.5, 1], "texture": "#1"},
				"up": {"uv": [0, 0, 8.2, 8.5], "texture": "#1"},
				"down": {"uv": [0, 0, 8.2, 8.5], "texture": "#1"}
			}
		},
		{
			"from": [-16, 20.5, -5.3],
			"to": [-3.8, 21.5, 3.2],
			"rotation": {"angle": 0, "axis": "y", "origin": [-16, 17.5, 0.7]},
			"faces": {
				"north": {"uv": [0, 0, 12.2, 1], "texture": "#1"},
				"east": {"uv": [0, 0, 8.5, 1], "texture": "#1"},
				"south": {"uv": [0, 0, 12.2, 1], "texture": "#1"},
				"west": {"uv": [0, 0, 8.5, 1], "texture": "#1"},
				"up": {"uv": [0, 0, 12.2, 8.5], "texture": "#1"},
				"down": {"uv": [0, 0, 12.2, 8.5], "texture": "#1"}
			}
		},
		{
			"from": [-16, 19.5, -5.3],
			"to": [-5.8, 20.5, 3.2],
			"rotation": {"angle": 0, "axis": "y", "origin": [-16, 16.5, 0.7]},
			"faces": {
				"north": {"uv": [0, 0, 10.2, 1], "texture": "#1"},
				"east": {"uv": [0, 0, 8.5, 1], "texture": "#1"},
				"south": {"uv": [0, 0, 10.2, 1], "texture": "#1"},
				"west": {"uv": [0, 0, 8.5, 1], "texture": "#1"},
				"up": {"uv": [0, 0, 10.2, 8.5], "texture": "#1"},
				"down": {"uv": [0, 0, 10.2, 8.5], "texture": "#1"}
			}
		},
		{
			"from": [-16, 18.5, -5.3],
			"to": [-6.8, 19.5, 3.2],
			"rotation": {"angle": 0, "axis": "y", "origin": [-16, 15.5, 0.7]},
			"faces": {
				"north": {"uv": [0, 0, 9.2, 1], "texture": "#1"},
				"east": {"uv": [0, 0, 8.5, 1], "texture": "#1"},
				"south": {"uv": [0, 0, 9.2, 1], "texture": "#1"},
				"west": {"uv": [0, 0, 8.5, 1], "texture": "#1"},
				"up": {"uv": [0, 0, 9.2, 8.5], "texture": "#1"},
				"down": {"uv": [0, 0, 9.2, 8.5], "texture": "#1"}
			}
		},
		{
			"from": [-16, 21.5, -5.3],
			"to": [-1.8, 22.5, 3.2],
			"rotation": {"angle": 0, "axis": "y", "origin": [-16, 18.5, 0.7]},
			"faces": {
				"north": {"uv": [0, 0, 14.2, 1], "texture": "#1"},
				"east": {"uv": [0, 0, 8.5, 1], "texture": "#1"},
				"south": {"uv": [0, 0, 14.2, 1], "texture": "#1"},
				"west": {"uv": [0, 0, 8.5, 1], "texture": "#1"},
				"up": {"uv": [0, 0, 14.2, 8.5], "texture": "#1"},
				"down": {"uv": [0, 0, 14.2, 8.5], "texture": "#1"}
			}
		},
		{
			"from": [-16, 22.5, -5.3],
			"to": [1.2, 23.5, 3.2],
			"rotation": {"angle": 0, "axis": "y", "origin": [-16, 19.5, 0.7]},
			"faces": {
				"north": {"uv": [0, 0, 16, 1], "texture": "#1"},
				"east": {"uv": [0, 0, 8.5, 1], "texture": "#1"},
				"south": {"uv": [0, 0, 16, 1], "texture": "#1"},
				"west": {"uv": [0, 0, 8.5, 1], "texture": "#1"},
				"up": {"uv": [0, 0, 16, 8.5], "texture": "#1"},
				"down": {"uv": [0, 0, 16, 8.5], "texture": "#1"}
			}
		},
		{
			"from": [-16, 23.5, -5.3],
			"to": [32, 24.5, 3.2],
			"rotation": {"angle": 0, "axis": "y", "origin": [-16, 20.5, 0.7]},
			"faces": {
				"north": {"uv": [0, 0, 16, 1], "texture": "#1"},
				"east": {"uv": [0, 0, 8.5, 1], "texture": "#1"},
				"south": {"uv": [0, 0, 16, 1], "texture": "#1"},
				"west": {"uv": [0, 0, 8.5, 1], "texture": "#1"},
				"up": {"uv": [0, 0, 16, 8.5], "texture": "#1"},
				"down": {"uv": [0, 0, 16, 8.5], "texture": "#1"}
			}
		},
		{
			"from": [14.7, 22.5, -5.3],
			"to": [31.9, 23.5, 3.2],
			"rotation": {"angle": 0, "axis": "y", "origin": [14.7, 19.5, 0.7]},
			"faces": {
				"north": {"uv": [0, 0, 16, 1], "texture": "#1"},
				"east": {"uv": [0, 0, 8.5, 1], "texture": "#1"},
				"south": {"uv": [0, 0, 16, 1], "texture": "#1"},
				"west": {"uv": [0, 0, 8.5, 1], "texture": "#1"},
				"up": {"uv": [0, 0, 16, 8.5], "texture": "#1"},
				"down": {"uv": [0, 0, 16, 8.5], "texture": "#1"}
			}
		},
		{
			"from": [17.7, 21.5, -5.3],
			"to": [31.9, 22.5, 3.2],
			"rotation": {"angle": 0, "axis": "y", "origin": [17.7, 18.5, 0.7]},
			"faces": {
				"north": {"uv": [0, 0, 14.2, 1], "texture": "#1"},
				"east": {"uv": [0, 0, 8.5, 1], "texture": "#1"},
				"south": {"uv": [0, 0, 14.2, 1], "texture": "#1"},
				"west": {"uv": [0, 0, 8.5, 1], "texture": "#1"},
				"up": {"uv": [0, 0, 14.2, 8.5], "texture": "#1"},
				"down": {"uv": [0, 0, 14.2, 8.5], "texture": "#1"}
			}
		},
		{
			"from": [19.7, 20.5, -5.3],
			"to": [31.9, 21.5, 3.2],
			"rotation": {"angle": 0, "axis": "y", "origin": [19.7, 17.5, 0.7]},
			"faces": {
				"north": {"uv": [0, 0, 12.2, 1], "texture": "#1"},
				"east": {"uv": [0, 0, 8.5, 1], "texture": "#1"},
				"south": {"uv": [0, 0, 12.2, 1], "texture": "#1"},
				"west": {"uv": [0, 0, 8.5, 1], "texture": "#1"},
				"up": {"uv": [0, 0, 12.2, 8.5], "texture": "#1"},
				"down": {"uv": [0, 0, 12.2, 8.5], "texture": "#1"}
			}
		},
		{
			"from": [21.7, 19.5, -5.3],
			"to": [31.9, 20.5, 3.2],
			"rotation": {"angle": 0, "axis": "y", "origin": [21.7, 16.5, 0.7]},
			"faces": {
				"north": {"uv": [0, 0, 10.2, 1], "texture": "#1"},
				"east": {"uv": [0, 0, 8.5, 1], "texture": "#1"},
				"south": {"uv": [0, 0, 10.2, 1], "texture": "#1"},
				"west": {"uv": [0, 0, 8.5, 1], "texture": "#1"},
				"up": {"uv": [0, 0, 10.2, 8.5], "texture": "#1"},
				"down": {"uv": [0, 0, 10.2, 8.5], "texture": "#1"}
			}
		},
		{
			"from": [22.7, 18.5, -5.3],
			"to": [31.9, 19.5, 3.2],
			"rotation": {"angle": 0, "axis": "y", "origin": [22.7, 15.5, 0.7]},
			"faces": {
				"north": {"uv": [0, 0, 9.2, 1], "texture": "#1"},
				"east": {"uv": [0, 0, 8.5, 1], "texture": "#1"},
				"south": {"uv": [0, 0, 9.2, 1], "texture": "#1"},
				"west": {"uv": [0, 0, 8.5, 1], "texture": "#1"},
				"up": {"uv": [0, 0, 9.2, 8.5], "texture": "#1"},
				"down": {"uv": [0, 0, 9.2, 8.5], "texture": "#1"}
			}
		},
		{
			"from": [23.7, 17.5, -5.3],
			"to": [31.9, 18.5, 3.2],
			"rotation": {"angle": 0, "axis": "y", "origin": [23.7, 14.5, 0.7]},
			"faces": {
				"north": {"uv": [0, 0, 8.2, 1], "texture": "#1"},
				"east": {"uv": [0, 0, 8.5, 1], "texture": "#1"},
				"south": {"uv": [0, 0, 8.2, 1], "texture": "#1"},
				"west": {"uv": [0, 0, 8.5, 1], "texture": "#1"},
				"up": {"uv": [0, 0, 8.2, 8.5], "texture": "#1"},
				"down": {"uv": [0, 0, 8.2, 8.5], "texture": "#1"}
			}
		},
		{
			"from": [24.7, 16.5, -5.3],
			"to": [31.9, 17.5, 3.2],
			"rotation": {"angle": 0, "axis": "y", "origin": [24.7, 13.5, 0.7]},
			"faces": {
				"north": {"uv": [0, 0, 7.2, 1], "texture": "#1"},
				"east": {"uv": [0, 0, 8.5, 1], "texture": "#1"},
				"south": {"uv": [0, 0, 7.2, 1], "texture": "#1"},
				"west": {"uv": [0, 0, 8.5, 1], "texture": "#1"},
				"up": {"uv": [0, 0, 7.2, 8.5], "texture": "#1"},
				"down": {"uv": [0, 0, 7.2, 8.5], "texture": "#1"}
			}
		},
		{
			"from": [25.7, 15.5, -5.3],
			"to": [31.9, 16.5, 3.2],
			"rotation": {"angle": 0, "axis": "y", "origin": [25.7, 12.5, 0.7]},
			"faces": {
				"north": {"uv": [0, 0, 6.2, 1], "texture": "#1"},
				"east": {"uv": [0, 0, 8.5, 1], "texture": "#1"},
				"south": {"uv": [0, 0, 6.2, 1], "texture": "#1"},
				"west": {"uv": [0, 0, 8.5, 1], "texture": "#1"},
				"up": {"uv": [0, 0, 6.2, 8.5], "texture": "#1"},
				"down": {"uv": [0, 0, 6.2, 8.5], "texture": "#1"}
			}
		},
		{
			"from": [27, 13.5, -5.3],
			"to": [31.8, 15.5, 3.2],
			"rotation": {"angle": 0, "axis": "y", "origin": [27, 11.5, 0.7]},
			"faces": {
				"north": {"uv": [0, 0, 4.8, 2], "texture": "#1"},
				"east": {"uv": [0, 0, 8.5, 2], "texture": "#1"},
				"south": {"uv": [0, 0, 4.8, 2], "texture": "#1"},
				"west": {"uv": [0, 0, 8.5, 2], "texture": "#1"},
				"up": {"uv": [0, 0, 4.8, 8.5], "texture": "#1"},
				"down": {"uv": [0, 0, 4.8, 8.5], "texture": "#1"}
			}
		},
		{
			"from": [29, 10.5, -5.3],
			"to": [31.9, 13.5, 3.2],
			"rotation": {"angle": 0, "axis": "y", "origin": [29, 8.5, 0.7]},
			"faces": {
				"north": {"uv": [0, 0, 2.9, 3], "texture": "#1"},
				"east": {"uv": [0, 0, 8.5, 3], "texture": "#1"},
				"south": {"uv": [0, 0, 2.9, 3], "texture": "#1"},
				"west": {"uv": [0, 0, 8.5, 3], "texture": "#1"},
				"up": {"uv": [0, 0, 2.9, 8.5], "texture": "#1"},
				"down": {"uv": [0, 0, 2.9, 8.5], "texture": "#1"}
			}
		},
		{
			"from": [30, 8.5, -5.3],
			"to": [32, 10.5, 3.2],
			"rotation": {"angle": 0, "axis": "y", "origin": [30, 8.5, 0.7]},
			"faces": {
				"north": {"uv": [0, 0, 2, 2], "texture": "#1"},
				"east": {"uv": [0, 0, 8.5, 2], "texture": "#1"},
				"south": {"uv": [0, 0, 2, 2], "texture": "#1"},
				"west": {"uv": [0, 0, 8.5, 2], "texture": "#1"},
				"up": {"uv": [0, 0, 2, 8.5], "texture": "#1"},
				"down": {"uv": [0, 0, 2, 8.5], "texture": "#1"}
			}
		},
		{
			"from": [31, 0, -5.3],
			"to": [32, 8.5, 3.2],
			"rotation": {"angle": 0, "axis": "y", "origin": [31, 8.5, 0.7]},
			"faces": {
				"north": {"uv": [0, 0, 1, 8.5], "texture": "#1"},
				"east": {"uv": [0, 0, 8.5, 8.5], "texture": "#1"},
				"south": {"uv": [0, 0, 1, 8.5], "texture": "#1"},
				"west": {"uv": [0, 0, 8.5, 8.5], "texture": "#1"},
				"up": {"uv": [0, 0, 1, 8.5], "texture": "#1"},
				"down": {"uv": [0, 0, 1, 8.5], "texture": "#1"}
			}
		}
	],
	"display": {
		"head": {
			"rotation": [0, -180, 0],
			"translation": [0, -19, 0],
			"scale": [1.6, 1.6, 1.6]
		}
	}
}