{
	"credit": "Made with Blockbench",
	"textures": {
		"0": "item/WEB",
		"particle": "item/WEB"
	},
	"elements": [
		{
			"from": [14, 0, 0],
			"to": [16, 24, 32],
			"faces": {
				"north": {"uv": [15, 0, 16, 16], "texture": "#0"},
				"east": {"uv": [0, 0, 16, 16], "texture": "#0"},
				"south": {"uv": [15, 0, 16, 16], "texture": "#0"},
				"west": {"uv": [15, 0, 16, 16], "texture": "#0"},
				"up": {"uv": [15, 0, 16, 16], "texture": "#0"},
				"down": {"uv": [15, 0, 16, 16], "texture": "#0"}
			}
		}
	],
	"display": {
		"head": {
			"translation": [21.25, 0, 0],
			"scale": [4, 4, 4]
		}
	}
}