{
	"credit": "Made with Blockbench",
	"textures": {
		"0": "item/logoweb1",
		"particle": "item/logoweb1"
	},
	"elements": [
		{
			"from": [-16, -16, -16],
			"to": [-16, 32, 16],
			"faces": {
				"north": {"uv": [0, 0, 1, 16], "texture": "#missing"},
				"east": {"uv": [0, 16, 16, 16], "texture": "#0"},
				"south": {"uv": [0, 0, 1, 16], "texture": "#missing"},
				"west": {"uv": [3.3125, 0.825, 7.9875, 12.0375], "texture": "#0"},
				"up": {"uv": [0, 0, 1, 16], "texture": "#missing"},
				"down": {"uv": [0, 0, 1, 16], "texture": "#missing"}
			}
		},
		{
			"from": [-16, -16, 16],
			"to": [16, 32, 16],
			"faces": {
				"north": {"uv": [0, 13.65, 16, 15.375], "texture": "#0"},
				"east": {"uv": [0, 0, 0, 16], "texture": "#missing"},
				"south": {"uv": [8, 0.825, 12.675, 12.0375], "texture": "#0"},
				"west": {"uv": [0, 0, 0, 16], "texture": "#missing"},
				"up": {"uv": [0, 0, 16, 0], "texture": "#missing"},
				"down": {"uv": [0, 0, 16, 0], "texture": "#missing"}
			}
		}
	],
	"display": {
		"head": {
			"rotation": [180, -42, 180],
			"translation": [-11.5, 49.5, 71.25],
			"scale": [4, 4, 4]
		}
	}
}