{
	"credit": "Made with Blockbench",
	"parent": "blocks/block",
	"textures": {
		"0": "item/lumiére",
		"1": "item/Noire",
		"particle": "item/lumiére"
	},
	"elements": [
		{
			"from": [11, 0, 3],
			"to": [12, 4, 4],
			"faces": {
				"north": {"uv": [0, 0, 1, 4], "texture": "#1"},
				"east": {"uv": [0, 0, 1, 4], "texture": "#1"},
				"south": {"uv": [0, 0, 1, 4], "texture": "#1"},
				"west": {"uv": [0, 0, 1, 4], "texture": "#1"},
				"up": {"uv": [0, 0, 1, 1], "texture": "#1"},
				"down": {"uv": [0, 0, 1, 1], "texture": "#1"}
			}
		},
		{
			"from": [11, 0, 4],
			"to": [12, 1.7, 10],
			"faces": {
				"north": {"uv": [0, 0, 1, 1.7], "texture": "#1"},
				"east": {"uv": [0, 0, 6, 1.7], "texture": "#1"},
				"south": {"uv": [0, 0, 1, 1.7], "texture": "#1"},
				"west": {"uv": [0, 0, 6, 1.7], "texture": "#1"},
				"up": {"uv": [0, 0, 1, 6], "texture": "#1"},
				"down": {"uv": [0, 0, 1, 6], "texture": "#1"}
			}
		},
		{
			"from": [9, 0.6, 8],
			"to": [11, 4.6, 10],
			"faces": {
				"north": {"uv": [8.36923, 9.84615, 9.36923, 10.84615], "texture": "#0"},
				"east": {"uv": [10.09231, 11.56923, 11.09231, 12.56923], "texture": "#0"},
				"south": {"uv": [12.55385, 10.58462, 13.55385, 11.58462], "texture": "#0"},
				"west": {"uv": [11.81538, 11.56923, 12.81538, 12.56923], "texture": "#0"},
				"up": {"uv": [9.6, 10.09231, 10.6, 11.09231], "texture": "#0"},
				"down": {"uv": [7.13846, 9.84615, 8.13846, 10.84615], "texture": "#0"}
			}
		},
		{
			"from": [7, 0.6, 6],
			"to": [9, 7.6, 8],
			"faces": {
				"north": {"uv": [8.36923, 9.84615, 9.36923, 12.34615], "texture": "#0"},
				"east": {"uv": [10.09231, 11.56923, 11.09231, 14.06923], "texture": "#0"},
				"south": {"uv": [12.55385, 10.58462, 13.55385, 13.08462], "texture": "#0"},
				"west": {"uv": [11.81538, 11.56923, 12.81538, 14.06923], "texture": "#0"},
				"up": {"uv": [9.6, 10.09231, 10.6, 11.09231], "texture": "#0"},
				"down": {"uv": [7.13846, 9.84615, 8.13846, 10.84615], "texture": "#0"}
			}
		},
		{
			"from": [6, 4.6, 8],
			"to": [7, 5.6, 9],
			"faces": {
				"north": {"uv": [10.33846, 11.56923, 10.83846, 12.06923], "texture": "#0"},
				"east": {"uv": [9.84615, 10.09231, 10.34615, 10.59231], "texture": "#0"},
				"south": {"uv": [12.06154, 10.83077, 12.56154, 11.33077], "texture": "#0"},
				"west": {"uv": [11.81538, 11.56923, 12.31538, 12.06923], "texture": "#0"},
				"up": {"uv": [8.61538, 10.09231, 9.11538, 10.59231], "texture": "#0"},
				"down": {"uv": [8.86154, 10.58462, 9.36154, 11.08462], "texture": "#0"}
			}
		},
		{
			"from": [11, 0, 10],
			"to": [12, 4, 11],
			"faces": {
				"north": {"uv": [0, 0, 1, 4], "texture": "#1"},
				"east": {"uv": [0, 0, 1, 4], "texture": "#1"},
				"south": {"uv": [0, 0, 1, 4], "texture": "#1"},
				"west": {"uv": [0, 0, 1, 4], "texture": "#1"},
				"up": {"uv": [0, 0, 1, 1], "texture": "#1"},
				"down": {"uv": [0, 0, 1, 1], "texture": "#1"}
			}
		},
		{
			"from": [4, 0, 10],
			"to": [5, 4, 11],
			"faces": {
				"north": {"uv": [0, 0, 1, 4], "texture": "#1"},
				"east": {"uv": [0, 0, 1, 4], "texture": "#1"},
				"south": {"uv": [0, 0, 1, 4], "texture": "#1"},
				"west": {"uv": [0, 0, 1, 4], "texture": "#1"},
				"up": {"uv": [0, 0, 1, 1], "texture": "#1"},
				"down": {"uv": [0, 0, 1, 1], "texture": "#1"}
			}
		},
		{
			"from": [4, 0, 4],
			"to": [5, 1.7, 10],
			"faces": {
				"north": {"uv": [0, 0, 1, 1.7], "texture": "#1"},
				"east": {"uv": [0, 0, 6, 1.7], "texture": "#1"},
				"south": {"uv": [0, 0, 1, 1.7], "texture": "#1"},
				"west": {"uv": [0, 0, 6, 1.7], "texture": "#1"},
				"up": {"uv": [0, 0, 1, 6], "texture": "#1"},
				"down": {"uv": [0, 0, 1, 6], "texture": "#1"}
			}
		},
		{
			"from": [4, 0, 3],
			"to": [5, 4, 4],
			"faces": {
				"north": {"uv": [0, 0, 1, 4], "texture": "#1"},
				"east": {"uv": [0, 0, 1, 4], "texture": "#1"},
				"south": {"uv": [0, 0, 1, 4], "texture": "#1"},
				"west": {"uv": [0, 0, 1, 4], "texture": "#1"},
				"up": {"uv": [0, 0, 1, 1], "texture": "#1"},
				"down": {"uv": [0, 0, 1, 1], "texture": "#1"}
			}
		},
		{
			"from": [5, 0, 3],
			"to": [11, 1.7, 10],
			"faces": {
				"north": {"uv": [0, 0, 6, 1.7], "texture": "#1"},
				"east": {"uv": [0, 0, 7, 1.7], "texture": "#1"},
				"south": {"uv": [0, 0, 6, 1.7], "texture": "#1"},
				"west": {"uv": [0, 0, 7, 1.7], "texture": "#1"},
				"up": {"uv": [0, 0, 7, 6], "rotation": 270, "texture": "#1"},
				"down": {"uv": [0, 0, 7, 6], "rotation": 90, "texture": "#1"}
			}
		},
		{
			"from": [5, 0, 10],
			"to": [11, 1.7, 11],
			"faces": {
				"north": {"uv": [0, 0, 6, 1.7], "texture": "#1"},
				"east": {"uv": [0, 0, 1, 1.7], "texture": "#1"},
				"south": {"uv": [0, 0, 6, 1.7], "texture": "#1"},
				"west": {"uv": [0, 0, 1, 1.7], "texture": "#1"},
				"up": {"uv": [0, 0, 1, 6], "rotation": 270, "texture": "#1"},
				"down": {"uv": [0, 0, 1, 6], "rotation": 90, "texture": "#1"}
			}
		},
		{
			"from": [5, 0.6, 8],
			"to": [7, 4.6, 10],
			"faces": {
				"north": {"uv": [8.36923, 9.84615, 9.36923, 10.84615], "texture": "#0"},
				"east": {"uv": [10.09231, 11.56923, 11.09231, 12.56923], "texture": "#0"},
				"south": {"uv": [12.55385, 10.58462, 13.55385, 11.58462], "texture": "#0"},
				"west": {"uv": [11.81538, 11.56923, 12.81538, 12.56923], "texture": "#0"},
				"up": {"uv": [9.6, 10.09231, 10.6, 11.09231], "texture": "#0"},
				"down": {"uv": [7.13846, 9.84615, 8.13846, 10.84615], "texture": "#0"}
			}
		},
		{
			"from": [5, 0.6, 4],
			"to": [7, 4.6, 6],
			"faces": {
				"north": {"uv": [8.36923, 9.84615, 9.36923, 10.84615], "texture": "#0"},
				"east": {"uv": [10.09231, 11.56923, 11.09231, 12.56923], "texture": "#0"},
				"south": {"uv": [12.55385, 10.58462, 13.55385, 11.58462], "texture": "#0"},
				"west": {"uv": [11.81538, 11.56923, 12.81538, 12.56923], "texture": "#0"},
				"up": {"uv": [9.6, 10.09231, 10.6, 11.09231], "texture": "#0"},
				"down": {"uv": [7.13846, 9.84615, 8.13846, 10.84615], "texture": "#0"}
			}
		},
		{
			"from": [9, 0.6, 4],
			"to": [11, 4.6, 6],
			"faces": {
				"north": {"uv": [8.36923, 9.84615, 9.36923, 10.84615], "texture": "#0"},
				"east": {"uv": [10.09231, 11.56923, 11.09231, 12.56923], "texture": "#0"},
				"south": {"uv": [12.55385, 10.58462, 13.55385, 11.58462], "texture": "#0"},
				"west": {"uv": [11.81538, 11.56923, 12.81538, 12.56923], "texture": "#0"},
				"up": {"uv": [9.6, 10.09231, 10.6, 11.09231], "texture": "#0"},
				"down": {"uv": [7.13846, 9.84615, 8.13846, 10.84615], "texture": "#0"}
			}
		},
		{
			"from": [9, 4.6, 8],
			"to": [10, 5.6, 9],
			"faces": {
				"north": {"uv": [10.33846, 11.56923, 10.83846, 12.06923], "texture": "#0"},
				"east": {"uv": [9.84615, 10.09231, 10.34615, 10.59231], "texture": "#0"},
				"south": {"uv": [12.06154, 10.83077, 12.56154, 11.33077], "texture": "#0"},
				"west": {"uv": [11.81538, 11.56923, 12.31538, 12.06923], "texture": "#0"},
				"up": {"uv": [8.61538, 10.09231, 9.11538, 10.59231], "texture": "#0"},
				"down": {"uv": [8.86154, 10.58462, 9.36154, 11.08462], "texture": "#0"}
			}
		},
		{
			"from": [9, 4.6, 5],
			"to": [10, 5.6, 6],
			"faces": {
				"north": {"uv": [10.33846, 11.56923, 10.83846, 12.06923], "texture": "#0"},
				"east": {"uv": [9.84615, 10.09231, 10.34615, 10.59231], "texture": "#0"},
				"south": {"uv": [12.06154, 10.83077, 12.56154, 11.33077], "texture": "#0"},
				"west": {"uv": [11.81538, 11.56923, 12.31538, 12.06923], "texture": "#0"},
				"up": {"uv": [8.61538, 10.09231, 9.11538, 10.59231], "texture": "#0"},
				"down": {"uv": [8.86154, 10.58462, 9.36154, 11.08462], "texture": "#0"}
			}
		},
		{
			"from": [6, 4.6, 5],
			"to": [7, 5.6, 6],
			"faces": {
				"north": {"uv": [10.33846, 11.56923, 10.83846, 12.06923], "texture": "#0"},
				"east": {"uv": [9.84615, 10.09231, 10.34615, 10.59231], "texture": "#0"},
				"south": {"uv": [12.06154, 10.83077, 12.56154, 11.33077], "texture": "#0"},
				"west": {"uv": [11.81538, 11.56923, 12.31538, 12.06923], "texture": "#0"},
				"up": {"uv": [8.61538, 10.09231, 9.11538, 10.59231], "texture": "#0"},
				"down": {"uv": [8.86154, 10.58462, 9.36154, 11.08462], "texture": "#0"}
			}
		},
		{
			"from": [9, 0.6, 6],
			"to": [11, 6.6, 8],
			"faces": {
				"north": {"uv": [8.36923, 9.84615, 9.36923, 11.84615], "texture": "#0"},
				"east": {"uv": [10.09231, 11.56923, 11.09231, 13.56923], "texture": "#0"},
				"south": {"uv": [12.55385, 10.58462, 13.55385, 12.58462], "texture": "#0"},
				"west": {"uv": [11.81538, 11.56923, 12.81538, 13.56923], "texture": "#0"},
				"up": {"uv": [9.6, 10.09231, 10.6, 11.09231], "texture": "#0"},
				"down": {"uv": [7.13846, 9.84615, 8.13846, 10.84615], "texture": "#0"}
			}
		},
		{
			"from": [5, 0.6, 6],
			"to": [7, 6.6, 8],
			"faces": {
				"north": {"uv": [8.36923, 9.84615, 9.36923, 11.84615], "texture": "#0"},
				"east": {"uv": [10.09231, 11.56923, 11.09231, 13.56923], "texture": "#0"},
				"south": {"uv": [12.55385, 10.58462, 13.55385, 12.58462], "texture": "#0"},
				"west": {"uv": [11.81538, 11.56923, 12.81538, 13.56923], "texture": "#0"},
				"up": {"uv": [9.6, 10.09231, 10.6, 11.09231], "texture": "#0"},
				"down": {"uv": [7.13846, 9.84615, 8.13846, 10.84615], "texture": "#0"}
			}
		},
		{
			"from": [7, 0.6, 4],
			"to": [9, 6.6, 6],
			"faces": {
				"north": {"uv": [8.36923, 9.84615, 9.36923, 11.84615], "texture": "#0"},
				"east": {"uv": [10.09231, 11.56923, 11.09231, 13.56923], "texture": "#0"},
				"south": {"uv": [12.55385, 10.58462, 13.55385, 12.58462], "texture": "#0"},
				"west": {"uv": [11.81538, 11.56923, 12.81538, 13.56923], "texture": "#0"},
				"up": {"uv": [9.6, 10.09231, 10.6, 11.09231], "texture": "#0"},
				"down": {"uv": [7.13846, 9.84615, 8.13846, 10.84615], "texture": "#0"}
			}
		},
		{
			"from": [7, 0.6, 8],
			"to": [9, 6.6, 10],
			"faces": {
				"north": {"uv": [8.36923, 9.84615, 9.36923, 11.84615], "texture": "#0"},
				"east": {"uv": [10.09231, 11.56923, 11.09231, 13.56923], "texture": "#0"},
				"south": {"uv": [12.55385, 10.58462, 13.55385, 12.58462], "texture": "#0"},
				"west": {"uv": [11.81538, 11.56923, 12.81538, 13.56923], "texture": "#0"},
				"up": {"uv": [9.6, 10.09231, 10.6, 11.09231], "texture": "#0"},
				"down": {"uv": [7.13846, 9.84615, 8.13846, 10.84615], "texture": "#0"}
			}
		}
	],
	"gui_light": "front",
	"display": {
		"thirdperson_righthand": {
			"translation": [0, 8, 0]
		},
		"thirdperson_lefthand": {
			"translation": [0, 7.75, 0]
		},
		"firstperson_righthand": {
			"translation": [3.5, 8, -0.25]
		},
		"firstperson_lefthand": {
			"translation": [2.5, 9.25, 1.25]
		},
		"ground": {
			"translation": [0, 5.5, 0]
		},
		"gui": {
			"rotation": [90, 16, 39],
			"translation": [-7, -2.75, 0],
			"scale": [2, 2, 2]
		},
		"head": {
			"rotation": [-60, 0, 0],
			"translation": [0, 12, -9]
		},
		"fixed": {
			"rotation": [-90, 0, 0],
			"translation": [0, 0, -15],
			"scale": [2, 2, 2]
		}
	}
}